length_url,nb_dots,nb_hyphens,nb_at,domain_age,domain_registration_length,web_traffic,google_index,page_rank,links_in_tags,phish_hints,status
37,3,0,0,-1,45,0,1,4,80.0,0,0
77,1,0,0,5767,77,0,1,2,100.0,0,1
126,4,1,0,4004,14,5828815,1,0,100.0,0,1
18,2,0,0,-1,62,107721,0,3,100.0,0,0
55,2,2,0,8175,224,8725,0,6,76.47058824,0,0
32,3,1,0,-1,0,0,1,0,100.0,0,1
19,2,0,0,7529,170,0,0,1,0.0,0,0
81,2,0,0,5767,76,0,1,2,100.0,0,1
42,2,0,0,7298,371,0,0,5,0.0,0,0
104,1,10,0,9368,128,6774,0,5,93.10344828,1,0
56,3,0,0,-1,0,1627089,0,2,100.0,0,0
43,2,3,0,7911,489,944,0,6,100.0,0,0
83,1,9,0,1505,320,158942,0,4,100.0,0,0
31,2,0,0,1761,66,1173197,1,4,0.0,0,1
25,2,0,0,2041,880,4297684,0,2,82.35294118,0,0
51,3,0,0,3892,490,0,0,4,100.0,0,1
31,2,0,0,8301,3069,99386,0,4,100.0,0,0
50,2,0,0,2316,1337,0,1,0,100.0,0,1
34,2,0,0,2935,352,0,1,0,0.0,0,1
27,2,0,0,3932,451,927214,0,2,66.66666667,0,0
63,3,2,0,8759,70,26017,0,5,92.59259259,0,0
66,2,4,0,5647,926,1040,0,6,76.92307692,0,0
40,2,0,0,1184,277,0,1,0,100.0,0,1
48,1,3,0,3476,541,4672316,0,4,100.0,0,0
126,4,1,0,3993,25,5707171,1,0,100.0,0,1
41,2,0,0,7296,373,0,1,5,46.15384615,0,1
36,2,0,0,6989,315,2203390,0,4,100.0,0,0
72,2,7,0,4845,634,5964,0,5,66.66666667,0,0
68,4,0,0,3993,25,5707171,1,0,100.0,0,1
163,4,9,1,-1,0,0,1,0,66.66666667,1,1
26,2,0,0,1170,290,390047,0,4,92.85714286,0,0
64,2,0,0,1237,224,0,1,1,20.0,0,1
36,4,0,0,5627,217,0,1,5,0.0,0,1
61,2,0,0,3767,251,9264543,1,0,0.0,0,1
66,2,0,0,9316,911,13,0,7,0.0,0,0
35,2,0,0,7849,125,0,0,4,0.0,0,0
113,5,0,0,3920,97,0,0,2,96.66666667,0,1
41,2,4,0,5159,1049,0,0,8,40.0,0,0
23,2,1,0,-1,78,74862,0,3,100.0,0,0
31,2,1,0,5230,248,5828226,0,7,72.22222222,1,0
84,2,2,0,3125,162,0,1,1,100.0,4,1
29,2,0,0,5026,88,544886,1,4,100.0,0,1
98,2,2,0,2300,257,0,1,2,40.0,2,1
15,1,0,0,2580,0,1671658,0,2,94.44444444,0,0
65,2,0,0,5825,3305,7698,0,7,100.0,0,0
131,2,1,0,8019,381,0,1,4,7.692307692000001,0,1
50,2,1,0,7839,197,607,0,6,31.25,0,0
51,2,0,0,2306,250,0,1,0,0.0,0,1
45,3,0,0,-1,0,6431,0,6,94.73684211,0,0
159,2,0,0,1500,325,0,1,0,100.0,0,1
44,2,1,0,2739,1278,11657,1,6,93.75,0,1
103,3,1,1,134,231,1508317,1,2,45.45454545,0,1
46,4,0,0,7802,517,0,1,5,0.0,0,1
45,2,0,0,7133,902,12,0,7,100.0,0,0
51,3,0,0,1690,137,0,1,2,28.57142857,0,1
38,3,0,0,1588,237,0,1,0,82.85714286,0,1
81,2,0,0,5767,77,0,1,2,100.0,0,1
112,2,10,0,7615,133,2190,0,5,52.63157895,0,0
39,2,0,0,8348,2974,1,0,10,50.0,2,1
99,2,2,0,8348,2974,1,1,10,33.33333333,1,1
45,2,1,0,6989,315,2203390,1,4,100.0,0,0
60,5,1,0,5615,228,0,1,5,0.0,2,1
74,3,0,0,9327,1630,4053,0,5,0.0,0,0
61,3,3,0,3561,92,6010,0,4,100.0,0,0
40,4,0,0,5614,230,0,0,5,0.0,0,1
52,3,0,0,5408,148,0,1,1,0.0,0,1
88,7,1,1,8346,2976,1,1,10,0.0,0,1
74,2,0,0,5877,3253,24587,0,5,83.33333333,0,0
46,2,1,0,2633,288,827,1,7,7.692307692000001,0,0
54,3,0,0,6512,792,1680566,0,4,0.0,0,0
54,1,1,0,-1,0,0,1,0,0.0,1,1
38,2,0,0,7134,901,12,1,7,100.0,0,0
67,2,3,0,9394,102,1294,0,6,59.375,0,0
62,5,1,0,5044,0,0,1,0,0.0,2,1
59,3,0,0,2573,1078,0,1,0,100.0,1,1
57,4,0,0,1246,944,7048,1,4,0.0,0,1
32,1,1,0,2872,50,8400,0,3,63.63636364,0,0
46,2,0,0,4537,212,0,1,1,0.0,0,1
37,2,0,0,7133,902,12,0,7,100.0,0,0
36,2,0,0,7295,374,0,1,5,0.0,0,1
52,2,0,0,973,123,8238037,1,2,0.0,1,1
32,2,0,0,7296,374,0,1,5,0.0,0,1
34,1,0,0,7491,179,63,0,10,50.0,0,0
27,3,0,0,-1,413,479698,0,2,25.0,0,0
92,2,1,0,-1,0,0,1,1,100.0,3,1
102,2,7,0,8442,323,43102,0,5,61.11111111,0,0
32,2,0,0,2277,2470,2426481,0,3,0.0,0,0
29,2,0,0,1800,27,0,0,3,58.33333333,0,0
119,4,1,0,-1,1011,0,1,4,82.35294118,3,1
59,2,0,0,3952,65,3862928,0,4,97.5,1,0
54,2,2,0,4855,258,128132,0,4,0.0,0,0
151,3,1,1,166,201,0,1,0,60.0,0,1
84,3,5,0,4093,654,52436,0,4,58.82352941,0,0
55,3,1,0,-1,0,1080262,1,2,60.0,3,1
18,1,0,0,-1,0,294723,0,2,41.66666667,0,0
39,2,0,0,8516,2808,8,0,10,12.5,0,0
28,2,1,0,7689,347,381695,0,3,100.0,0,0
32,3,1,0,5913,295,86462,0,5,81.81818182,0,0
16,1,0,0,-1,0,2346124,0,2,66.66666667,0,0
23,1,0,0,4141,241,0,1,0,0.0,0,1
29,3,0,0,4664,85,0,0,4,0.0,0,0
29,2,0,0,317,49,0,0,0,100.0,0,1
41,2,0,0,4566,2009,44445,0,5,60.0,0,0
22,1,0,0,-1,0,3523,1,9,27.27272727,0,1
52,3,0,0,657,438,0,1,0,0.0,0,1
38,3,0,0,-1,0,9412550,1,2,0.0,0,1
30,3,0,0,-1,0,0,0,2,9.090909091,0,0
76,4,1,0,3993,25,5707171,1,0,100.0,0,1
430,24,0,1,-1,0,0,1,0,0.0,3,1
37,2,0,0,4823,291,212735,1,4,100.0,0,0
73,3,5,0,11046,277,545,0,6,90.0,0,0
56,2,0,0,2939,347,0,1,0,0.0,0,1
70,1,7,0,3385,2825,12180,1,5,0.0,0,0
70,3,0,0,7802,517,0,1,5,0.0,0,1
52,2,1,0,-1,120,241891,1,5,100.0,0,0
31,2,1,0,5366,113,3913090,0,2,0.0,0,0
90,4,0,0,2112,79,0,1,1,93.33333333,1,1
45,3,0,0,7156,150,2272,0,3,86.66666667,0,0
55,3,0,0,7602,1164,145276,0,4,40.0,0,0
65,3,2,0,135,230,0,1,0,100.0,0,1
41,2,1,0,1546,644,4669,1,2,3.50877193,0,1
71,2,1,0,7,358,0,1,0,6.976744186,0,1
83,2,0,0,8348,2973,1,1,10,0.0,1,1
73,1,1,0,-1,321,0,1,0,100.0,0,1
44,2,2,0,184,182,0,1,0,100.0,0,1
114,4,1,0,2403,154,819233,0,3,100.0,2,1
127,4,1,0,3992,25,5697976,1,0,100.0,0,1
99,4,0,1,254,112,0,0,0,50.0,0,1
56,2,1,0,6041,169,0,1,1,100.0,1,1
51,3,0,0,7284,1847,2788,1,7,0.0,0,0
51,5,0,0,-1,0,0,1,0,100.0,3,1
40,2,1,0,-1,0,1166803,0,3,96.0,0,0
33,3,0,0,5111,0,5692030,1,1,91.89189189,1,1
88,2,5,0,8024,2202,88431,0,5,84.21052632,0,0
122,2,0,0,5993,946,5488,0,7,40.0,0,0
53,3,0,0,2684,237,188662,0,4,20.0,0,0
46,6,1,0,725,0,23941,1,1,100.0,0,1
31,2,0,0,3754,264,3847776,0,4,53.84615385,0,0
48,2,2,0,5381,827,299694,0,5,7.407407407000001,0,0
101,2,0,0,3743,275,0,1,2,45.45454545,1,1
41,3,0,0,5416,62,435027,0,3,0.0,0,0
43,4,0,0,1901,290,0,1,0,0.0,1,1
15,1,0,0,3937,81,0,0,2,0.0,0,0
42,3,3,0,6668,1001,1677903,1,4,100.0,0,0
51,1,3,0,4413,3621,225825,0,5,50.0,0,0
48,3,3,0,3983,361,0,1,0,0.0,0,1
49,1,0,0,7732,304,81846,0,5,100.0,0,0
25,1,1,0,2647,275,0,0,1,100.0,0,1
49,2,2,0,9285,59,121,0,7,78.57142857,0,0
48,3,1,0,8047,353,1577,0,5,89.36170213,0,0
108,4,1,1,531,200,0,1,0,75.0,3,1
39,2,0,0,1028,0,0,1,0,0.0,0,1
80,4,3,0,5334,145,1137149,1,4,83.33333333,0,0
36,2,1,0,7602,69,2368410,1,4,100.0,0,0
28,2,1,0,6460,161,1119897,0,4,34.48275862,0,0
33,2,0,0,1953,2430,4365,1,3,0.0,1,1
23,3,0,0,-1,1156,7600,0,4,55.55555556,0,0
77,2,5,0,5224,984,137,0,8,50.0,0,0
342,5,6,1,-1,0,1554194,1,2,66.66666667,1,1
38,2,1,0,189,177,0,1,2,100.0,0,1
73,2,5,0,6203,7,38365,1,5,44.82758621,2,0
33,2,0,0,5639,204,2,0,10,58.33333333,0,0
67,3,1,0,1785,42,7811868,1,2,0.0,0,1
39,2,0,0,6431,873,15489,1,5,100.0,0,0
24,2,0,0,2254,302,219358,0,4,97.5308642,0,0
26,2,0,0,-1,0,543542,0,3,90.90909091,0,0
39,2,0,0,9253,245,21542,0,6,0.0,0,0
62,3,1,0,5825,18,0,1,0,0.0,0,1
41,2,1,0,1899,292,507771,1,1,83.33333333,2,1
40,2,0,0,7295,374,0,1,5,0.0,0,1
51,3,2,0,4120,262,632334,0,3,100.0,0,0
59,2,3,0,3650,366,7053,1,5,100.0,0,0
50,3,0,0,8044,3483,2580,0,6,0.0,0,0
52,2,1,0,6831,0,0,1,0,81.81818182,0,1
43,2,1,0,3904,114,0,1,0,0.0,0,1
94,3,4,0,4183,278,0,1,3,0.0,0,1
60,4,0,0,2403,519,62284,0,3,100.0,0,0
18,1,0,0,-1,0,1111694,0,2,85.71428571,0,0
204,2,1,0,7968,3353,892,0,7,40.0,1,1
94,7,0,1,8346,2975,1,0,10,0.0,1,1
41,4,1,0,-1,170,0,1,0,87.5,0,1
19,2,0,0,1154,307,0,1,0,100.0,0,1
35,2,1,0,3608,44,0,1,0,0.0,0,1
63,3,0,0,2870,51,0,1,2,0.0,0,1
53,2,0,0,5972,237,0,1,0,0.0,0,1
75,4,3,0,5616,228,0,1,5,0.0,1,1
35,2,0,0,6381,0,0,1,3,0.0,0,1
210,4,1,0,8348,2974,1,0,10,0.0,0,1
44,1,2,0,4825,1384,128305,0,5,100.0,0,0
150,5,0,0,4405,343,0,1,0,0.0,0,1
39,3,1,0,570,161,0,1,2,0.0,0,1
64,2,1,0,3381,0,6240092,1,2,0.0,2,1
106,4,4,0,4681,433,4701900,0,3,0.0,0,1
34,2,0,0,-1,0,5496959,0,0,85.71428571,0,1
65,2,0,0,7133,901,12,0,7,100.0,0,0
60,3,1,0,2290,266,10725245,1,2,0.0,3,1
25,1,0,0,896,200,0,1,0,100.0,0,1
39,2,0,0,6901,1865,11507,0,5,72.22222222,0,0
38,3,1,0,3899,118,207904,0,4,94.73684211,0,0
129,2,1,0,-2,213,9675493,1,0,100.0,0,1
52,2,2,0,9224,342,18386,0,5,92.85714286,0,0
30,3,0,0,-1,0,0,1,0,0.0,0,1
33,2,0,0,7449,586,0,0,8,68.08510638,0,0
118,3,6,0,7287,2184,0,0,4,40.0,0,0
27,1,1,0,2625,0,8571696,0,2,57.14285714,0,0
78,3,0,0,11192,495,1465,0,6,0.0,0,0
35,2,1,0,2839,83,0,1,2,100.0,0,1
32,1,1,0,-1,0,5497323,1,0,98.07692308,0,1
64,5,3,0,5615,228,0,1,5,0.0,2,1
24,3,0,0,4996,1213,179875,0,4,46.66666667,0,0
68,3,0,0,3526,127,24047,0,5,62.5,0,0
41,2,0,0,7130,905,12,0,7,100.0,0,0
48,2,0,0,7134,901,13,0,7,100.0,0,0
29,2,0,0,3904,114,0,0,2,50.0,0,0
24,2,0,0,2980,2864,1168093,0,2,66.66666667,0,0
50,3,0,0,7427,1703,193,0,7,71.42857143,2,0
126,4,1,0,3992,25,5697976,1,0,100.0,0,1
39,2,0,0,8627,263,5781,0,6,76.0,0,0
102,1,1,0,2047,145,0,1,0,85.71428571,3,1
31,2,0,0,2425,496,0,0,2,64.28571429,0,0
86,3,1,0,5826,18,0,1,0,0.0,0,1
78,2,4,0,6068,507,4211,0,4,4.761904762,0,0
29,3,0,0,3477,0,7290834,0,2,20.0,0,0
33,2,0,0,8965,1261,70,0,8,0.0,0,0
27,1,1,0,7,723,0,0,0,0.0,0,1
24,2,0,0,-1,0,373207,0,2,100.0,0,0
39,2,0,0,6096,479,83476,0,4,80.76923077,0,0
28,2,1,0,5903,1767,0,0,4,100.0,0,0
102,3,0,0,5627,217,0,0,5,93.10344828,0,1
43,2,0,0,4153,229,124314,1,4,100.0,0,0
27,2,0,0,4764,349,199026,0,4,50.0,0,0
101,2,9,0,9744,117,962,0,7,45.45454545,0,0
60,3,3,0,3163,124,1323034,0,4,62.5,0,0
38,3,0,0,-1,0,98458,0,4,95.12195122,0,0
19,1,0,0,2088,834,0,1,0,0.0,0,1
137,3,0,0,4162,220,376041,1,5,90.0,0,0
263,14,1,0,-1,299,0,1,0,0.0,1,1
22,1,0,0,-1,0,3536,1,9,10.0,0,1
89,3,0,0,918,178,0,1,0,100.0,4,1
28,2,0,0,5890,683,2487034,0,3,28.57142857,0,0
49,3,0,0,8046,353,1577,0,5,88.88888889,0,0
45,4,2,0,5616,228,0,1,5,0.0,1,1
30,2,0,0,5442,36,0,0,2,24.59016393,0,1
54,2,1,0,3188,99,9820235,1,2,0.0,2,1
29,2,0,0,-1,0,0,0,2,0.0,0,0
86,3,1,1,3977,406,0,1,2,0.0,1,1
26,2,0,0,1,364,0,1,0,0.0,0,1
83,2,0,0,4549,199,146,0,7,0.0,0,0
49,2,1,0,1,363,9657236,1,0,100.0,0,1
33,2,0,0,8969,1257,70,0,8,0.0,0,0
40,2,0,0,9205,293,692,0,6,90.47619048,0,0
56,2,3,0,8697,1994,25617,1,5,83.33333333,0,0
27,2,0,0,3873,145,2192611,0,2,0.0,0,0
70,3,4,0,4821,293,151781,0,3,36.36363636,0,0
128,10,0,0,65,300,0,1,0,0.0,2,1
25,1,0,0,-1,0,0,1,6,0.0,0,1
33,2,0,0,8517,2807,8,0,10,28.57142857,0,0
52,2,1,0,3118,900,258,0,7,0.0,0,0
31,2,0,0,7318,351,19471,0,5,7.692307692000001,0,0
41,2,0,0,7295,374,0,1,5,0.0,0,1
33,2,0,0,6022,187,4222108,0,2,0.0,0,0
32,1,1,0,1,363,0,1,0,0.0,0,1
66,3,1,0,3346,307,0,0,1,75.0,0,0
85,2,7,0,5409,1165,9424,0,6,0.0,1,0
52,2,0,0,7129,906,12,0,7,100.0,0,0
109,3,8,0,4300,448,17917,0,5,75.0,0,0
84,1,6,0,2785,136,456652,0,4,15.0,0,0
110,2,1,0,8346,2976,1,0,10,0.0,2,1
171,2,1,0,1095,730,3898136,1,0,100.0,3,1
17,1,0,0,-1,0,1860135,0,3,75.0,0,0
19,1,0,0,7557,0,3080310,0,2,100.0,0,0
98,4,0,0,-1,0,0,1,0,100.0,1,1
32,2,0,0,2581,340,3704884,1,4,40.0,0,1
28,3,0,0,-1,0,5759582,0,4,89.47368421,0,0
64,3,0,0,7083,952,17964,1,3,0.0,0,1
40,2,0,0,7133,902,12,0,7,100.0,0,0
132,2,1,0,8019,381,0,1,4,7.692307692000001,0,1
124,2,2,0,8019,381,0,1,4,0.0,0,1
51,2,0,0,3747,270,0,1,2,50.0,1,1
141,2,0,0,-1,0,0,1,0,64.28571429,1,1
21,2,0,0,4924,189,0,0,1,50.0,0,0
53,2,0,0,11205,116,173087,1,5,100.0,0,0
27,2,0,0,-1,112,0,0,3,62.5,0,0
76,2,0,0,1379,446,0,1,0,100.0,0,1
79,2,6,0,4133,615,3807718,1,4,85.0,0,0
35,2,0,0,7169,135,3198502,0,2,66.66666667,0,0
56,3,2,0,6842,827,74297,0,5,100.0,0,0
49,3,0,0,7705,1791,549152,1,5,0.0,0,0
41,2,0,0,6769,900,114612,0,5,96.42857143,0,0
84,2,0,0,-1,0,0,1,0,100.0,0,1
29,2,0,0,8309,91,891412,0,5,80.0,0,0
21,2,0,0,-1,0,405272,0,3,97.56097561,0,0
35,3,0,0,5572,271,126063,0,5,100.0,0,0
28,2,2,0,-1,0,642658,0,3,0.0,0,0
97,5,0,1,-1,0,2656129,0,3,100.0,0,1
36,1,0,0,2744,543,0,0,0,0.0,0,1
63,3,2,0,8176,1685,1489770,1,4,100.0,0,0
24,2,0,0,3086,202,2742704,0,2,84.375,0,0
85,2,1,0,4505,607,0,1,0,100.0,5,1
56,5,2,0,5627,217,0,1,5,0.0,0,1
49,2,0,0,393,338,0,1,0,100.0,1,1
23,1,0,0,-2,138,0,1,0,100.0,0,1
64,2,1,0,2232,324,0,1,0,16.66666667,3,1
46,3,1,0,205,525,6985854,1,0,20.0,0,1
36,2,0,0,1880,677,0,1,0,100.0,0,1
29,2,0,0,5904,1766,3369493,0,4,100.0,0,0
55,2,1,0,6831,0,0,1,0,81.81818182,0,1
45,2,0,0,6260,2505,683,0,6,61.53846154,0,0
33,2,0,0,-1,665,1120148,0,4,91.30434783,0,0
231,3,1,0,-1,63,0,1,0,100.0,5,1
30,2,0,0,-1,0,0,1,0,100.0,0,1
31,2,0,0,6749,190,581257,0,4,81.81818182,0,0
27,2,1,0,-1,251,0,0,3,0.0,0,0
58,2,4,0,7913,487,0,0,6,100.0,0,0
28,2,0,0,7296,373,1726750,0,5,11.76470588,0,0
25,2,0,0,2568,354,286071,0,5,83.33333333,0,0
87,5,0,0,1302,159,0,1,0,97.22222222,0,1
28,2,0,0,5230,248,0,1,7,93.75,0,0
133,2,12,0,5956,252,4922,1,6,0.0,0,0
26,3,0,0,-1,0,353666,0,4,50.0,0,0
36,1,0,0,6478,1191,0,1,1,96.77419355,0,1
29,1,0,0,990,106,785858,0,1,50.0,1,1
37,2,1,0,7295,374,0,1,5,0.0,0,1
33,2,0,0,4893,220,1371632,0,4,94.28571429,0,0
47,2,4,0,5886,1418,184,0,6,69.23076923,0,0
26,2,0,0,7753,3205,15139,0,5,0.0,0,0
93,5,1,1,4250,132,0,1,1,100.0,0,1
44,4,0,0,12706,0,3016,0,6,100.0,0,0
34,2,0,0,7308,726,0,1,0,0.0,0,1
63,2,5,0,2190,732,156610,0,4,0.0,0,0
56,5,2,0,5613,230,0,1,5,33.33333333,0,1
28,2,0,0,5614,230,0,1,5,0.0,0,1
51,3,4,0,4478,270,625153,0,5,33.33333333,0,0
50,3,0,0,3141,147,0,1,3,95.91836735,0,1
70,3,1,0,7696,339,54169,0,5,100.0,0,0
41,2,0,0,-1,0,4254948,0,4,50.0,0,0
74,2,4,0,5615,3151,1156,0,5,0.0,0,0
26,2,0,0,8018,17,5075341,0,3,95.0,0,0
114,3,10,0,4093,654,56400,0,4,93.5483871,0,0
49,1,1,0,-1,0,641733,1,2,0.0,3,1
26,2,0,0,-1,0,7358750,0,2,28.57142857,0,0
42,2,1,0,9897,694,183,0,8,0.0,0,0
28,1,0,0,1352,0,7246656,0,2,85.71428571,0,0
29,2,0,0,-1,0,75756,0,5,0.0,0,0
32,2,0,0,-1,230,1316122,1,3,30.0,0,0
34,2,1,0,2706,215,0,1,4,50.0,0,1
51,2,1,0,3934,84,0,1,0,0.0,0,1
78,2,7,0,7596,75,4058,0,6,87.17948718,1,0
43,4,0,0,3429,224,0,1,0,100.0,0,1
154,2,1,0,8018,381,0,1,4,0.0,0,1
35,3,0,0,3345,308,270265,0,3,10.14492754,0,0
54,3,1,0,-1,1964,0,0,2,57.14285714,0,0
35,2,0,0,3047,240,0,0,0,50.0,0,0
25,1,0,0,1549,0,3205318,0,3,0.0,0,0
27,2,0,0,1626,201,0,0,0,66.66666667,0,0
61,4,0,0,-1,0,0,1,0,0.0,1,1
41,2,0,0,4748,0,2421611,1,4,50.0,0,1
47,2,0,0,-1,283,0,1,0,50.0,0,1
19,2,0,0,-1,0,0,0,0,100.0,0,0
38,2,1,0,5098,1476,10819,0,5,100.0,0,0
64,3,3,0,3167,120,3345571,0,2,30.76923077,0,0
271,5,0,0,4096,286,0,1,3,23.52941176,3,1
50,1,0,0,118,0,0,1,0,0.0,2,1
80,3,6,0,7785,616,19148,0,4,81.81818182,0,0
67,2,0,0,219,146,0,1,0,100.0,0,1
282,3,1,0,8018,382,0,1,4,16.66666667,0,1
144,2,2,0,8018,382,0,1,4,0.0,0,1
52,1,1,0,1244,216,0,1,0,90.0,0,1
28,2,0,0,7555,116,184970,0,5,60.0,0,0
50,3,0,0,8045,3482,2595,0,6,0.0,0,0
60,3,1,0,1408,53,4219048,1,0,100.0,0,0
87,2,4,0,5222,986,136,0,8,58.82352941,0,0
35,3,0,0,155,211,0,1,0,100.0,0,1
102,4,0,0,4701,778,0,1,0,0.0,1,1
63,2,0,0,7534,137,204574,0,4,45.45454545,0,0
36,2,1,0,2837,84,0,1,2,0.0,0,1
21,2,0,0,7714,1417,148721,0,4,80.0,0,0
238,3,8,0,9338,158,21,0,5,0.0,1,1
36,4,0,0,-1,0,0,0,0,80.0,0,1
38,2,0,0,6636,1765,225794,0,3,85.71428571,0,0
88,5,2,0,-1,0,0,1,0,100.0,0,1
29,2,0,0,7062,242,1760637,1,1,81.81818182,0,1
27,2,0,0,-1,226,0,1,0,0.0,0,1
101,2,1,0,8346,2976,1,1,10,37.5,0,1
18,2,0,0,-1,1656,4639934,0,2,82.35294118,0,0
27,2,0,0,7006,299,0,0,1,0.0,0,1
28,2,0,0,8349,2973,1,1,10,0.0,0,0
36,1,1,0,2357,200,0,0,2,100.0,2,1
53,2,0,0,7371,299,97473,0,5,84.61538462,0,0
66,3,1,0,5589,2812,0,1,3,100.0,1,1
35,2,0,0,7295,374,0,1,5,0.0,0,1
27,1,0,0,968,127,957082,1,6,0.0,0,1
21,3,0,0,-1,0,0,0,0,100.0,0,1
123,2,15,0,7380,1099,12752,0,6,88.0,0,0
47,4,0,0,6723,582,4971141,1,5,0.0,0,0
59,3,3,0,5280,1294,20776,0,4,100.0,0,0
15,1,0,0,-1,0,0,1,4,0.0,0,1
26,2,0,0,8704,790,2401049,0,3,50.0,0,0
82,5,3,0,5612,231,0,1,5,100.0,0,1
77,2,0,0,6216,358,3181,0,5,100.0,0,0
38,3,0,0,6672,343,0,1,3,72.22222222,1,1
39,2,0,0,7295,374,0,1,5,0.0,0,1
42,2,0,0,7266,404,1103,1,7,0.0,0,0
33,2,0,0,4805,309,141041,0,3,60.86956522,0,0
53,2,3,0,7296,373,0,1,5,0.0,0,1
44,3,1,0,3081,206,1803451,0,2,83.33333333,0,0
23,2,0,0,2101,360,3571542,0,3,50.0,0,0
17,1,0,0,903,193,0,0,2,93.33333333,0,0
26,2,0,0,2063,128,1523869,0,1,0.0,0,0
129,5,1,0,3992,25,5697976,1,0,100.0,0,1
42,2,2,0,808,287,0,1,2,100.0,0,1
52,2,0,0,6673,632,6923,1,5,64.70588235,0,0
27,2,0,0,1846,345,1306556,0,1,50.0,0,0
43,3,0,0,7159,147,2320,0,3,86.66666667,0,0
28,2,1,0,7297,372,283040,0,5,18.18181818,0,0
97,3,1,0,7969,430,90170,1,5,0.0,1,0
28,2,0,0,2634,2479,5403,0,2,0.0,0,1
27,2,0,0,1617,210,9329560,0,1,36.36363636,0,0
35,3,0,0,674,56,0,1,0,66.66666667,0,1
62,2,2,0,8683,82,65933,0,5,13.33333333,0,0
127,4,1,0,4003,15,5816617,1,0,100.0,0,1
29,2,0,0,7359,313,1052987,1,1,0.0,0,1
33,2,0,0,4001,747,31358,1,5,0.0,0,1
72,3,1,0,6344,231,2659943,0,5,100.0,1,0
33,2,0,0,4180,203,1524695,0,2,77.77777778,0,0
40,2,0,0,9202,296,684,0,6,90.47619048,0,0
61,5,2,0,5616,227,0,1,5,0.0,0,1
51,2,0,0,3727,291,0,0,4,11.11111111,0,0
44,1,3,0,9486,3297,400,0,6,25.0,0,0
259,2,1,0,4967,146,0,1,1,50.0,0,1
57,2,0,0,2736,916,0,1,0,64.70588235,0,1
31,2,0,0,1259,202,361430,0,3,82.35294118,0,0
47,3,0,0,-1,0,0,1,0,100.0,0,1
93,3,6,0,2230,326,1407776,0,4,42.85714286,0,0
49,2,1,0,9201,297,684,0,6,90.47619048,0,0
22,2,0,0,-1,0,33537,0,5,76.92307692,0,0
45,2,0,0,-1,-1,1686483,0,5,100.0,0,0
105,2,1,0,8019,381,0,1,4,7.692307692000001,2,1
109,4,0,1,14,351,0,0,0,80.0,1,1
40,2,0,0,4274,108,0,0,2,100.0,0,0
24,1,0,0,-1,0,134401,1,5,59.09090909,1,1
37,2,0,0,852,243,0,1,2,0.0,0,1
152,2,20,0,7422,1343,286,1,7,0.0,0,0
124,5,0,0,3993,25,5707171,1,0,100.0,0,1
35,2,0,0,6951,353,0,1,2,42.85714286,0,1
51,3,1,0,5440,38,0,1,2,0.0,0,0
126,3,4,0,1656,170,2576752,1,0,9.090909091,0,1
49,2,0,0,6256,2509,689,0,6,61.53846154,0,0
46,2,1,0,2879,1869,136805,0,4,66.66666667,0,0
31,2,0,0,8520,2804,8,0,10,14.28571429,0,0
45,2,0,0,8831,505,2695,0,6,89.28571429,0,0
36,2,0,0,7449,586,0,0,8,65.95744681,0,0
56,2,0,0,3232,55,65403,1,4,52.0,0,0
54,2,0,0,6672,633,6935,1,5,64.70588235,0,0
29,2,0,0,1991,200,4019018,0,2,40.0,0,0
70,2,1,0,8348,2974,1,1,10,0.0,0,1
22,3,0,0,-1,0,0,0,0,100.0,0,1
46,2,0,0,5230,248,0,0,7,33.33333333,0,0
53,2,4,0,5883,1421,181,0,6,66.66666667,0,0
105,5,0,0,4097,285,0,1,3,12.5,1,1
64,2,0,0,7685,351,10053,0,5,100.0,0,0
29,2,0,0,3097,190,500444,0,4,87.09677419,0,0
47,3,0,0,7403,497,2112,0,6,100.0,0,0
126,3,4,0,1658,168,2580873,1,0,0.0,0,1
37,2,0,0,7448,587,0,0,8,23.80952381,0,0
42,2,0,0,9247,251,1299,0,6,100.0,0,0
15,1,0,0,1617,0,0,0,0,5.555555556,0,0
44,3,0,0,2595,692,253010,0,4,0.0,0,0
71,3,1,0,8705,60,974180,0,4,0.0,1,0
72,2,0,0,6028,182,0,1,1,81.81818182,0,1
48,3,0,0,8125,3197,6897,1,5,83.33333333,1,0
29,2,1,0,5200,644,0,0,5,58.33333333,0,0
71,2,2,0,6693,247,3855,0,7,56.52173913,0,0
32,2,0,0,7299,370,2384422,0,5,48.27586207,0,0
59,2,0,0,4942,172,0,1,0,0.0,0,1
55,2,1,0,5257,222,30484,1,2,0.0,1,1
26,2,0,0,1341,0,0,0,0,40.0,0,0
32,2,0,0,6036,435,0,1,2,0.0,1,1
34,2,0,0,3876,248,1903447,0,4,75.0,0,0
115,3,11,0,134,231,4970516,1,2,82.35294118,0,0
33,2,0,0,1954,2429,4403,1,3,0.0,0,1
74,3,3,0,8350,49,1309,0,6,75.0,1,0
77,1,0,0,5767,76,0,1,2,100.0,0,1
18,1,0,0,4174,218,0,0,3,80.0,0,0
62,2,1,0,7881,520,436856,0,5,83.33333333,0,0
56,2,3,0,6400,175,92162,1,5,60.0,0,0
53,4,3,0,5627,217,0,1,5,0.0,0,1
27,1,0,0,6879,791,8580,0,5,91.66666667,0,0
84,8,1,0,8427,360,0,1,2,0.0,1,1
56,1,1,0,1396,64,0,1,0,60.0,3,1
552,5,24,0,6588,351,30,1,4,33.33333333,1,0
110,2,14,0,10106,485,1103,0,8,40.90909091,0,0
102,1,1,0,2046,146,0,1,0,85.71428571,3,1
32,2,0,0,2447,109,458809,0,3,100.0,0,0
99,4,7,0,7446,588,383,1,8,0.0,0,0
19,2,0,0,9557,158,19025,0,5,9.090909091,0,0
34,2,0,0,3895,123,817468,0,4,90.90909091,0,0
103,2,9,0,2660,1722,46690,0,5,33.33333333,0,0
45,1,0,0,3783,235,9280076,1,2,0.0,0,1
31,2,0,0,7295,374,0,0,5,0.0,0,1
24,2,0,0,2175,1111,57991,0,4,60.0,0,0
76,3,1,0,-1,79,0,1,0,100.0,2,1
393,24,0,1,-1,0,0,1,0,0.0,3,1
45,1,2,0,2851,71,877707,0,2,100.0,0,1
36,2,1,0,3433,220,354815,0,2,100.0,0,1
409,3,17,0,4112,271,7751,1,4,0.0,0,1
76,7,3,0,2961,690,277981,1,1,0.0,1,1
24,2,0,0,2695,226,1618926,0,4,100.0,0,0
49,2,0,0,8501,265,98267,0,5,100.0,1,0
40,4,0,0,-1,0,122136,1,5,0.0,0,0
29,2,0,0,2872,1875,239843,0,3,44.44444444,0,0
22,2,0,0,7446,252,6418275,1,0,0.0,0,1
34,1,0,0,7655,381,433,0,7,100.0,0,0
121,2,3,0,101,264,0,1,0,100.0,2,1
64,3,1,0,-1,0,2624,1,7,66.66666667,0,0
38,2,0,0,2689,232,2505693,0,4,100.0,0,0
25,1,0,0,2063,129,1592351,1,3,40.0,0,0
50,2,1,0,2193,363,0,1,0,100.0,2,1
89,2,1,0,2255,301,0,1,3,100.0,6,1
58,2,1,0,7616,132,2190,0,5,52.94117647,0,0
29,2,0,0,7296,373,0,0,5,12.5,0,0
30,2,1,0,4638,110,0,0,2,88.88888889,0,0
71,3,2,0,8276,124,6078,1,6,81.48148148,0,0
44,2,0,0,7296,373,0,1,5,0.0,0,1
58,3,3,0,6137,72,28754,0,5,45.83333333,0,0
56,2,0,0,7447,588,0,0,8,64.0,0,0
42,2,2,0,-1,184,0,1,0,0.0,1,1
36,3,0,0,-1,0,37698,0,5,23.80952381,0,0
38,2,0,0,7667,733,1715671,0,3,50.0,0,0
33,2,0,0,7296,373,0,1,5,0.0,0,1
35,2,0,0,-1,0,0,1,0,87.5,0,1
47,2,1,0,-1,0,77586,1,1,0.0,1,1
26,2,0,0,1951,241,4130164,0,2,69.23076923,0,0
29,2,0,0,2881,2597,5754,1,4,100.0,0,1
32,2,0,0,1776,50,352628,0,2,63.63636364,0,0
67,1,7,0,33,331,7066606,0,4,0.0,0,0
27,2,0,0,4724,1119,942542,0,4,36.84210526,0,0
106,3,1,0,502,229,0,1,3,0.0,3,1
70,1,4,0,5304,175,0,0,3,60.0,0,0
163,1,1,0,23,341,0,1,0,0.0,2,1
31,2,0,0,7449,586,7720996,0,8,71.11111111,0,0
85,2,4,0,-1,123,3101079,0,0,66.66666667,2,1
44,3,1,0,2767,155,0,1,1,90.0,1,1
54,1,0,0,-1,123,0,1,0,0.0,0,1
54,3,0,0,12794,0,2414,0,5,27.27272727,0,0
29,2,1,0,-1,0,1436826,0,1,75.0,0,0
38,1,3,0,8121,279,4539,0,7,0.0,0,0
20,2,0,0,4054,692,477177,0,5,1.408450704,0,0
27,2,0,0,-1,0,501073,0,4,0.0,0,0
22,1,0,0,-1,0,3523,1,9,16.66666667,0,1
63,2,2,0,9172,323,617,0,7,68.42105263,0,0
73,3,1,0,6560,380,1220306,1,4,88.88888889,0,0
216,2,0,0,4873,0,0,1,2,0.0,1,1
83,2,0,0,8348,2974,1,1,10,0.0,1,1
30,2,0,0,4660,89,528300,0,4,56.25,0,0
25,2,0,0,7143,162,1195221,0,1,100.0,0,0
38,2,0,0,1433,28,6064147,1,2,94.11764706,1,1
68,3,1,0,7409,261,4044493,0,2,0.0,1,1
71,2,1,0,1304,0,0,1,0,0.0,0,1
23,1,0,0,7490,180,63,0,10,50.0,0,0
37,2,0,0,-1,0,0,1,0,100.0,2,1
28,2,0,0,2070,121,3078052,0,3,92.30769231,0,0
43,2,2,0,4386,726,0,1,4,0.0,0,1
36,1,1,0,2247,309,13779,0,5,80.0,0,0
50,4,0,0,625,106,0,0,0,100.0,0,1
44,3,0,0,7298,371,0,1,5,0.0,0,1
128,4,1,0,4004,14,5828815,1,0,100.0,0,1
58,3,1,0,8685,2311,431469,0,4,100.0,0,0
66,2,2,0,3040,611,319620,0,3,50.0,0,0
241,5,0,0,-1,170,0,1,0,0.0,0,1
44,2,0,0,9201,297,684,0,6,90.47619048,0,0
18,1,0,0,1001,1556,0,0,2,94.73684211,0,0
39,2,0,0,304,62,0,1,0,0.0,0,1
46,3,0,0,7431,1700,195,0,7,71.42857143,0,0
51,3,0,0,5504,1070,97555,1,5,0.0,1,1
25,2,0,0,2288,269,0,0,1,0.0,0,0
37,2,0,0,5159,1049,0,0,8,100.0,0,0
52,3,0,0,2911,3298,8734,0,6,100.0,0,0
26,2,0,0,7461,209,541226,0,4,75.0,0,0
25,2,0,0,3098,189,239553,0,2,100.0,0,0
34,1,1,0,289,77,0,1,0,100.0,0,1
56,4,0,0,36,329,0,1,0,0.0,0,1
32,1,1,0,2899,23,492072,0,4,41.66666667,0,0
26,2,1,0,561,169,0,1,2,0.0,0,1
57,2,1,0,2361,0,0,1,2,0.0,0,1
59,4,3,0,5615,228,5518403,1,5,0.0,3,1
102,1,1,0,2048,144,0,1,0,3.846153846,3,1
39,1,0,0,2136,0,0,1,2,80.0,0,1
35,2,1,0,-1,290,0,0,0,33.33333333,0,0
28,2,0,0,142,223,0,0,0,94.44444444,0,1
30,2,0,0,7295,374,0,1,5,0.0,0,1
101,2,10,0,4843,635,5881,0,5,66.66666667,0,0
30,3,0,0,-1,0,0,0,2,100.0,0,0
44,4,2,0,5614,230,0,1,5,50.0,0,1
39,1,0,0,-1,60,0,1,0,0.0,0,1
90,3,5,0,11046,278,545,0,6,90.0,0,0
34,1,0,0,3245,43,0,1,2,77.77777778,0,1
36,2,1,0,-1,255,0,1,0,0.0,2,1
37,2,0,0,7132,903,12,0,7,100.0,0,0
39,2,0,0,9188,308,317,0,5,90.47619048,0,0
42,4,0,0,-1,0,0,1,3,0.0,0,1
48,2,0,0,-1,167,0,1,0,100.0,0,1
75,2,1,1,-2,137,0,1,0,100.0,4,1
25,2,0,0,-1,0,968021,0,3,29.16666667,0,0
50,3,0,0,2686,235,189942,0,4,20.0,0,0
92,3,3,0,-1,0,2620554,1,2,0.0,1,1
31,2,0,0,7295,374,0,1,5,0.0,0,1
25,1,0,0,-1,0,0,0,2,0.0,0,0
41,3,2,0,7189,116,481145,1,1,81.81818182,0,1
22,2,0,0,3071,217,138987,0,4,50.0,0,0
76,2,0,0,5850,359,0,1,0,0.0,0,1
40,1,0,0,5411,798,6098,0,5,75.0,0,0
51,3,0,0,1546,644,4669,1,2,15.78947368,1,1
60,2,4,0,-1,271,575464,0,4,14.28571429,0,0
33,2,0,0,2026,531,0,0,2,44.44444444,0,0
131,2,1,0,5,359,0,1,0,100.0,0,1
68,2,1,0,1256,205,0,1,1,100.0,2,1
51,2,0,0,5681,162,0,1,4,81.25,0,1
45,2,0,0,7795,606,7716858,1,3,71.42857143,0,1
67,2,2,0,6891,413,90969,0,5,83.33333333,0,0
24,2,0,0,-1,0,3161182,0,4,57.14285714,0,0
92,3,0,0,2414,1238,0,1,1,0.0,0,1
34,2,1,0,7051,254,1222496,1,2,81.81818182,0,1
54,2,1,0,9227,1831,767,1,6,90.69767442,0,0
70,2,5,0,5132,346,1310,0,7,18.75,0,0
18,1,0,0,-1,0,36284,1,6,50.0,0,1
24,3,0,0,6149,1155,878731,0,3,100.0,0,0
54,2,0,0,4672,76,90,0,9,10.52631579,0,0
66,3,3,0,6133,76,1671,0,5,100.0,0,0
29,2,0,0,5577,267,0,0,2,76.92307692,0,0
22,2,0,0,806,290,45133,1,1,27.27272727,0,1
78,2,4,0,3578,440,235023,1,4,100.0,0,0
98,3,1,1,2335,222,0,1,0,0.0,4,1
44,3,0,0,7156,150,2272,0,3,86.66666667,0,0
45,2,0,0,7134,901,12,0,7,100.0,0,0
48,5,0,0,5613,231,0,1,5,33.33333333,0,1
28,1,0,0,-1,0,3514,1,9,0.0,0,1
63,3,1,0,7522,514,10631,0,5,30.76923077,0,0
58,2,2,0,2939,713,1650,0,5,78.57142857,0,0
51,2,4,0,5626,218,0,1,5,50.0,0,1
23,2,0,0,4372,740,83478,0,3,50.0,0,0
23,2,0,0,1739,87,0,0,0,0.0,0,0
58,2,3,0,7615,133,2188,0,5,47.36842105,0,0
54,2,0,0,7828,208,383,1,6,0.0,0,1
392,24,0,1,-1,0,0,1,0,0.0,3,1
78,1,7,0,-2,138,11543,1,3,100.0,0,0
57,2,4,0,4655,294,47859,1,4,41.66666667,1,0
46,4,2,0,5627,217,0,1,5,0.0,0,1
43,5,0,0,5612,232,0,1,5,0.0,0,1
51,3,0,0,421,0,10587379,0,3,0.0,0,1
53,2,0,0,6499,0,6366077,1,2,40.0,0,1
57,5,0,0,-1,2381,0,1,2,100.0,0,1
30,2,0,0,5379,99,164944,0,5,31.25,0,0
46,2,0,0,-1,28,238599,0,5,0.0,0,0
192,15,10,0,-1,198,0,1,0,100.0,0,1
18,1,0,0,4597,152,39904,0,4,63.63636364,0,0
33,1,0,0,-1,362,0,1,0,100.0,0,1
22,2,0,0,3897,1216,3198682,0,3,0.0,0,0
28,2,0,0,5302,176,3156171,0,4,100.0,0,0
28,2,0,0,5905,1764,0,0,4,100.0,0,0
77,4,0,0,3024,263,0,1,0,100.0,1,1
64,3,0,0,3519,133,0,1,2,0.0,0,1
58,3,0,0,4323,59,186860,0,5,84.61538462,0,0
47,3,5,0,6134,75,28448,0,5,43.47826087,0,1
17,1,0,0,7640,0,3012018,0,3,84.21052632,0,0
68,3,3,0,7922,113,5561,0,6,71.42857143,0,0
21,2,0,0,-1,0,7683629,0,3,100.0,0,0
172,6,1,0,-1,373,0,1,0,50.0,2,1
19,2,0,0,4680,68,3802734,0,1,92.30769231,0,0
50,3,1,0,1576,249,69572,1,2,100.0,2,1
58,5,2,0,5627,217,0,1,5,0.0,0,1
78,4,2,0,5626,218,0,1,5,0.0,1,1
61,2,4,0,5197,281,8913,1,6,33.33333333,0,0
28,2,0,0,3633,19,1684103,0,3,50.0,0,0
21,1,0,0,-1,0,0,0,0,87.5,0,0
44,2,0,0,7584,451,969,0,5,20.0,0,0
46,2,0,0,7299,370,0,1,5,0.0,0,0
32,2,0,0,-1,379,0,1,0,0.0,0,1
34,2,1,0,-1,0,77586,1,1,0.0,1,1
187,6,2,0,1244,216,0,1,0,90.0,1,1
66,3,0,0,-1,366,4436986,1,2,83.33333333,1,1
70,3,0,0,7083,952,17964,1,3,0.0,0,1
25,2,0,0,-1,391,549875,1,3,0.0,0,1
54,2,0,0,7826,210,386,1,6,0.0,0,1
42,2,2,0,3630,387,426586,0,2,66.66666667,0,0
62,2,4,0,3329,689,197818,0,5,20.83333333,0,0
74,3,2,0,11,353,0,1,0,100.0,0,1
128,4,1,0,3992,25,5707171,1,0,100.0,0,1
123,5,0,0,3992,25,5697976,1,0,100.0,0,1
43,3,0,0,6465,840,78752,0,5,100.0,0,0
29,2,0,0,8724,771,229749,0,4,32.0,0,0
91,3,7,0,4097,651,52421,0,4,58.82352941,0,0
25,2,0,0,2850,72,9128298,0,2,81.25,0,0
103,3,0,0,3453,200,378322,1,4,100.0,0,0
24,1,0,0,3569,0,0,0,0,88.88888889,0,0
260,6,0,0,755,340,0,1,0,100.0,1,1
163,5,6,0,2922,365,7947816,1,0,0.0,2,1
49,3,2,0,7983,53,348,1,6,12.5,0,0
25,2,0,0,4886,227,1421754,0,4,33.33333333,0,0
34,2,0,0,7295,374,0,1,5,0.0,0,1
70,5,2,0,2507,0,0,1,1,100.0,4,1
44,2,0,0,3727,1752,0,1,0,0.0,0,1
76,3,1,0,2403,154,819233,0,3,100.0,0,1
21,2,0,0,-1,0,1882458,0,3,50.0,0,0
65,3,0,0,4489,2816,0,0,0,100.0,0,0
35,2,0,0,2563,359,106157,0,2,0.0,0,0
53,4,0,0,6377,197,7962,0,5,90.0,0,0
77,2,0,0,1079,16,0,1,0,100.0,1,1
25,2,0,0,5971,238,402341,0,3,85.71428571,0,0
229,3,28,0,59,305,0,1,0,0.0,0,1
43,3,0,0,12349,0,7863,0,5,100.0,0,0
71,3,0,0,432,299,0,1,2,0.0,0,1
49,2,1,0,471,0,0,1,0,100.0,2,1
44,3,0,0,797,298,0,1,2,0.0,0,1
66,3,0,0,5924,1014,11475,0,2,88.88888889,0,0
56,2,2,0,6831,108,0,1,0,81.81818182,0,1
39,2,0,0,8632,1228,49662,1,4,90.90909091,0,1
42,3,0,0,7156,150,2272,1,3,86.66666667,0,0
24,2,0,0,-1,1091,846675,0,4,100.0,0,0
31,2,0,0,1041,784,71037,0,2,100.0,0,0
113,2,13,0,5339,140,11068,0,6,32.69230769,0,0
113,2,2,0,8347,2975,1,1,10,33.33333333,1,1
33,2,0,0,7133,902,12,0,7,100.0,0,0
29,2,0,0,8414,351,1217435,0,3,0.0,0,0
81,4,4,0,7447,587,385,1,8,0.0,0,0
30,2,0,0,5159,1049,0,1,8,0.0,0,1
49,3,0,0,3123,164,0,1,3,100.0,0,1
60,2,6,0,7419,1346,285,0,7,0.0,0,0
22,2,0,0,805,290,45133,1,1,27.27272727,0,1
260,2,1,0,4967,146,0,1,1,50.0,0,1
47,2,1,2,-1,0,0,1,2,12.5,0,1
32,3,0,0,-1,0,2729451,0,2,62.5,0,0
21,2,0,0,7951,68,14198,0,3,81.81818182,0,0
38,1,1,0,5001,2669,6798,0,6,81.81818182,0,0
33,2,1,0,51,314,0,0,0,0.0,0,1
31,2,0,0,7057,247,1695125,1,2,81.81818182,0,1
37,1,0,0,909,187,0,1,2,0.0,0,1
86,3,1,0,134,231,0,1,0,66.66666667,0,1
87,1,8,0,7477,194,23196,1,5,40.0,0,0
25,1,0,0,1341,485,1249366,0,1,66.66666667,0,1
53,4,1,0,5615,228,0,1,5,0.0,2,1
45,2,0,0,6069,141,14592,0,5,32.14285714,0,0
154,6,0,0,4407,341,0,1,0,0.0,0,1
40,2,0,0,8519,2805,8,0,10,12.5,0,0
38,2,0,0,1338,122,22211,1,6,100.0,0,1
28,4,0,0,-1,0,1573272,0,3,75.0,0,0
31,2,0,0,7202,102,461958,1,2,100.0,0,1
58,2,2,0,3094,194,0,1,3,11.53846154,0,0
18,2,0,0,5834,40,22855,0,4,16.66666667,0,0
95,3,1,0,3013,274,433072,1,4,100.0,1,1
27,2,0,0,8493,1370,158628,0,4,40.0,0,0
56,2,1,0,2567,720,0,1,0,0.0,4,1
30,2,0,0,2118,74,0,0,3,56.0,0,0
39,2,0,0,3890,127,173,1,10,13.79310345,0,0
48,1,0,0,-1,177,0,1,0,100.0,0,1
36,2,0,0,1750,76,0,1,1,0.0,0,1
85,2,2,0,4400,712,0,1,4,0.0,0,1
46,2,3,0,4079,1399,767,0,5,0.0,0,0
96,2,6,0,6122,-1,14353,0,4,18.18181818,0,0
72,1,6,0,8020,745,8126,0,5,87.5,0,0
41,2,0,0,7297,372,0,0,5,0.0,0,0
439,3,2,0,-1,1063,0,1,0,0.0,0,1
44,2,3,0,6382,0,0,1,3,0.0,0,1
73,2,6,0,7002,303,0,1,4,21.27659574,0,0
32,2,0,0,7295,374,0,1,5,0.0,0,1
42,2,0,0,6964,341,8438897,0,4,0.0,0,0
38,4,1,0,66,298,0,1,0,0.0,0,1
48,3,0,0,5575,268,126204,0,5,100.0,0,0
19,2,0,0,1658,169,0,1,0,100.0,0,1
54,2,0,0,7827,209,383,1,6,0.0,0,1
116,4,0,0,4003,14,5828815,1,0,100.0,0,1
101,2,0,0,2105,1548,0,1,0,71.42857143,0,1
48,1,0,0,674,56,0,1,2,60.0,0,1
57,2,1,0,7839,197,607,1,6,31.25,0,0
21,1,0,0,-1,0,9127641,0,3,61.53846154,0,0
120,4,0,0,3993,25,5707171,1,0,100.0,0,1
25,2,0,0,2165,26,4808269,0,2,84.21052632,0,0
32,2,0,0,-1,52,0,1,0,0.0,0,1
25,2,0,0,-1,581,1311383,0,3,85.71428571,0,0
111,4,1,0,495,236,0,1,2,4.918032787,3,1
66,2,0,0,1953,2429,4365,1,3,66.66666667,0,1
48,1,1,0,5160,2934,0,1,3,76.92307692,0,1
23,2,0,0,4979,134,315959,1,2,0.0,0,1
24,2,0,0,-1,66,4231178,0,2,47.22222222,0,0
47,1,1,0,460,636,0,1,0,66.66666667,3,1
46,2,2,0,7298,371,0,0,5,38.46153846,0,0
69,3,4,0,8047,353,1577,0,5,88.88888889,0,0
37,2,0,0,7298,371,0,0,5,11.53846154,0,0
63,2,0,1,-1,0,0,1,0,100.0,0,1
30,2,0,0,1667,525,1271150,0,3,75.0,0,0
43,3,0,0,-1,302,487846,1,5,85.71428571,0,0
32,1,0,0,235,130,0,1,0,0.0,1,1
50,3,0,0,5205,638,26730,0,5,66.66666667,0,0
44,3,0,0,7159,147,2320,0,3,86.66666667,0,0
27,2,0,0,7979,56,1092378,0,3,100.0,0,0
105,2,3,0,8019,381,0,1,4,7.692307692000001,0,1
45,3,1,0,-1,0,921397,1,1,10.0,0,1
32,2,1,0,7298,371,0,1,5,0.0,0,0
57,2,0,0,8829,507,2619,0,6,89.28571429,0,0
21,2,0,0,-1,47,927106,0,5,90.90909091,0,0
155,4,2,0,347,19,0,1,0,59.45945946,2,1
21,3,0,0,-1,0,0,1,0,100.0,0,1
47,2,0,0,-1,223,3396059,1,0,0.0,1,1
36,2,0,0,636,95,0,1,0,0.0,0,1
65,2,3,0,2426,131,7686483,0,2,60.0,0,0
23,2,0,0,7582,454,0,0,2,0.0,0,0
46,2,2,0,7296,373,0,1,5,0.0,0,1
31,2,0,0,7454,217,244228,0,5,94.73684211,0,0
54,2,0,0,4377,0,0,1,1,0.0,0,1
30,2,0,0,7448,586,971074,0,8,22.72727273,0,0
63,2,3,0,8375,1486,31104,1,5,76.5625,0,0
65,2,4,0,2406,151,3688278,0,3,66.66666667,1,0
65,3,0,0,1547,644,4639,1,2,66.66666667,1,1
136,5,0,1,31,333,0,1,0,100.0,1,1
45,2,1,0,7621,50,56198,0,6,72.0,1,1
48,4,0,0,-1,0,1429135,1,1,0.0,0,1
29,2,0,0,5151,692,537694,0,4,100.0,1,0
44,1,1,0,-1,0,0,1,0,66.66666667,0,1
48,3,0,0,8046,3480,2603,0,6,0.0,0,0
24,2,0,0,6743,2387,101800,0,4,66.66666667,0,0
22,2,0,0,336,30,7891419,0,0,0.0,0,0
41,2,0,0,3200,817,2072852,1,4,50.0,0,0
73,2,0,0,5849,359,0,1,0,0.0,0,1
69,4,0,0,-1,0,0,1,0,100.0,0,1
29,2,0,0,7296,373,2048336,0,5,25.0,0,0
57,3,0,0,7754,3568,48945,0,5,63.63636364,0,0
46,3,1,0,1422,768,348969,0,1,100.0,0,0
30,2,1,0,7296,373,0,1,5,0.0,0,1
66,3,0,0,4079,303,0,0,2,0.0,0,0
69,2,2,0,220,146,0,1,0,0.0,3,1
98,1,0,0,4533,216,506791,0,5,100.0,0,0
63,3,2,0,4929,1646,18867,0,5,96.42857143,0,0
37,2,0,0,1048,47,0,1,0,0.0,1,1
28,1,0,0,288,78,0,1,1,0.0,0,0
61,4,3,0,5615,228,0,1,5,0.0,1,1
51,2,3,0,2467,89,3677754,0,4,60.0,0,0
31,2,0,0,5630,0,1482268,0,3,100.0,0,0
21,2,0,0,-1,0,1215453,0,3,68.75,0,0
101,2,8,0,5255,223,10675927,1,4,80.0,0,1
26,2,1,0,560,170,0,1,2,0.0,0,1
77,3,0,0,152,214,5008870,1,0,85.71428571,0,1
28,2,1,0,-1,0,852476,0,2,100.0,0,0
69,4,0,0,3433,220,0,1,0,100.0,0,1
34,2,2,0,4427,321,1017069,0,3,0.0,0,0
46,2,0,0,1182,278,2954670,1,0,0.0,0,1
31,2,0,0,4546,203,8416744,0,4,0.0,0,0
121,2,17,0,7423,1342,289,0,7,0.0,0,0
66,6,0,0,5626,217,0,1,5,50.0,0,1
53,3,1,0,5879,330,0,1,0,0.0,1,1
22,3,0,0,-1,-1,4098901,0,2,64.28571429,0,0
30,2,0,0,5158,1050,0,0,8,75.0,0,0
59,3,1,0,6930,9,787413,0,4,0.0,0,0
53,2,1,0,2975,311,0,1,4,0.0,2,1
22,2,0,0,7330,704,4279566,0,3,75.0,0,0
24,1,0,0,-1,298,0,1,0,100.0,0,1
28,2,0,0,8165,1331,416867,0,2,12.5,0,0
71,3,2,0,11555,131,609,1,7,50.0,0,0
37,3,0,0,5573,271,126063,0,5,100.0,0,0
27,2,0,0,1251,209,6606150,0,2,85.71428571,0,0
21,2,0,0,5986,222,708325,1,3,91.42857143,0,0
62,2,4,0,3630,2214,94950,0,4,4.545454545,0,0
29,2,1,0,6663,275,1428403,1,0,81.81818182,0,1
70,2,1,0,8347,2975,1,1,10,0.0,1,1
110,3,1,0,3080,208,0,1,2,100.0,2,1
46,2,1,0,9126,369,27571,0,5,50.0,0,0
53,2,0,0,2348,208,242805,1,2,57.14285714,0,0
99,2,2,0,8347,2975,1,1,10,33.33333333,1,1
26,2,0,0,4532,581,97339,0,2,100.0,0,0
63,2,2,0,8149,251,133,0,6,52.94117647,1,0
32,1,2,0,-1,0,3504,1,9,100.0,0,1
53,3,3,0,6133,76,28448,0,5,41.66666667,0,0
74,3,1,0,9007,853,7971,0,7,100.0,0,0
31,2,0,0,246,120,0,0,0,0.0,0,1
45,3,0,0,-1,0,1540,0,6,100.0,1,0
50,2,0,0,2314,1338,0,1,0,100.0,0,1
83,2,1,0,8215,185,216,0,8,88.46153846,0,0
167,2,1,0,4967,146,0,1,1,50.0,0,1
29,2,0,0,7295,374,0,1,5,0.0,0,1
41,1,0,0,3076,212,0,1,1,0.0,0,1
54,3,0,0,8554,1308,9753,0,5,94.11764706,0,0
77,3,2,0,7590,3003,635,1,5,78.57142857,0,0
54,2,0,0,3758,259,8541,0,3,66.66666667,0,0
51,3,1,0,5741,102,105224,0,5,85.71428571,0,0
28,2,0,0,3975,42,2367247,0,2,41.17647059,0,0
40,4,0,0,5616,228,0,1,5,0.0,0,1
42,2,0,0,7295,374,0,1,5,0.0,0,1
49,2,0,0,7134,901,12,0,7,100.0,0,0
77,3,0,0,5745,98,0,1,0,0.0,1,1
127,3,4,0,1659,168,2580873,1,0,9.090909091,0,1
47,3,1,0,1547,644,4639,1,2,66.66666667,1,1
102,4,3,0,5466,1258,75,1,4,20.0,0,1
262,13,0,1,2660,3183,0,1,4,0.0,1,1
48,2,1,0,8979,1613,46785,0,5,60.0,1,0
56,2,0,0,7620,129,0,0,5,52.94117647,0,0
60,3,6,0,6132,77,28405,1,5,43.47826087,0,0
34,2,0,0,7133,902,12,0,7,100.0,0,0
43,2,0,0,12208,212,50,1,8,100.0,0,0
40,4,0,0,5626,217,0,1,5,0.0,1,1
56,4,3,0,5615,228,0,1,5,0.0,2,1
75,3,2,0,11,353,0,1,0,100.0,0,1
40,2,0,0,1546,644,4669,1,2,3.846153846,0,1
36,2,2,0,7298,371,1236528,0,5,35.71428571,0,0
127,4,1,0,4003,14,5816617,1,0,100.0,0,1
21,1,0,0,-1,605,206575,0,5,70.0,0,0
35,2,0,0,5159,1049,0,0,8,40.0,0,0
40,2,0,0,1338,122,22211,1,6,100.0,0,1
51,3,2,0,5309,2360,55983,0,5,50.0,0,0
72,3,0,0,8144,620,12364,1,6,30.95238095,0,0
24,2,0,0,5905,0,0,0,2,66.66666667,0,0
71,3,0,0,2308,249,0,1,0,90.90909091,0,1
55,3,1,0,7062,242,491854,1,1,81.81818182,1,1
120,3,0,0,-1,0,68260,1,5,100.0,1,1
99,4,8,0,8777,353,2482377,0,2,0.0,0,0
56,1,0,0,2520,36,632001,1,7,0.0,0,1
60,4,0,0,5616,228,0,1,5,0.0,0,1
42,3,1,0,4200,2373,1407,0,5,90.90909091,0,0
238,2,1,0,533,198,10269929,1,2,23.52941176,4,1
183,4,1,0,2568,353,51291,1,1,100.0,0,1
246,2,43,0,7419,1346,285,0,7,0.0,0,0
34,2,0,0,5159,1050,0,0,8,28.57142857,0,0
54,3,0,0,8346,2975,1,0,10,66.66666667,0,1
55,2,0,0,5673,514,2010529,0,3,71.42857143,0,0
53,2,0,0,-1,238,0,1,1,0.0,0,0
33,2,0,0,7296,373,0,0,5,11.11111111,0,0
25,3,0,0,-1,0,0,0,3,50.0,0,0
36,2,0,0,7298,371,2605916,0,5,0.0,0,0
93,3,7,0,5250,229,2500970,1,3,100.0,0,0
29,1,0,0,4736,2963,0,0,1,0.0,0,1
40,2,0,0,3927,91,0,0,3,100.0,0,0
163,1,2,0,5521,322,0,1,0,100.0,2,1
27,2,0,0,6646,161,3833065,0,4,60.0,0,0
58,4,3,0,5615,228,0,1,5,0.0,3,1
60,3,0,0,5590,253,7807,1,5,0.0,0,0
43,2,0,0,6259,2506,682,0,6,61.53846154,0,0
47,1,0,0,2521,35,632751,1,7,0.0,0,1
17,1,0,0,-1,0,178033,0,2,60.0,0,0
37,4,0,0,111,0,0,1,0,0.0,0,1
24,2,1,0,4517,230,159206,0,3,100.0,0,0
22,2,0,0,1159,301,374374,0,1,20.0,0,0
51,2,0,0,6074,136,14284,0,5,25.92592593,0,0
66,6,0,0,5627,216,0,1,5,50.0,0,1
27,2,0,0,-1,0,1101455,0,3,2.898550725,0,0
30,2,1,0,3250,37,421761,1,4,6.25,0,1
52,3,0,0,-1,3290,82896,1,5,0.0,0,0
25,2,0,0,-1,0,0,0,2,100.0,0,0
32,2,0,0,2658,263,2791701,0,4,88.23529412,0,0
136,2,1,0,8019,381,0,1,4,7.692307692000001,0,1
31,2,0,0,3938,444,976662,0,3,82.35294118,0,0
31,3,0,0,-1,2605,113447,0,3,100.0,0,0
51,2,1,0,-2,139,0,1,0,0.0,3,1
163,6,0,0,-1,0,0,1,0,100.0,0,1
31,2,0,0,-1,0,2239561,0,2,98.27586207,0,0
266,3,1,0,7083,952,17964,1,3,0.0,0,1
61,4,0,0,1834,357,0,1,0,100.0,0,1
41,2,1,0,-1,0,0,1,1,100.0,2,1
54,2,1,0,1654,172,477134,1,3,64.28571429,0,1
31,2,0,0,4526,222,62106,0,5,50.0,0,0
91,1,5,0,6056,192,41,0,8,20.0,0,0
53,2,0,1,-1,0,0,1,0,0.0,0,1
83,5,2,0,5627,217,0,1,5,50.0,0,1
76,4,0,0,-1,2773,4422,1,4,0.0,0,0
71,1,0,0,1163,298,0,1,0,100.0,4,1
45,2,3,0,7296,373,0,1,5,0.0,0,1
34,2,1,0,67,297,0,1,0,0.0,0,1
28,1,0,0,3460,0,0,1,0,0.0,0,1
55,4,3,0,5615,228,0,1,5,0.0,3,1
30,2,0,0,8527,605,217264,0,3,87.5,0,0
23,1,0,0,1485,341,115937,0,4,33.33333333,0,0
23,2,0,0,566,37,2579543,0,2,100.0,0,0
33,2,0,0,43,321,0,0,0,0.0,0,1
68,2,0,0,5990,220,187079,1,4,76.92307692,0,1
45,2,0,0,1182,278,2954670,1,0,0.0,0,1
53,2,0,0,5971,237,0,1,0,0.0,0,1
118,4,0,0,3993,25,5707171,1,0,100.0,0,1
74,1,6,0,1891,300,3513635,0,0,70.0,0,0
49,1,0,0,-2,308,0,1,0,100.0,0,1
115,2,8,0,7448,586,3945616,0,8,22.72727273,0,0
20,2,0,0,8311,100,260730,0,4,84.21052632,0,0
35,1,3,0,74,290,0,1,0,100.0,0,1
59,2,0,0,2554,1097,0,1,1,66.66666667,1,1
70,2,1,0,778,318,0,1,0,42.85714286,3,1
105,5,2,0,273,92,0,1,0,100.0,0,1
92,1,2,0,2300,257,0,1,2,40.0,2,1
49,4,0,0,4202,181,0,1,0,80.0,0,1
63,3,1,0,12713,0,1116,0,6,0.0,0,0
62,3,1,0,-1,136,0,1,3,0.0,1,1
38,3,0,0,-1,250,6084468,0,3,0.0,0,0
34,3,0,0,-1,193,45566,0,4,94.11764706,0,0
67,3,0,0,3317,336,0,1,2,0.0,1,1
19,2,0,0,-1,237,584195,0,2,100.0,0,0
66,2,0,0,1834,358,0,1,0,100.0,0,1
75,3,1,0,570,465,0,1,0,100.0,3,1
117,5,0,0,208,158,0,1,0,0.0,0,1
22,1,0,0,-1,232,0,1,0,100.0,0,1
91,2,1,0,-1,2285,989825,1,1,100.0,3,1
63,3,4,0,-1,96,542185,0,4,0.0,0,0
128,4,1,0,3993,25,5707171,1,0,100.0,0,1
52,2,0,0,-1,398,0,1,1,100.0,1,1
15,1,0,0,1180,281,718185,0,0,55.55555556,0,0
41,2,0,0,7650,386,2074,0,6,77.77777778,1,0
35,2,2,0,7686,349,21772,0,5,33.33333333,0,0
32,2,1,0,-1,286,0,1,0,0.0,0,1
25,1,0,0,2139,0,309382,1,7,0.0,0,1
50,2,0,0,7133,902,12,0,7,100.0,0,0
33,2,0,0,1107,353,7096725,0,3,65.21739129999999,0,0
83,1,4,0,-1,274,0,1,2,0.0,0,1
23,2,1,0,-1,0,1512801,0,3,100.0,0,0
73,2,4,0,6071,504,4242,0,4,4.545454545,0,0
18,1,0,0,1614,211,60762,1,1,25.0,0,1
34,2,0,0,7447,587,0,0,8,61.53846154,0,0
40,1,1,0,5661,0,0,1,1,50.0,2,1
29,1,0,0,-1,298,0,1,0,100.0,0,1
119,4,0,0,4003,14,5816617,1,0,100.0,0,1
82,2,0,0,8348,2974,1,1,10,0.0,1,1
47,2,2,0,819,276,0,1,2,100.0,0,1
27,2,1,0,4824,1019,4640560,0,3,84.61538462,0,0
44,3,0,0,7157,149,2294,1,3,86.66666667,0,0
49,3,0,0,7083,952,17964,1,3,0.0,0,1
67,2,0,0,6900,1865,11507,1,5,72.22222222,0,0
28,4,0,0,-1,0,0,1,0,0.0,0,1
49,1,2,0,2688,233,7989,0,5,66.66666667,0,0
29,2,1,0,4823,291,0,1,2,0.0,0,1
159,3,2,0,1588,239,0,1,0,1.960784314,6,1
21,1,0,0,1561,265,133791,0,1,55.55555556,0,1
197,2,0,0,1479,347,0,1,1,0.0,2,1
126,4,1,0,4003,15,5816617,1,0,100.0,0,1
25,2,0,0,1556,999,282959,0,3,0.0,0,0
89,2,8,0,5408,1165,9410,0,6,0.0,1,0
76,3,7,0,4274,109,272349,0,4,92.0,0,0
29,2,0,0,6031,179,1327039,0,3,90.0,0,0
68,5,3,0,5616,228,0,1,5,0.0,2,1
40,3,1,0,75,289,0,1,0,60.0,1,1
54,3,1,0,8885,246,5703,1,5,92.85714286,0,0
37,2,0,0,7295,374,0,1,5,0.0,0,1
28,2,0,0,2081,110,75385,0,2,0.0,0,0
44,2,0,0,1953,2429,4365,1,3,0.0,0,1
36,2,0,0,8517,2807,8,0,10,5.555555556,0,0
35,2,0,0,7275,30,265564,0,4,100.0,0,0
47,3,2,0,49,316,0,1,0,0.0,0,1
40,2,0,0,-1,149,0,1,0,50.0,0,1
33,2,0,0,7298,371,0,0,5,33.33333333,0,0
28,1,0,0,612,119,0,1,1,100.0,0,1
27,2,0,0,7802,517,0,1,5,20.0,0,1
39,2,0,0,4205,542,123397,0,4,76.66666667,0,0
40,2,1,0,9226,1831,771,1,6,90.69767442,1,0
29,2,0,0,238,0,0,1,0,0.0,0,1
27,3,0,0,8579,0,466636,0,3,20.0,0,0
25,2,0,0,1141,320,2816511,0,6,13.33333333,0,0
243,2,16,0,216,149,0,1,0,100.0,0,1
50,3,0,0,7297,372,0,1,5,10.0,0,1
30,2,0,0,6017,193,112,0,6,0.0,0,0
60,2,2,0,5822,22,136316,0,5,11.11111111,0,0
72,5,2,1,5626,218,0,1,5,0.0,0,1
77,1,0,0,5756,87,0,1,2,100.0,0,1
30,2,0,0,5313,530,33089,0,5,33.33333333,0,0
27,1,0,0,3180,107,8669000,0,1,100.0,0,0
35,2,0,0,2756,166,0,0,2,100.0,0,0
40,2,0,0,7298,371,0,0,5,0.0,0,0
32,2,0,0,2634,2479,5403,1,2,0.0,0,1
47,4,2,0,5614,229,0,1,5,0.0,0,1
22,1,1,0,-1,0,0,0,1,94.59459459,0,0
66,1,7,0,5415,429,14668,0,6,82.75862069,0,0
32,1,0,0,4698,50,0,1,0,60.0,0,1
20,3,0,0,-1,0,0,1,0,4.081632653,0,1
21,2,0,0,614,117,8687032,1,0,100.0,0,1
48,3,1,0,4744,5,343984,0,4,33.33333333,0,0
51,5,3,0,5613,231,0,1,5,0.0,0,1
34,2,1,0,-1,-1,12559,0,4,22.22222222,0,0
62,2,2,0,7616,133,2190,0,5,52.63157895,0,0
57,3,2,0,6898,41,0,0,4,0.0,0,0
83,3,3,0,8395,5,27235,1,5,100.0,0,0
33,3,0,0,5887,687,3012424,0,4,51.72413793,0,0
29,2,0,0,5936,272,1174408,1,3,100.0,0,0
24,2,0,0,2031,161,962441,0,4,55.55555556,0,0
23,2,0,0,7436,233,4265998,0,3,100.0,0,0
53,2,1,0,7836,200,600,1,6,31.25,0,0
23,2,0,0,5510,333,4426013,0,1,100.0,0,0
34,2,0,0,2095,96,729629,0,4,97.14285714,0,0
62,4,0,0,8976,1250,67484,1,6,87.5,1,0
68,4,7,0,5613,231,7198650,1,5,50.0,0,1
55,2,0,0,7131,904,12,0,7,100.0,0,0
59,3,0,0,8149,616,12761,0,6,30.95238095,0,0
157,5,0,0,5616,227,0,1,5,33.33333333,0,1
53,3,0,0,2064,127,0,1,2,83.33333333,1,1
23,2,0,0,1029,431,2130,0,3,100.0,0,0
51,3,0,0,7297,372,0,1,5,10.0,0,1
41,1,0,0,7187,1944,20789,0,5,87.5,0,0
50,2,0,0,2315,1337,0,1,0,100.0,0,1
57,5,2,0,5627,216,0,1,5,0.0,1,1
137,3,8,0,2634,0,103920,0,5,0.0,0,0
26,2,0,0,1774,418,3310199,0,3,75.0,0,0
76,5,0,0,-1,313,0,1,0,100.0,1,1
43,2,0,0,7129,906,12,0,7,100.0,0,0
25,2,0,0,6372,202,255167,0,3,100.0,0,0
23,2,0,0,4431,317,0,0,3,63.63636364,0,0
57,3,1,0,2108,449,0,1,4,100.0,0,1
59,5,0,0,5627,217,6517773,1,5,0.0,0,1
51,4,0,0,9335,161,42327,0,5,0.0,0,0
42,2,0,0,-1,0,0,1,0,0.0,0,1
127,4,1,0,3993,25,5707171,1,0,100.0,0,1
72,3,1,0,9614,249,24269,1,7,86.66666667,0,0
88,8,0,0,707,23,0,1,1,100.0,0,1
49,2,1,0,7506,165,1644193,0,4,0.0,0,0
19,2,0,0,7423,2438,0,0,2,45.45454545,0,0
29,2,0,0,5219,624,5928917,0,3,94.73684211,0,0
46,3,1,0,62,303,0,1,0,50.0,0,1
132,3,11,0,2703,218,73113,0,4,83.33333333,0,0
28,2,0,0,2334,223,0,1,0,0.0,0,1
48,2,1,0,-1,1496,0,0,3,0.0,0,0
81,3,0,0,7811,1156,2920,1,5,86.66666667,0,0
76,2,1,0,4503,295,0,1,0,0.0,4,1
42,2,0,0,9184,312,316,0,5,90.47619048,0,0
52,2,1,0,7133,902,12,0,7,100.0,0,0
42,2,0,0,6256,2509,689,0,6,61.53846154,0,0
56,2,0,0,1546,644,4669,1,2,66.66666667,0,1
28,2,0,0,8611,154,496378,0,3,64.70588235,0,0
23,2,0,0,1369,91,680422,0,2,84.84848485,0,0
37,2,0,0,6217,357,337,0,6,60.0,0,0
65,2,1,0,7618,130,2192,0,5,52.94117647,0,0
132,3,0,0,7764,271,32,0,5,0.0,0,1
31,2,2,0,4363,1845,490195,0,4,63.63636364,0,0
42,2,0,0,-1,361,0,1,0,100.0,0,1
109,8,2,1,5616,228,0,1,5,50.0,0,1
117,4,0,0,3993,25,5707171,1,0,100.0,0,1
18,2,0,0,-1,0,412065,0,4,0.0,0,0
38,2,0,0,1466,359,0,0,2,75.0,0,0
339,4,3,0,756,340,0,1,0,100.0,1,1
118,4,0,0,3992,25,5697976,1,0,100.0,0,1
24,2,0,0,4454,294,4794892,0,2,75.86206897,0,0
48,2,1,0,5222,986,136,0,8,61.11111111,0,0
26,2,0,0,3459,193,985767,0,2,91.66666667,0,0
82,3,5,0,8759,51,5450,1,5,87.87878788,0,0
51,3,0,0,8173,0,605314,1,5,100.0,0,0
52,2,0,0,2100,92,0,1,0,0.0,0,1
40,3,1,0,5621,198,49703,1,5,92.30769231,0,0
68,3,1,0,1072,23,0,1,0,100.0,1,1
48,1,2,0,5349,2320,10753,0,5,8.695652174,0,0
31,2,0,0,7202,1198,1082977,0,2,5.8823529410000015,0,1
108,2,4,0,7489,3104,376,1,7,0.0,0,1
25,2,1,0,117,248,0,1,0,25.0,0,1
21,1,0,0,-1,0,3523,1,9,0.0,0,1
24,1,0,0,-1,0,182661,0,4,60.0,0,0
26,2,1,0,4451,297,2136171,0,3,75.0,0,0
38,3,1,0,1736,90,842411,1,0,100.0,0,1
73,3,0,0,2231,326,0,1,0,100.0,1,1
34,2,0,0,-1,0,0,1,2,0.0,0,1
32,1,0,0,1887,303,0,1,0,100.0,0,1
40,3,0,0,5088,26,0,1,0,0.0,1,1
66,2,0,0,8348,2974,1,0,10,0.0,0,1
123,5,0,0,4004,14,5828815,1,0,100.0,0,1
132,3,0,0,7765,271,32,0,5,0.0,0,1
26,2,0,0,4525,953,1136817,0,3,88.23529412,0,0
125,4,1,0,3993,25,5707171,1,0,100.0,0,1
75,3,0,1,72,292,0,1,0,0.0,0,1
66,4,1,1,111,254,0,1,1,100.0,0,1
30,1,1,0,7307,362,0,1,0,0.0,1,1
59,2,0,0,3952,65,3862928,0,4,100.0,1,0
24,1,0,0,2367,189,470719,1,2,86.11111111,0,0
28,2,0,0,2620,3224,22448,0,5,100.0,0,0
20,1,0,0,8337,62,558870,0,5,90.90909091,0,0
46,1,1,0,2,363,0,1,0,88.23529412,0,1
66,3,2,0,3859,159,0,1,2,0.0,2,1
100,3,9,0,5601,608,18610,0,5,44.44444444,0,0
56,3,0,0,6384,920,37416,0,5,2.702702703,0,0
32,2,1,0,3250,38,421761,1,4,6.25,0,1
36,4,0,0,9336,0,403988,0,3,88.76404494,0,0
103,1,1,0,2046,146,0,1,0,85.71428571,3,1
116,4,0,0,3993,25,5707171,1,0,100.0,0,1
60,2,0,0,6070,140,14420,0,5,32.14285714,0,0
32,2,0,0,5789,54,19754,1,3,0.0,0,1
32,1,0,0,2363,0,0,1,0,0.0,0,1
130,2,1,0,8018,382,0,1,4,0.0,0,1
108,3,1,1,4609,140,0,1,3,50.0,4,1
51,4,2,0,5627,217,0,1,5,0.0,1,1
459,5,2,0,7086,948,18263,1,3,0.0,0,1
21,1,0,0,3154,134,37405,1,7,0.0,0,1
30,2,1,0,7295,374,0,1,5,0.0,0,1
56,4,0,0,6082,128,0,1,2,0.0,0,1
186,5,0,0,8348,2974,1,0,10,0.0,0,1
56,4,1,0,2532,2216,514430,1,0,100.0,2,1
106,2,12,0,3824,193,216850,0,6,28.57142857,0,0
55,2,0,0,-1,-1,47895,1,2,0.0,0,1
88,2,3,0,3322,331,9101242,1,2,100.0,4,1
45,2,0,0,1014,81,0,1,0,0.0,0,1
33,1,0,0,2200,357,2210290,0,3,60.0,0,0
56,2,2,0,2597,324,0,1,0,0.0,0,1
44,2,0,0,8957,173,573,0,6,26.08695652,0,0
138,3,8,0,-1,0,703,1,7,100.0,1,0
43,2,2,0,8981,3437,56631,0,3,40.0,0,0
162,4,7,1,-1,0,0,1,0,66.66666667,1,1
36,2,0,0,7294,2308,15045,0,5,90.0,0,0
75,5,19,0,467,263,0,1,0,0.0,1,1
30,2,0,0,5742,1563,476936,0,3,100.0,0,0
23,2,1,0,8704,427,5332182,0,3,80.0,0,0
77,2,2,0,4726,52,0,1,1,100.0,3,1
47,2,1,0,2133,59,17569,0,4,16.66666667,0,0
33,2,0,0,1953,2430,4365,1,3,50.0,1,1
53,2,2,0,-1,-1,0,0,4,100.0,0,0
112,3,2,1,4609,139,0,1,3,50.0,4,1
20,1,0,0,2354,203,2358006,1,4,10.0,0,1
39,2,0,0,7448,587,0,0,8,65.30612245,0,0
26,2,0,0,-2,578,94470,0,4,12.5,0,0
74,2,3,0,4628,3407,214090,0,5,28.57142857,0,0
73,1,1,0,2381,0,0,1,2,0.0,4,1
47,2,0,0,1192,0,1086,1,3,33.33333333,1,1
124,4,1,0,3992,25,5707171,1,0,100.0,0,1
46,4,0,0,2899,752,0,1,0,0.0,1,1
127,4,1,0,3992,25,5707171,1,0,100.0,0,1
41,2,1,0,7086,948,18105,1,3,0.0,0,1
69,3,0,0,4858,256,348917,1,4,0.0,0,0
25,1,0,0,1780,47,0,0,0,0.0,0,1
87,2,7,0,4059,324,99,0,5,16.66666667,0,0
565,3,0,0,3574,78,0,1,0,0.0,2,1
43,2,0,0,5639,205,2,0,10,72.22222222,0,0
31,2,0,0,7295,374,0,1,5,28.57142857,0,1
69,3,0,0,-1,40,0,0,0,0.0,2,1
67,3,1,0,3583,69,829814,0,2,27.27272727,0,0
39,4,0,0,-1,179,0,1,0,0.0,0,1
24,2,0,0,-1,323,258301,0,2,66.66666667,0,0
76,2,1,0,614,116,0,1,0,43.75,3,1
24,1,0,0,-1,0,9213096,1,0,0.0,0,1
60,3,1,0,3403,250,0,1,1,100.0,3,1
128,4,1,0,4003,15,5816617,1,0,100.0,0,1
37,2,0,0,1338,122,22211,1,6,100.0,0,1
44,1,0,0,3318,335,0,1,0,100.0,1,1
33,2,0,0,7295,374,0,1,5,0.0,0,1
51,1,1,0,3306,346,1811,1,5,95.23809524,0,0
72,2,4,0,7903,131,565105,1,4,71.42857143,0,0
53,3,6,0,1337,123,22317,1,6,100.0,0,1
85,3,0,0,9553,307,4315,0,7,0.0,1,0
22,2,0,0,7371,299,96532,0,5,60.0,0,0
104,4,1,0,-1,333,24,0,9,0.0,0,1
36,2,0,0,4633,481,8237707,1,0,0.0,0,1
67,2,2,0,5014,100,0,1,0,100.0,2,1
40,2,1,0,7595,441,0,1,1,66.66666667,0,1
27,2,0,0,-1,265,2728729,0,4,12.5,0,0
39,2,0,0,-1,1161,1093774,0,4,96.77419355,0,0
33,2,1,0,2837,84,0,1,2,0.0,0,1
17,2,0,0,-1,1178,2368814,0,3,50.0,0,0
33,1,0,0,7039,266,0,1,2,0.0,0,1
65,1,3,0,5177,302,488586,0,4,50.0,0,0
27,2,0,0,-1,0,0,1,0,0.0,0,1
69,3,0,0,2429,128,0,1,2,0.0,0,1
44,2,0,0,2344,212,233673,1,2,57.14285714,0,0
20,2,0,0,8479,1018,137923,0,5,100.0,0,0
62,3,1,0,-1,10,0,1,0,80.0,2,1
396,24,0,1,-1,0,0,1,0,0.0,3,1
36,2,1,0,78,286,0,0,0,0.0,0,1
189,6,1,0,330,35,0,1,0,100.0,1,1
26,2,1,0,220,0,0,1,0,25.0,0,1
64,2,2,0,8435,694,3754,0,6,85.0,0,0
96,2,7,0,7545,2316,76260,0,4,41.66666667,0,0
42,2,0,0,2963,323,0,1,2,0.0,1,1
49,3,0,0,3014,272,433561,1,4,100.0,1,1
43,2,0,0,1950,242,341948,1,1,0.0,1,1
87,2,7,0,7537,133,5344,1,6,72.72727273,0,0
56,3,2,0,6840,829,72924,0,5,100.0,0,0
23,2,0,0,-1,0,300677,0,2,90.90909091,0,0
26,2,0,0,2566,355,1068010,0,3,27.77777778,0,0
51,2,1,0,1953,2430,4365,1,3,0.0,0,1
67,3,0,0,5658,186,886,1,6,0.0,0,1
75,5,2,0,-1,580,3476673,1,2,0.0,0,1
30,2,0,0,2695,226,774417,0,4,0.0,0,0
24,2,0,0,3320,2524,1134435,0,2,100.0,0,0
22,1,0,0,-1,0,61657,1,5,0.0,0,1
51,2,0,0,348,18,0,1,0,0.0,0,1
17,2,0,0,7253,53,943419,1,1,0.0,0,1
48,2,3,0,9283,579,1126,0,6,75.0,0,0
54,2,0,0,6256,2509,689,0,6,64.28571429,0,0
23,2,0,0,-1,-1,0,0,2,100.0,0,0
52,3,0,0,6128,82,4156,0,7,66.66666667,0,0
56,2,5,0,5883,1421,181,0,6,80.0,0,0
55,2,0,0,7133,902,12,0,7,100.0,0,0
35,2,0,0,6743,196,850615,0,4,100.0,0,0
31,2,0,0,998,97,0,1,0,0.0,0,1
45,2,0,0,7133,901,12,0,7,100.0,0,0
63,2,5,0,5522,321,2866973,0,3,75.0,0,0
60,3,1,0,-1,0,0,1,1,100.0,2,1
32,1,0,0,-1,363,0,1,0,91.66666667,0,1
66,3,5,0,-1,280,0,1,0,0.0,1,1
39,2,0,0,1633,193,149347,1,2,0.0,0,1
80,4,2,0,5454,1270,74,1,4,100.0,2,0
48,3,0,0,5985,589,17623,1,3,0.0,0,1
41,2,0,0,7448,587,1496780,0,8,24.0,0,0
33,3,0,0,3700,1048,178807,1,4,100.0,1,1
64,3,0,0,5046,67,379,0,5,66.66666667,0,0
105,3,1,0,3630,22,0,1,0,0.0,3,1
39,2,0,0,3386,267,0,1,2,0.0,1,1
37,3,0,0,6477,97,41369,0,7,87.5,0,0
79,3,2,0,9746,115,6500,1,6,79.31034483,0,0
32,2,0,0,6092,2118,0,0,3,0.0,0,0
23,2,0,0,7253,53,943419,1,1,0.0,0,1
68,5,0,1,-1,81,0,1,0,100.0,1,1
76,4,4,0,-1,0,0,1,0,100.0,1,1
97,2,9,0,4305,2268,6785,0,7,21.42857143,1,0
30,1,1,0,1,363,0,1,0,0.0,0,1
49,2,1,0,2191,0,16063,1,5,0.0,0,1
50,3,0,0,3,362,0,1,0,83.33333333,1,1
58,1,0,0,3271,17,0,1,0,100.0,0,1
24,2,0,0,3157,131,408523,0,4,84.61538462,0,0
75,2,0,0,-1,1063,0,1,0,0.0,0,1
41,3,1,0,3995,753,872336,0,4,0.0,0,0
65,4,0,0,12811,0,685,1,6,0.0,1,0
69,5,3,0,5616,228,0,1,5,0.0,2,1
107,3,0,0,6240,334,62,0,8,50.0,0,0
30,2,0,0,1111,350,0,1,0,0.0,0,1
77,2,2,0,4283,100,0,1,1,0.0,5,1
56,2,0,0,7130,905,12,0,7,100.0,0,0
37,2,0,0,5160,1048,115,1,8,50.0,0,0
97,3,4,0,9037,459,143145,1,5,38.88888889,0,0
44,2,1,0,6670,635,6844,0,5,64.70588235,0,0
31,2,2,0,-1,0,865772,0,3,42.85714286,0,0
30,2,0,0,7299,370,2794767,0,5,0.0,0,0
72,5,4,1,5614,229,0,1,5,0.0,0,1
74,3,1,0,7336,2890,54592,0,5,100.0,0,0
21,2,0,0,5456,23,954040,0,5,96.49122807,0,0
54,3,2,0,8017,1113,53310,0,5,100.0,0,0
65,3,1,0,6679,260,6628,0,6,0.0,0,0
31,2,0,0,4933,180,170901,0,4,0.0,0,0
39,2,1,0,889,207,3518615,0,2,20.0,0,1
37,2,1,0,-1,244,0,1,2,33.33333333,0,1
79,3,3,0,9127,369,4148,0,5,90.90909091,0,0
23,3,0,0,3172,116,5952916,0,5,60.0,0,0
48,2,0,0,9021,110,207068,0,4,100.0,0,0
59,2,0,0,3318,335,0,1,0,100.0,1,1
51,2,1,0,657,0,0,1,0,100.0,3,1
41,3,0,0,-1,362,2758579,0,3,0.0,0,0
49,1,0,0,2102,90,0,1,0,0.0,0,1
80,2,5,0,7804,2058,256,1,7,31.42857143,0,0
38,1,1,0,214,151,0,1,0,0.0,0,1
26,2,1,0,1971,220,1716959,0,2,47.82608696,0,0
42,3,7,0,809,287,46135,0,1,27.27272727,0,1
92,3,1,0,-1,0,0,1,2,100.0,3,1
143,3,0,0,7211,94,0,1,2,0.0,0,1
45,2,0,0,7295,374,0,1,5,0.0,0,1
136,2,0,0,5158,1050,0,1,8,0.0,0,1
69,3,4,0,3823,195,3973747,0,2,83.33333333,0,0
35,2,1,0,7142,162,8441470,1,1,100.0,0,1
81,3,5,0,5509,334,147176,0,3,0.0,0,0
34,2,4,0,1015,80,1196152,0,2,0.0,0,1
30,2,0,0,2053,139,6980407,1,0,100.0,0,1
30,3,0,0,-1,0,0,0,0,0.0,0,1
46,2,2,0,3057,230,71053,1,5,0.0,0,0
51,2,0,0,2563,1088,0,1,0,100.0,0,1
64,3,1,0,8443,322,41958,0,5,100.0,0,0
27,1,0,0,6344,596,2108905,0,2,75.0,0,0
65,3,0,0,10316,276,3499,0,7,83.01886792,0,0
26,2,0,0,8423,342,2854858,0,2,86.66666667,0,0
55,3,0,0,-1,0,0,1,0,56.25,2,1
25,2,0,0,-1,0,963630,0,4,95.45454545,0,0
26,2,0,0,5760,3371,772418,0,4,100.0,0,0
18,2,0,0,5058,85,625423,0,4,0.0,0,0
27,1,0,0,-1,492,24730,0,5,50.0,0,0
29,2,0,0,1336,124,20989,0,6,100.0,0,1
28,2,0,0,4804,675,0,0,2,66.66666667,0,0
100,4,4,0,677,53,3961768,1,0,100.0,0,1
26,2,0,0,7508,162,475483,0,5,80.95238095,0,0
78,2,4,0,4061,321,99,0,5,20.0,0,0
27,2,0,0,4624,124,343636,0,4,90.0,0,0
47,3,0,0,8047,3480,2603,0,6,0.0,0,0
25,2,0,0,3124,163,2239411,0,4,40.0,0,0
66,3,7,0,9261,237,4967,0,5,66.66666667,0,0
40,3,1,0,6485,455,23930,0,4,100.0,0,0
34,2,0,0,6381,0,0,1,3,0.0,0,1
64,2,0,0,6661,279,3700,0,6,100.0,0,0
81,4,0,0,-1,255,30064,0,6,0.0,1,0
64,2,1,0,497,234,0,1,0,0.0,3,1
33,1,0,0,-1,0,0,1,0,0.0,0,1
128,5,1,0,3993,25,5707171,1,0,100.0,0,1
25,2,0,0,2169,388,0,0,3,57.14285714,0,0
113,14,0,0,1834,358,0,1,0,100.0,0,1
54,2,0,0,7828,208,384,1,6,0.0,0,1
85,4,0,0,-1,0,0,1,0,0.0,0,1
155,7,1,0,2975,677,302094,1,1,0.0,1,1
41,2,0,0,8710,1881,3682,0,5,100.0,0,0
145,4,1,0,3032,619,6616194,1,2,82.35294118,3,1
33,3,0,0,3698,1049,179705,1,4,100.0,1,1
49,2,0,0,6255,2510,688,0,6,61.53846154,0,0
41,3,0,0,5694,42,320,1,6,62.5,0,0
66,1,0,0,4342,39,3531476,0,4,100.0,0,1
213,3,1,0,1015,80,1196152,1,2,0.0,2,1
119,4,0,0,3993,25,5707171,1,0,100.0,0,1
183,6,1,0,2106,1912,0,1,1,100.0,1,1
35,2,0,0,4503,244,0,0,3,92.30769231,1,1
70,2,0,0,3984,34,0,1,0,0.0,0,1
100,2,7,0,3157,861,0,1,1,100.0,0,1
27,2,0,0,4083,299,0,0,2,100.0,0,0
275,15,1,0,531,199,0,1,0,75.0,3,1
34,2,0,0,2882,40,0,0,4,52.94117647,0,0
19,2,0,0,3208,118,551776,0,2,0.0,0,1
66,2,1,0,5769,74,0,1,2,0.0,0,1
260,3,0,0,7083,952,17964,1,3,0.0,1,1
23,1,0,0,1997,195,2273893,0,2,71.42857143,0,0
55,4,0,0,-1,0,4706,1,6,88.23529412,0,0
38,3,1,0,8887,610,6602,0,3,94.73684211,0,1
141,3,10,0,7765,271,342953,0,6,100.0,0,0
26,2,0,0,-1,0,0,0,4,80.0,0,0
46,2,2,0,8635,54,17805,0,5,100.0,0,0
86,2,7,0,4352,760,10905,0,5,70.0,0,0
124,5,0,0,4003,15,5816617,1,0,100.0,0,1
72,2,0,0,248,118,0,1,0,0.0,0,1
54,3,0,0,-2,84,4389491,0,3,75.0,0,0
249,2,15,0,216,149,0,1,0,100.0,0,1
42,3,0,0,4633,481,8237707,1,0,0.0,1,1
38,1,0,0,-1,69,0,1,0,100.0,0,1
41,3,0,0,1302,159,0,1,0,100.0,0,1
32,2,0,0,-1,0,0,1,0,0.0,0,1
50,2,1,0,3849,533,829106,0,4,77.77777778,0,0
29,2,0,0,1302,158,414380,0,4,75.0,0,0
1386,13,11,0,-1,0,9366151,0,2,100.0,10,1
58,3,0,0,12844,0,565,0,6,0.0,0,0
39,2,1,0,1771,55,0,1,0,100.0,0,1
92,3,0,0,7479,1653,629,0,7,0.0,0,0
93,3,1,0,1532,658,4691,1,2,66.66666667,1,1
47,1,1,0,2,362,0,1,0,88.23529412,0,1
76,4,1,0,3992,25,5697976,1,0,100.0,0,1
44,3,0,0,7159,147,2336,1,3,86.66666667,0,0
20,2,0,0,7199,0,0,0,2,100.0,0,0
19,1,0,0,1301,0,82728,0,2,70.0,0,0
38,2,0,0,7295,374,0,1,5,0.0,0,1
199,5,11,0,4564,184,7504096,1,4,83.33333333,0,1
31,2,0,0,72,292,0,1,0,100.0,0,1
26,2,0,0,2693,228,0,0,4,0.0,0,0
45,2,0,0,6260,2505,684,0,6,61.53846154,0,0
24,2,0,0,9076,785,650281,0,5,80.0,0,0
68,3,0,0,8144,620,12364,0,6,30.95238095,0,0
58,2,4,0,7529,2333,42991,0,5,0.0,0,0
31,2,0,0,2984,1398,350136,0,2,80.55555556,0,0
148,2,2,0,8018,382,0,1,4,44.44444444,0,1
181,3,1,1,1931,261,0,1,3,80.0,4,1
40,2,0,0,8517,2807,8,0,10,28.57142857,0,0
59,4,0,0,195,170,0,1,1,0.0,0,1
79,4,1,0,10677,282,23,1,8,100.0,0,0
39,3,0,0,7050,254,1222496,1,2,81.81818182,1,1
30,2,0,0,540,0,2368593,0,0,0.0,2,1
29,3,0,0,-1,0,0,1,0,0.0,0,1
68,3,5,0,58,306,0,1,2,100.0,0,0
29,2,0,0,1968,588,2090120,0,2,100.0,0,0
20,2,0,0,8466,341,3224587,0,4,0.0,0,0
38,2,0,0,3028,258,482666,0,6,66.66666667,0,0
61,2,0,0,7645,24,0,1,0,0.0,0,1
81,5,0,0,-1,0,1772670,1,2,100.0,0,1
45,2,0,0,-1,0,0,1,0,100.0,0,1
49,2,0,0,5643,0,0,1,1,100.0,0,1
32,1,0,0,496,234,503691,1,0,33.33333333,0,1
24,2,0,0,8594,30,5556103,0,4,50.0,0,0
40,2,0,0,7586,449,988,0,5,100.0,0,0
58,3,0,0,8759,1967,125,0,8,100.0,0,0
210,2,0,0,1496,694,0,1,2,66.66666667,1,1
47,2,0,0,3972,46,0,1,0,0.0,1,1
34,2,1,0,8973,522,11722,0,6,35.71428571,0,0
20,1,0,0,2144,48,0,0,1,55.17241379,0,0
52,2,1,0,559,0,0,1,1,0.0,0,1
59,2,4,0,4490,987,2900,0,5,92.85714286,0,0
29,2,0,0,5111,0,5692030,1,1,91.89189189,1,1
53,5,1,0,5615,228,0,1,5,0.0,2,1
48,3,0,0,8043,3483,2572,0,6,0.0,0,0
24,2,0,0,7446,252,0,1,1,0.0,0,1
92,3,0,0,9338,158,21,0,5,0.0,1,1
40,2,0,0,7131,904,12,0,7,100.0,0,0
56,2,1,0,1561,265,0,1,0,0.0,1,1
276,4,0,0,1653,173,0,1,0,0.0,4,1
87,2,3,1,1157,1033,6720001,1,2,0.0,2,1
28,2,0,0,3190,98,1495789,0,2,25.0,0,0
66,2,4,0,8375,1486,31104,1,5,76.5625,0,0
110,3,7,0,-1,191,624875,0,4,100.0,0,0
72,2,3,0,12544,241,857,1,8,100.0,0,0
70,1,3,0,6057,191,41,0,8,20.0,0,0
34,2,1,0,7067,237,2346363,1,1,100.0,0,1
40,3,0,0,7310,359,10814,0,5,5.0,0,0
47,2,0,0,7534,502,0,1,0,100.0,0,1
39,2,0,0,-1,321,4935754,0,2,0.0,0,1
21,2,0,0,671,60,0,1,0,100.0,0,1
76,3,0,0,8248,152,27990,0,5,76.92307692,0,0
39,2,1,0,7583,452,969,0,5,100.0,0,0
110,5,1,0,3825,192,0,1,0,22.22222222,0,1
54,2,0,0,7131,904,12,0,7,100.0,0,0
31,2,0,0,7297,372,0,0,5,30.76923077,0,0
83,3,1,0,495,236,0,1,2,4.918032787,3,1
24,1,0,0,-1,0,134401,1,5,59.09090909,0,1
275,3,1,0,658,438,9558648,1,0,100.0,5,1
87,2,1,0,2115,77,0,1,0,80.0,0,1
61,2,1,0,2221,335,0,1,0,60.0,3,1
163,3,0,0,2668,254,0,1,0,100.0,3,1
49,2,1,0,3893,124,173,1,10,13.33333333,0,0
43,2,0,0,6156,53,0,0,0,50.0,0,0
37,2,1,0,5819,390,1969325,0,3,18.75,0,0
59,3,1,0,8352,48,1321,0,6,70.83333333,1,0
40,2,0,0,7583,453,965,0,5,100.0,0,0
43,3,0,0,7157,150,2272,1,3,86.66666667,0,0
138,2,1,0,293,73,0,1,0,80.0,1,1
53,4,0,0,-1,0,0,1,0,0.0,0,1
23,2,0,0,-1,350,1283724,0,2,94.87179487,0,0
29,2,0,0,7621,50,56198,1,6,72.0,0,1
70,2,1,0,8347,2975,1,1,10,0.0,0,1
34,2,2,0,7298,372,0,0,5,0.0,0,0
34,2,0,0,1950,242,341948,1,1,0.0,1,1
90,1,9,0,6054,194,41,0,8,20.0,0,0
62,1,0,0,-1,246,0,1,0,100.0,0,1
33,1,0,0,2941,346,812399,0,5,66.66666667,0,0
106,3,1,1,4609,140,0,1,3,50.0,4,1
16,1,0,0,334,0,0,0,2,0.0,0,1
42,2,0,0,4733,16,576147,0,3,100.0,0,0
57,3,0,0,4454,293,1467571,0,4,40.0,2,0
38,2,0,0,1377,84,0,0,0,0.0,0,1
75,3,0,0,6963,342,354872,1,3,0.0,0,1
45,1,1,0,91,274,0,1,3,100.0,0,1
110,3,1,0,1797,395,0,1,0,100.0,2,1
47,1,0,0,3584,433,250391,0,5,63.63636364,0,0
99,4,8,0,7984,52,348,1,6,42.85714286,0,0
36,2,0,0,7134,900,13,0,7,100.0,0,0
45,2,1,0,7189,116,481145,1,1,81.81818182,0,1
67,3,0,0,-1,32,0,1,0,0.0,0,1
32,3,0,0,1000,96,0,1,0,0.0,0,1
32,4,0,0,1,364,0,1,0,100.0,0,1
29,2,0,0,2479,77,2339837,0,4,96.15384615,0,0
91,2,5,0,9310,735,6136,0,5,87.5,1,0
34,2,0,0,3360,292,60722,0,4,73.33333333,0,0
34,3,0,0,6573,2,0,0,3,0.0,0,0
42,2,0,0,1950,242,341948,1,1,0.0,1,1
22,2,0,0,-1,0,70132,0,5,50.0,0,0
37,3,0,0,-1,0,198565,1,1,94.44444444,1,0
13,1,0,0,-1,1544,1779698,0,2,100.0,0,0
79,3,1,1,4603,145,797163,1,1,0.0,0,1
55,3,4,0,4887,227,0,0,3,45.45454545,0,0
36,3,1,0,252,114,2602858,1,0,18.75,0,1
94,2,1,0,330,401,0,1,0,100.0,2,1
123,2,0,0,9339,157,21,0,5,0.0,0,1
26,3,0,0,8757,1115,108411,0,5,50.0,0,0
113,3,1,0,521,209,375731,1,2,100.0,0,1
24,2,0,0,-1,0,94585,0,2,100.0,0,0
22,2,0,0,7485,186,93739,0,4,0.0,0,0
72,2,6,0,3958,60,1171381,0,3,38.46153846,0,0
26,2,1,0,2971,316,8916361,0,1,47.36842105,0,0
52,2,0,0,-1,0,0,1,0,100.0,0,1
26,2,0,0,-1,3437,0,1,3,100.0,0,1
70,5,2,0,5626,218,0,1,5,0.0,0,1
46,3,1,0,-1,255,0,1,0,0.0,2,1
49,2,0,0,7133,902,12,0,7,100.0,0,0
87,3,0,1,256,110,0,1,0,66.66666667,0,1
63,2,0,0,7156,150,2250,1,3,86.66666667,0,0
44,2,0,0,5028,2642,9583,0,6,100.0,0,0
75,2,5,0,1939,617,8011140,1,3,100.0,2,0
60,2,2,0,377,0,0,1,0,0.0,0,1
21,2,0,0,6135,75,0,0,2,44.44444444,0,0
72,3,0,0,976,120,0,1,0,0.0,1,1
22,2,0,0,3505,148,0,0,2,0.0,0,0
59,3,1,0,-1,3328,98797,0,4,0.0,0,0
93,4,1,0,495,236,0,1,2,4.918032787,2,1
21,1,0,0,-1,0,81605,0,5,92.85714286,0,0
42,1,0,0,286,79,0,0,0,0.0,0,1
96,2,1,0,7121,3470,33109,1,4,7.692307692000001,0,0
31,3,0,0,-1,0,4270990,0,3,0.0,0,0
18,2,0,0,7253,53,943419,1,1,0.0,0,1
31,2,0,0,9267,230,8505,0,7,0.0,0,0
24,2,0,0,4687,62,0,0,2,100.0,0,0
32,2,0,0,8547,220,4793022,0,3,55.55555556,0,0
38,2,0,0,7449,585,0,0,8,71.42857143,0,0
38,3,1,0,6844,96,904078,1,2,81.81818182,0,1
64,2,0,0,1684,142,4908352,1,0,87.5,1,1
61,2,3,0,5452,26,125976,1,3,60.0,0,0
28,2,0,0,1931,261,3635818,0,3,100.0,0,0
41,3,1,0,7219,2642,737,0,6,0.0,0,0
43,2,0,0,1460,1,0,1,0,100.0,0,1
26,2,0,0,-1,0,765762,0,3,66.66666667,0,0
28,2,0,0,1903,288,328534,0,2,81.48148148,0,0
22,2,0,0,-1,550,0,1,2,0.0,0,1
77,4,1,0,1728,464,0,1,3,20.0,3,1
144,1,7,0,2,363,0,1,0,7.317073171,0,1
43,2,1,0,3934,84,0,1,0,0.0,0,1
106,8,2,0,-1,0,0,1,0,100.0,0,1
54,3,1,0,5447,31,58454,1,4,83.33333333,0,0
52,2,1,0,10182,409,2931,0,5,82.5,1,0
39,2,0,0,7447,587,0,0,8,23.80952381,0,0
23,2,1,0,7533,159,333891,0,5,100.0,0,0
29,2,1,0,-1,0,0,0,3,90.90909091,0,0
61,2,0,0,8831,505,2695,1,6,89.28571429,0,0
38,2,0,0,5161,1047,114,1,8,50.0,0,0
41,3,0,0,2956,330,0,1,0,50.0,0,1
51,4,0,0,12350,0,7863,0,5,100.0,0,0
29,2,0,0,8463,669,303877,0,4,66.66666667,0,0
106,2,1,0,2046,146,0,1,0,85.71428571,3,1
57,2,0,0,7133,902,12,1,7,100.0,0,0
116,3,0,0,8019,381,0,1,4,9.090909091,0,1
23,2,1,0,4647,0,0,0,4,75.0,0,0
41,1,1,0,1709,117,2901383,0,3,37.5,0,0
71,2,2,0,-2,353,0,1,0,100.0,0,1
79,4,0,0,-1,366,4436986,1,2,83.33333333,1,1
29,2,0,0,7296,373,408732,0,5,30.43478261,0,0
119,3,12,0,8453,312,72686,0,5,0.0,1,0
458,5,2,0,7086,948,18263,1,3,0.0,0,1
46,4,0,0,5331,148,0,1,0,0.0,0,1
104,2,2,0,1706,120,4830221,1,2,100.0,2,1
58,2,1,0,2232,324,9330247,1,2,0.0,2,1
83,3,0,0,330,35,0,1,0,87.5,0,1
69,3,2,0,5396,3005,42544,0,5,50.0,0,0
16,1,0,0,41,323,0,0,1,66.66666667,0,0
78,2,5,0,1261,199,5796653,0,3,35.71428571,0,0
52,3,1,0,-1,327,0,1,0,100.0,0,1
27,2,0,0,3016,270,184890,0,3,4.347826087,0,0
28,2,0,0,4515,233,0,0,3,50.0,0,0
50,2,2,0,9280,63,126,1,7,45.0,0,0
73,3,4,0,2775,146,7193681,0,4,25.0,0,0
35,1,0,0,9269,1325,8474,0,7,80.0,0,0
37,2,0,0,1199,0,0,1,1,0.0,0,1
97,2,8,0,5163,680,374021,0,3,87.5,0,0
25,2,0,0,2427,130,0,1,0,0.0,0,1
43,3,0,0,7159,147,2320,1,3,86.66666667,0,0
49,1,0,0,6391,184,0,1,1,100.0,1,1
27,3,0,0,3706,677,2945433,0,3,54.54545455,0,0
32,1,0,0,6871,369,2774303,1,2,40.0,0,1
49,2,2,0,7812,468,210,0,7,100.0,0,0
45,1,0,0,3828,555,5619,0,5,88.88888889,0,0
148,2,1,0,883,577,0,1,0,0.0,1,1
64,3,1,0,2345,211,0,1,0,10.0,3,1
28,2,0,0,-1,0,0,0,0,66.66666667,0,0
76,2,1,0,287,443,0,1,0,87.5,3,1
33,2,1,0,7297,372,0,1,5,0.0,0,1
52,2,3,0,7445,224,145656,1,4,66.66666667,0,0
54,2,3,0,7296,373,0,1,5,0.0,0,1
59,2,0,0,5961,613,3729,0,6,100.0,0,0
89,8,1,0,-1,274,0,1,0,0.0,0,1
27,1,1,0,718,12,0,1,0,0.0,0,1
56,3,1,0,5803,406,0,1,2,0.0,0,1
36,2,0,0,-1,411,0,0,0,100.0,0,0
39,2,0,0,6259,2506,682,0,6,61.53846154,0,0
40,2,1,0,5159,1049,0,0,8,100.0,0,0
30,1,0,0,4019,1,0,1,2,0.0,0,1
32,1,0,0,1496,694,2979260,1,2,66.66666667,0,1
27,1,0,0,1204,257,379676,1,3,70.0,0,0
25,2,0,0,6378,197,0,0,4,66.66666667,0,0
81,5,1,0,4003,14,5816617,1,0,100.0,0,1
73,3,5,0,323,43,0,1,0,0.0,0,1
57,3,1,0,10677,282,23,1,8,100.0,0,0
113,3,0,0,4225,523,11753,1,3,100.0,0,1
49,2,0,0,7129,906,12,0,7,100.0,0,0
27,2,0,0,358,8,0,1,1,0.0,0,1
68,3,0,0,7351,684,0,0,4,0.0,0,0
31,2,0,0,7298,371,2347807,0,5,0.0,0,0
57,5,2,0,5627,217,0,1,5,0.0,1,1
201,2,0,0,1206,255,0,1,0,0.0,2,1
110,4,7,0,7448,587,385,1,8,0.0,0,0
61,3,2,0,7919,116,5635,0,6,66.66666667,0,0
35,2,0,0,152,214,5008870,1,0,85.71428571,0,1
56,3,1,0,5440,38,0,1,2,33.33333333,0,0
30,2,0,0,4384,191,0,0,6,100.0,0,0
88,2,5,0,9397,1559,15,0,9,0.0,0,0
44,2,1,0,-1,145,0,1,3,80.0,0,0
37,2,0,0,5526,24,749882,0,5,77.77777778,0,0
52,2,2,0,56,308,0,0,0,66.66666667,0,1
67,3,1,0,-1,0,758839,0,5,0.0,0,0
19,2,0,0,-2,320,0,1,0,100.0,0,1
47,2,1,0,199,0,0,1,0,0.0,0,1
61,4,1,0,2517,40,0,1,2,0.0,3,1
32,2,0,0,3015,272,1975489,0,3,0.0,0,0
22,2,0,0,-1,270,976514,0,3,50.0,0,0
59,4,0,0,-1,13,0,1,0,0.0,1,1
22,2,0,0,-1,482,0,0,1,90.47619048,0,0
52,3,1,0,-1,126,3977938,0,4,33.33333333,0,0
98,6,2,0,1317,144,889963,1,2,100.0,0,1
73,3,1,0,1015,80,1196152,1,2,0.0,0,1
101,2,7,0,9097,33,1193,0,6,22.22222222,0,0
57,4,3,0,5615,228,0,1,5,0.0,2,1
21,2,0,0,-1,340,0,0,0,100.0,0,1
78,3,4,0,7918,117,5638,1,6,71.42857143,0,0
60,2,0,0,5231,247,0,0,7,93.33333333,0,0
48,2,0,0,5301,542,0,1,0,0.0,0,1
64,3,1,0,157,209,0,1,0,100.0,3,1
54,2,2,0,7984,51,36841,0,5,46.15384615,0,0
84,2,4,0,9206,509,6081,0,6,57.5,1,0
51,3,0,0,11558,129,611,1,7,100.0,0,0
80,6,2,1,5612,231,0,1,5,0.0,0,1
91,4,5,0,-1,0,0,1,0,0.0,3,1
34,2,1,0,5788,2667,163,0,7,0.0,0,0
82,2,1,0,2542,380,2034769,1,3,83.33333333,3,1
20,2,0,0,7861,190,42346,0,3,100.0,0,0
33,2,2,0,-1,0,0,0,2,42.85714286,0,0
62,2,2,0,4391,357,0,1,0,60.0,0,1
32,2,0,0,4330,1513,1581987,0,4,92.85714286,0,0
19,1,0,0,7716,0,9611882,0,3,100.0,0,0
18,1,0,0,-1,138,969359,0,4,80.0,0,0
132,3,2,0,7764,272,32,0,5,0.0,0,1
111,2,4,0,2214,23,0,1,0,0.0,0,1
41,1,0,0,279,86,0,0,3,100.0,0,0
29,2,0,0,2492,64,0,1,0,50.0,0,1
29,1,0,0,3731,287,1712890,1,2,0.0,0,1
39,1,0,0,2718,205,0,1,2,0.0,0,1
39,2,0,0,-1,0,1442242,0,3,100.0,0,0
134,4,7,1,-1,0,0,1,0,66.66666667,1,1
44,3,2,0,-1,0,0,1,0,95.65217391,0,1
32,2,0,0,7907,817,154,0,7,78.72340426,0,0
23,2,0,0,9003,128,495604,0,4,76.92307692,0,0
41,3,0,0,6238,337,62,1,8,62.5,0,0
26,2,0,0,9254,609,241824,0,6,20.0,0,0
32,2,0,0,4898,945,1296086,0,3,66.66666667,0,0
48,3,0,0,8,357,0,1,0,100.0,1,1
47,3,0,0,-1,300,82,0,7,0.0,0,1
24,2,0,0,2460,97,105724,0,3,84.61538462,0,0
57,3,1,0,4426,321,2108258,0,5,100.0,0,0
75,2,0,0,5850,359,0,1,0,0.0,0,1
52,5,0,1,5614,230,0,1,5,0.0,0,1
27,2,0,0,4259,124,7732775,0,3,55.55555556,0,0
61,5,1,0,5615,228,0,1,5,0.0,2,1
44,1,1,0,-1,0,0,1,1,100.0,0,1
40,1,0,0,771,689,0,1,0,18.18181818,0,1
35,4,0,0,5614,230,0,1,5,0.0,0,1
28,2,0,0,3639,14,2923557,0,4,80.0,0,0
59,2,4,0,2733,918,104044,0,5,100.0,0,0
30,2,0,0,-1,0,2173636,0,2,61.53846154,0,0
42,2,0,0,6606,333,899,1,5,87.09677419,0,1
100,3,1,0,254,112,0,1,0,97.5,3,1
74,2,0,0,111,253,2278163,0,0,100.0,0,1
21,2,0,0,2632,289,380180,0,3,97.61904762,0,0
61,4,0,0,3631,0,0,1,0,0.0,1,1
56,2,0,0,2191,366,0,1,0,50.0,0,1
227,4,0,0,4873,0,0,1,2,0.0,1,1
51,3,0,0,6077,132,9952,0,5,100.0,1,0
60,3,0,0,7289,2181,51679,0,4,40.0,0,0
36,2,0,0,6646,294,0,1,0,0.0,0,1
51,3,0,0,5204,639,26730,0,5,66.66666667,0,0
83,3,4,0,5987,1318,129605,0,4,57.89473684,0,0
29,2,0,0,-1,249,0,1,0,80.0,0,0
26,2,0,0,2383,174,0,0,3,100.0,0,0
44,2,0,0,9,356,0,1,0,97.6744186,0,1
61,1,2,0,2300,257,0,1,2,40.0,2,1
25,2,0,0,-1,1557,0,0,5,0.0,0,0
43,3,1,0,5513,330,0,1,0,0.0,0,1
45,2,0,0,257,108,0,1,2,0.0,0,0
43,1,1,0,536,194,0,1,3,80.0,3,1
133,2,2,0,8019,381,0,0,4,7.692307692000001,0,1
43,2,3,0,5886,1418,184,0,6,88.88888889,0,0
83,2,6,0,6559,16,18688,0,4,57.14285714,0,0
58,2,2,0,5051,63,283,0,7,20.0,0,0
27,2,1,0,561,169,0,1,2,0.0,0,1
53,2,1,0,4397,350,0,1,2,0.0,2,1
71,2,0,0,4376,0,0,1,1,0.0,0,1
50,2,0,0,2314,1339,0,1,0,100.0,0,1
40,2,0,0,4217,166,819386,1,5,66.66666667,0,0
52,4,0,0,8986,1430,3248,1,6,66.66666667,0,0
81,3,0,0,-1,0,0,0,2,0.0,0,1
87,3,0,1,255,110,0,1,0,66.66666667,0,1
60,3,0,0,8148,617,12761,0,6,30.95238095,0,0
43,3,0,0,1337,123,20989,1,6,100.0,0,1
31,2,0,0,7309,360,0,0,5,0.0,0,1
27,2,0,0,-1,288,3102591,0,2,0.0,0,0
49,2,0,0,1975,217,0,1,0,33.33333333,0,1
57,2,0,0,6259,2506,683,0,6,64.28571429,0,0
82,4,0,0,5660,184,891,1,6,22.22222222,0,1
23,2,0,0,8212,188,2216,0,7,84.61538462,0,0
50,3,0,0,8046,3481,2603,0,6,0.0,0,0
31,2,0,0,4148,234,604851,0,2,41.66666667,0,0
71,5,2,1,5626,217,0,1,5,0.0,0,1
26,1,0,0,4454,294,0,1,1,0.0,0,1
25,2,0,0,-1,318,0,1,2,100.0,0,1
70,2,1,0,4627,121,1838,0,6,42.85714286,0,0
61,2,3,0,6474,101,0,0,10,0.0,0,0
46,2,0,0,-1,86,0,1,0,0.0,0,1
89,3,1,0,2280,277,333733,1,3,0.0,0,1
30,2,0,0,2871,50,4772904,0,3,61.53846154,0,0
41,2,1,0,6832,107,7474926,1,0,81.81818182,0,1
32,2,0,0,-1,0,0,0,4,0.0,0,0
50,3,0,0,1868,324,2161928,1,2,0.0,0,1
52,2,1,0,5670,0,0,1,0,0.0,0,1
35,4,0,0,-1,0,0,1,0,100.0,0,1
64,2,0,0,7452,218,0,1,1,100.0,1,1
24,2,0,0,-1,0,1544050,0,4,11.76470588,0,0
256,2,4,0,1109,352,0,1,0,2.040816327,2,1
234,4,0,0,918,178,0,1,0,100.0,4,1
67,3,0,0,5044,70,380,0,5,66.66666667,0,0
29,3,0,0,5706,138,496279,0,4,100.0,0,1
27,2,1,0,560,170,0,1,2,0.0,0,1
28,3,0,0,-1,-1,800765,1,2,0.0,0,1
64,2,3,0,6995,1406,102767,0,4,33.33333333,0,0
49,3,0,0,-1,294,0,1,0,0.0,0,1
117,4,0,0,4003,15,5816617,1,0,100.0,0,1
65,2,3,0,5224,984,137,0,8,58.82352941,0,0
25,2,0,0,8261,139,340918,0,4,50.0,0,0
101,1,0,0,5963,245,0,1,0,100.0,0,1
45,2,0,0,5143,335,45546,0,5,66.66666667,0,0
20,2,0,0,-1,221,492590,0,5,85.96491228,0,0
35,2,1,0,5594,250,0,1,2,91.66666667,0,0
25,2,0,0,11083,971,3822,0,6,21.62162162,0,0
54,3,1,0,8051,349,1593,0,5,90.90909091,0,0
46,3,0,0,6244,330,25469,0,4,100.0,0,0
51,2,3,0,-1,0,18753,0,6,92.30769231,0,0
41,2,0,0,285,81,0,1,0,100.0,0,1
26,2,0,0,-1,0,405005,0,4,8.0,0,0
49,2,0,0,2344,212,233673,1,2,57.14285714,0,0
48,2,0,0,4184,199,635867,0,3,0.0,0,1
23,1,0,0,920,0,11781,1,6,91.66666667,0,1
29,2,0,0,7055,250,2779826,1,0,81.81818182,0,1
33,2,0,0,-1,109,0,1,1,100.0,0,1
49,4,2,0,5627,217,0,1,5,0.0,1,1
35,1,0,0,7507,3085,1798,0,5,55.55555556,0,0
38,3,0,0,8315,450,645,1,5,96.15384615,0,0
35,3,0,0,-1,0,6084457,0,1,95.34883721,1,0
44,3,0,0,1337,123,20989,0,6,100.0,0,1
40,2,0,0,4488,990,2880,0,5,92.85714286,0,0
39,2,0,0,244,121,0,0,1,100.0,0,1
133,10,2,1,4045,681,0,1,0,33.33333333,1,1
96,3,11,0,5240,603,19067,0,5,70.96774194,0,0
43,2,0,0,7733,302,3779,1,4,0.0,2,1
77,2,6,0,7217,280,205950,0,5,63.63636364,0,0
82,1,6,0,8235,165,6902,0,5,50.0,0,0
114,3,2,0,2299,257,0,1,2,40.0,2,1
84,3,4,0,3452,201,3893420,1,2,0.0,0,0
46,2,0,0,-1,0,0,1,0,100.0,0,1
18,2,0,0,-1,1196,0,0,4,91.30434783,0,0
38,2,0,0,7297,372,0,0,5,0.0,0,0
92,3,0,0,7337,2890,52443,0,5,100.0,0,0
360,4,13,0,6114,95,6765657,1,2,0.0,1,1
47,3,0,0,1546,644,4669,1,2,15.78947368,1,1
29,1,1,0,7949,158,0,1,2,40.0,0,0
81,2,4,0,-1,372,1272421,0,3,91.66666667,0,0
22,2,0,0,-1,168,85514,0,5,88.88888889,0,0
41,2,2,0,2581,340,3704884,1,4,0.0,0,1
39,3,1,0,30,334,0,1,0,100.0,1,1
29,2,0,0,1258,202,0,0,3,100.0,0,0
83,3,2,0,11272,0,53341,1,5,0.0,0,0
29,2,0,0,1445,16,3516394,0,2,12.5,0,0
35,2,0,0,3119,533,77072,0,4,23.07692308,0,0
42,2,0,0,1337,123,20989,1,6,100.0,0,1
34,2,0,0,7298,371,3086914,0,5,0.0,0,0
20,2,1,0,984,111,1232956,0,2,91.66666667,0,1
75,2,2,0,1690,136,5546683,1,2,100.0,0,1
42,2,1,0,6831,108,1605716,1,0,81.81818182,0,1
27,2,0,0,6018,191,566864,0,3,0.0,0,0
33,2,0,0,1953,2430,4365,1,3,0.0,0,1
82,2,4,0,1117,344,887451,1,2,28.57142857,0,1
60,2,2,0,5809,2226,228,0,7,10.0,0,0
55,5,2,0,5626,218,2278575,1,5,50.0,0,1
55,3,0,0,6566,338,63052,1,5,80.0,0,0
25,1,0,0,371,359,0,0,0,75.0,0,1
52,1,3,0,5215,264,0,0,4,100.0,0,0
46,4,2,0,5614,230,0,1,5,0.0,0,1
51,2,0,0,7133,902,12,0,7,100.0,0,0
44,3,0,0,-1,0,6693123,1,0,0.0,0,1
23,2,0,0,-1,15,5338415,0,2,97.36842105,0,1
28,1,1,0,-1,520,9707033,1,0,50.0,0,1
32,2,0,0,2835,86,0,1,2,18.18181818,0,1
26,2,0,0,-1,0,154374,0,4,33.33333333,0,0
236,2,1,0,3047,239,0,1,1,100.0,5,1
56,2,5,0,7909,490,939,0,6,100.0,0,0
17,1,0,0,3141,147,0,0,2,50.0,0,0
41,2,1,0,2836,85,0,0,2,100.0,0,1
35,1,3,0,0,364,0,1,0,0.0,0,1
21,1,0,0,-1,0,0,0,1,86.36363636,0,0
61,2,1,0,6318,2082,8280,0,6,76.92307692,0,0
37,1,0,0,4921,558,9927134,1,1,0.0,0,1
121,5,0,0,3993,25,5707171,1,0,100.0,0,1
34,4,0,0,687,44,0,1,0,60.0,0,1
37,2,0,0,1154,1036,2126106,0,3,50.0,0,1
17,1,0,0,-1,0,0,0,4,95.23809524,0,0
33,1,1,0,289,77,0,1,0,100.0,0,1
57,3,1,0,-1,0,141081,0,5,100.0,0,0
32,2,0,0,-1,301,2169284,1,3,0.0,0,1
238,15,2,0,62,303,0,1,0,50.0,2,1
50,5,1,0,-1,2110,0,1,1,75.0,1,1
128,5,1,1,4609,139,0,1,3,50.0,4,1
71,3,2,0,-1,0,361309,0,4,12.5,0,0
38,4,0,0,88,277,9498326,1,0,66.66666667,0,1
23,1,0,0,5251,0,2417293,0,4,4.347826087,0,0
36,2,1,0,560,170,0,0,2,87.5,0,1
55,2,1,0,6259,680,6679,0,6,86.66666667,0,0
45,1,0,0,183,183,0,1,0,100.0,0,0
25,2,0,0,8914,219,74155,0,5,92.30769231,0,0
27,1,1,0,2333,224,0,1,0,0.0,0,1
49,3,0,0,8248,1613,51164,1,5,100.0,0,0
36,2,2,0,2675,247,611434,0,3,25.0,0,0
126,3,1,0,1344,0,0,1,0,0.0,5,1
24,2,0,0,1109,351,5582632,0,2,62.96296296,0,0
87,2,1,0,415,316,0,1,0,0.0,3,1
145,2,2,0,-1,58,10687767,1,0,100.0,2,1
38,2,0,0,1950,242,341948,1,1,0.0,1,1
42,3,1,0,7406,494,2195,0,6,100.0,0,0
23,2,0,0,711,19,2046137,0,2,100.0,0,1
47,2,1,0,9290,208,5086,1,7,100.0,0,0
89,2,7,0,6200,374,1364953,1,4,80.0,0,0
64,3,2,0,4606,508,0,1,4,60.0,0,0
89,3,1,0,175,190,0,1,0,100.0,4,1
42,3,0,0,7160,146,2358,0,3,86.66666667,0,0
52,2,1,0,9283,60,124,0,7,71.42857143,0,0
132,1,2,0,777,318,0,1,1,80.0,3,1
122,3,0,0,9282,215,2118,1,7,50.0,0,0
28,3,0,0,-1,0,0,1,0,0.0,0,1
81,4,0,1,-1,250,0,1,1,0.0,0,1
29,2,1,0,-1,0,77586,0,1,0.0,1,1
110,4,5,1,2394,1258,0,1,2,100.0,2,1
71,2,2,0,5228,250,0,1,2,50.0,1,1
34,2,0,0,5257,587,0,0,4,90.90909091,0,0
48,2,1,0,7616,132,2190,0,5,47.36842105,0,0
45,2,2,0,5573,271,18143,0,5,50.0,1,0
58,3,0,0,6984,1050,3568,1,6,94.11764706,0,0
118,3,2,0,1620,207,2363,1,4,23.07692308,0,1
20,1,0,0,662,68,1167594,1,2,71.42857143,0,1
36,2,0,0,21,344,0,1,0,100.0,0,1
28,3,0,0,-2,357,0,1,2,100.0,0,1
13,1,0,0,-1,408,676515,0,2,75.0,0,0
46,2,0,0,6434,1236,325,0,7,11.11111111,0,0
64,1,5,0,8712,53,1811,0,7,52.42718447,0,0
28,2,0,0,4632,2307,38677,0,3,93.10344828,0,0
49,2,1,0,9513,1443,129,0,8,36.0,0,0
31,2,0,0,-1,0,0,0,1,100.0,0,0
40,1,1,0,8369,396,0,1,0,0.0,0,1
24,1,0,0,-1,0,0,0,0,100.0,0,0
73,2,0,0,6338,602,289,0,5,100.0,0,0
26,2,0,0,5153,325,10655328,0,3,88.0,0,0
22,2,0,0,6350,225,0,0,3,100.0,0,0
65,3,0,0,82,283,0,1,0,81.81818182,1,1
35,2,1,0,7295,374,0,1,5,0.0,0,1
28,1,0,0,2670,252,0,1,0,0.0,0,1
27,2,0,0,1900,291,2457329,0,4,33.33333333,0,0
82,2,3,0,6765,0,185235,0,3,66.66666667,0,0
51,2,0,0,164,201,0,1,0,0.0,1,1
75,3,0,0,6962,343,347165,1,3,0.0,0,1
23,2,0,0,8734,761,106468,0,3,66.66666667,0,0
56,3,4,0,4473,275,53341,0,4,72.72727273,0,0
96,3,0,0,4843,270,9602,0,5,0.0,1,1
33,2,0,0,-1,0,76986,0,4,0.0,0,0
25,2,0,0,4011,0,0,0,2,86.66666667,0,0
86,3,3,0,403,328,0,1,3,95.0,0,0
112,3,0,0,7351,318,1518,0,5,100.0,2,0
33,2,1,0,3009,278,0,0,0,0.0,0,1
78,2,1,0,3251,0,0,1,0,0.0,2,1
54,3,0,0,3573,444,0,1,1,100.0,1,0
63,3,2,0,7919,116,5635,1,6,91.66666667,0,0
80,4,0,0,5331,148,0,1,0,0.0,1,1
28,2,0,0,2868,54,336709,0,2,90.90909091,0,0
44,2,0,0,7299,371,3123496,0,5,16.66666667,0,0
116,2,0,0,9025,835,3101052,1,3,40.0,0,0
65,3,1,0,6288,1016,0,1,4,0.0,2,0
31,2,0,0,1270,190,73365,0,3,38.46153846,0,0
66,3,1,0,2805,482,1244719,1,2,100.0,2,1
31,2,0,0,-1,0,1291451,0,2,77.77777778,0,0
38,2,0,0,3811,936,4223292,0,4,81.81818182,0,0
47,3,0,0,5242,237,7469069,1,3,100.0,0,0
41,2,0,0,-1,187,105102,0,4,94.44444444,0,0
77,4,0,0,7537,3421,0,1,0,100.0,0,1
44,2,0,0,2793,128,0,1,0,100.0,0,1
36,2,0,0,3882,501,0,0,4,40.0,0,0
17,1,0,0,1218,243,2642183,0,1,100.0,0,0
88,2,0,0,3206,812,0,1,0,0.0,0,1
28,2,0,0,3220,67,1186755,0,4,100.0,0,0
62,3,0,0,8124,276,8743,0,5,100.0,0,0
72,3,4,0,2783,138,43535,0,5,63.63636364,0,0
113,2,0,0,8346,2976,1,1,10,37.5,1,1
45,3,0,0,9806,0,66583,0,5,0.0,0,0
39,2,0,0,9202,296,684,0,6,90.47619048,0,0
23,2,0,0,6909,29,108150,0,4,81.69014085,0,0
40,2,2,0,-1,0,397194,1,2,100.0,1,1
53,2,1,0,7837,198,603,0,6,31.25,0,0
43,3,1,0,200,166,0,1,2,0.0,1,1
36,2,0,0,1338,122,22211,1,6,100.0,0,1
38,2,1,0,-1,3266,4731,0,8,0.0,0,0
37,2,0,0,2519,403,0,1,0,100.0,1,1
128,4,1,0,4003,14,5816617,1,0,100.0,0,1
95,2,0,0,8832,503,2707,1,6,89.28571429,0,0
89,5,1,0,253,113,0,1,0,66.66666667,0,1
83,2,0,0,7131,0,12,0,7,100.0,0,0
38,2,0,0,8081,684,3004473,0,4,0.0,0,0
36,2,0,0,1119,341,0,0,1,0.0,0,0
123,5,0,0,3993,25,5707171,1,0,100.0,0,1
41,2,0,0,6315,280,0,1,0,0.0,0,1
31,1,0,0,4101,282,41054,1,6,94.73684211,0,1
37,2,0,0,6606,333,908,1,5,87.09677419,0,1
26,1,0,0,-1,278,0,1,0,100.0,0,1
21,2,0,0,9124,7,58821,0,7,52.38095238,0,0
19,1,0,0,-1,65,0,0,0,80.0,0,0
35,2,2,0,8440,325,3175,0,7,70.27027027,0,0
45,2,4,0,4490,257,0,0,3,50.0,1,1
41,2,0,0,2301,256,22884,1,3,0.0,0,1
29,2,0,0,4337,2602,648389,0,4,10.0,0,0
51,2,0,0,7130,905,12,0,7,100.0,0,0
32,2,0,0,1535,655,4641,1,2,5.263157895,0,1
37,1,0,0,7186,1945,20789,0,5,87.5,0,0
40,2,2,0,9422,439,1074,0,7,9.090909091,0,0
105,5,0,1,4258,127,166976,1,4,0.0,0,1
49,3,0,0,8405,1456,138739,0,5,0.0,0,0
45,2,0,0,3378,274,3100263,1,4,0.0,0,1
46,3,0,0,1338,122,22211,1,6,100.0,1,1
33,2,0,0,7,357,0,1,0,100.0,0,1
59,3,0,0,3060,592,4458295,0,2,95.65217391,0,0
74,3,4,0,2783,138,43710,0,5,60.0,0,0
48,2,0,0,4410,338,0,1,1,0.0,0,1
56,1,4,0,3270,1112,235408,0,5,25.0,0,0
62,2,3,0,1015,80,1196152,1,2,0.0,0,1
94,3,1,0,1016,79,1211946,1,2,0.0,0,1
237,2,0,0,241,125,0,1,0,50.0,2,1
33,2,0,0,8965,1260,70,0,8,0.0,0,0
37,2,0,0,4672,77,0,0,2,70.0,0,0
127,3,4,0,1669,157,1961063,1,0,9.090909091,0,1
39,2,0,0,1338,122,22211,1,6,100.0,0,1
89,3,1,0,-1,0,0,1,2,100.0,4,1
51,2,0,0,2315,1338,0,1,0,100.0,0,1
37,2,0,0,5440,38,5483,0,6,88.88888889,0,0
87,1,1,0,244,122,0,1,0,100.0,3,1
35,2,3,0,44,321,0,1,0,0.0,0,1
39,2,0,0,1547,644,4639,1,2,60.43956044,0,1
77,3,4,0,3468,184,71893,0,6,35.29411765,0,0
89,3,2,0,7224,538,7674,0,6,0.0,0,0
26,2,0,0,8756,9,65241,1,3,75.0,0,1
24,3,0,0,-1,0,9140,0,5,91.66666667,0,0
55,2,1,0,7619,129,2205,0,5,47.36842105,0,0
37,3,0,0,720,11,0,1,0,0.0,0,1
54,1,0,0,5233,246,10313348,1,3,0.0,0,1
38,1,3,0,5,359,0,1,0,0.0,0,1
79,3,5,0,3602,51,3149099,1,5,4.166666667,0,0
19,2,0,0,-1,0,581135,0,2,88.88888889,0,0
54,2,2,0,5848,1457,110671,1,4,25.0,0,0
19,2,0,0,8822,1769,1118419,0,4,95.65217391,0,0
34,2,0,0,774,322,105290,0,2,78.57142857,0,1
60,5,0,0,5615,228,0,1,5,0.0,0,1
43,4,0,0,-1,0,0,1,0,0.0,0,1
46,3,0,0,-1,5,0,1,2,0.0,0,1
25,2,0,0,1954,0,324993,0,3,50.0,0,0
33,1,0,0,7491,179,63,1,10,50.0,0,0
33,2,0,0,-1,634,285559,0,5,0.0,0,0
52,2,0,0,6680,259,12789,0,5,87.5,0,0
77,2,0,0,8348,2974,1,1,10,0.0,1,1
24,2,0,0,2371,2012,89351,0,4,100.0,0,0
90,4,1,1,254,112,0,1,0,50.0,0,1
59,5,2,0,5627,217,0,1,5,0.0,0,1
23,2,0,0,6529,410,1271666,0,3,100.0,0,0
67,3,2,0,2488,68,0,1,2,0.0,0,0
52,3,0,0,-2,363,784630,0,3,100.0,1,0
33,4,0,0,-1,0,80841,1,1,75.0,0,1
31,2,0,0,6660,1657,1791361,0,2,69.23076923,0,0
34,2,0,0,3539,113,0,0,3,73.33333333,0,0
37,3,0,0,8088,1407,7047,0,4,100.0,0,1
31,3,0,0,-1,376,0,1,1,100.0,0,1
23,2,0,0,8430,335,567,0,7,100.0,0,0
26,2,0,0,8944,301,944274,0,4,10.0,0,0
47,2,0,0,6259,2506,682,0,6,61.53846154,0,0
33,2,0,0,1953,2430,4365,0,3,0.0,0,1
36,2,0,0,7447,587,0,0,8,21.73913043,0,0
65,3,2,0,6201,373,171108,0,5,0.0,0,0
315,3,1,0,7499,172,1079600,1,2,100.0,0,1
41,2,0,0,2683,239,80446,0,4,100.0,0,0
52,3,0,0,-1,527,0,1,1,0.0,0,1
25,2,0,0,2038,153,2663228,0,3,50.0,0,0
126,2,1,0,322,43,126941,1,0,0.0,4,1
33,2,0,0,7737,298,1601,0,4,38.46153846,0,0
44,4,0,0,1534,292,0,1,0,0.0,0,1
22,2,0,0,7701,334,157749,0,3,83.33333333,0,0
36,2,0,0,3799,219,7256020,0,5,6.818181817999999,0,0
49,2,1,0,2128,63,17173,1,4,16.66666667,0,0
30,2,0,0,7298,371,5738074,0,5,7.142857143,0,0
64,5,2,0,5616,227,0,1,5,0.0,0,1
110,3,0,0,-1,0,67041,0,5,100.0,0,1
27,2,0,0,2964,323,2913616,0,3,92.0,0,0
82,3,0,0,7083,952,17964,1,3,0.0,0,1
217,9,0,0,874,222,8899502,1,0,50.0,0,1
27,2,1,0,6791,2704,296232,0,3,50.0,0,0
26,2,0,0,4441,306,1175360,0,5,50.0,0,0
34,2,0,0,4558,190,2424363,0,4,85.0,0,0
107,3,1,1,4609,140,0,1,3,50.0,4,1
86,3,1,0,6249,326,0,1,0,100.0,3,1
24,2,1,0,2842,79,223021,0,2,2.631578947,0,0
31,2,0,0,7189,116,490968,1,2,81.81818182,0,1
40,2,0,0,6606,333,899,1,5,87.09677419,1,1
26,2,0,0,3020,266,262457,0,3,0.0,0,0
53,2,0,0,8833,503,2717,0,6,89.28571429,0,0
19,1,0,0,-1,0,35701,1,6,0.0,0,1
128,5,1,0,4003,14,5816617,1,0,100.0,0,1
25,3,0,0,3165,123,799767,0,4,96.42857143,0,0
47,3,0,0,8387,13,788213,0,5,75.0,0,0
39,2,0,0,8051,713,57926,0,4,68.96551724,0,0
61,5,0,0,-1,244,2773762,1,2,93.33333333,1,1
43,3,0,0,-1,0,48450,0,6,0.0,0,0
43,1,0,0,31,334,0,1,0,100.0,1,1
47,2,0,0,-1,105,0,1,1,0.0,0,0
22,2,0,0,5576,304,131599,0,4,0.0,0,0
147,2,0,0,376,10,0,1,0,0.0,1,1
17,2,0,0,-1,62,297787,0,4,73.33333333,0,0
55,5,2,0,5626,218,0,1,5,0.0,0,1
84,3,6,0,540,0,0,1,0,0.0,0,0
58,2,2,0,2784,1963,71132,0,3,42.85714286,0,0
62,4,0,0,5616,228,0,1,5,0.0,0,1
32,3,1,0,8093,1767,3612,1,4,0.0,0,1
40,2,0,0,2004,188,0,0,2,11.11111111,1,0
35,3,0,0,-1,179,0,1,0,0.0,0,1
54,2,1,0,135,230,0,1,0,0.0,0,1
71,2,1,0,2694,593,0,1,0,44.44444444,3,1
30,2,0,0,2736,1280,6310833,0,5,50.0,0,0
45,2,0,0,4089,2484,0,1,0,60.0,1,1
96,3,1,0,971,125,0,1,0,46.15384615,2,1
34,2,1,0,7298,371,3725373,0,5,8.333333332999999,0,0
67,3,0,0,4212,170,0,1,0,0.0,0,1
69,3,2,0,323,43,0,1,0,0.0,0,1
54,3,3,0,4968,1972,8541,0,4,53.84615385,0,0
73,2,4,0,5222,986,135,0,8,58.82352941,0,0
44,2,0,0,7133,902,12,0,7,100.0,0,0
71,3,2,0,1079,381,710503,0,6,100.0,0,1
32,2,0,0,7412,282,1561104,1,2,0.0,0,1
122,2,1,0,8019,381,0,1,4,7.692307692000001,1,1
138,2,2,0,8018,382,0,1,4,0.0,0,1
61,1,6,0,3022,1360,32574,0,5,75.0,0,0
100,3,4,0,5797,46,4997,1,5,0.0,0,0
19,1,0,0,3166,122,37159,1,7,0.0,0,1
72,5,4,0,-1,0,37441,1,5,0.0,0,0
52,2,0,0,-1,112,48772,1,4,81.81818182,0,0
27,2,0,0,6535,39,1326081,0,4,100.0,0,0
37,3,1,0,-1,487,0,0,0,0.0,0,1
54,1,1,0,836,259,0,1,0,100.0,3,1
33,2,0,0,5074,1391,468378,0,4,100.0,0,0
49,2,1,0,7118,3473,32707,1,4,7.692307692000001,0,0
29,2,0,0,1515,311,0,1,0,100.0,0,1
30,2,0,0,6773,0,332267,0,4,85.0,0,0
139,5,1,0,4003,15,5816617,1,0,100.0,0,1
61,2,4,0,7913,486,943,0,6,100.0,0,0
39,1,1,0,162,203,0,1,0,0.0,2,1
105,2,1,0,8346,2976,1,1,10,33.33333333,1,1
82,3,0,0,-1,0,92080,0,4,75.0,0,0
41,2,0,0,7299,370,5682356,0,5,0.0,0,0
25,2,1,0,-1,0,8082898,0,3,87.5,0,0
56,3,2,0,6843,826,74297,0,5,100.0,0,0
47,5,0,0,5616,228,0,1,5,0.0,0,1
47,3,0,0,2869,53,10478953,1,0,0.0,1,1
42,2,0,0,1337,124,0,1,0,50.0,0,1
64,2,0,0,1536,655,4558,1,2,22.58064516,0,1
45,3,1,0,6402,173,0,1,2,0.0,0,0
36,3,0,0,716,380,0,1,4,0.0,0,1
33,2,0,0,3433,220,375480,0,6,65.21739129999999,0,0
36,1,0,0,3231,56,423762,0,5,90.0,0,0
44,4,0,0,12872,0,1943,1,5,100.0,0,0
27,2,0,0,3434,218,9424,0,5,85.71428571,0,0
22,1,0,0,3328,0,2401957,0,3,88.23529412,0,0
25,2,0,0,-1,0,215181,0,4,14.28571429,0,0
55,2,4,0,8159,2067,50501,0,3,85.71428571,0,0
22,1,0,0,-1,25,0,0,2,100.0,0,0
50,5,0,0,-1,0,0,1,0,10.0,1,1
64,2,2,0,8765,365,76848,0,6,90.0,0,0
62,2,2,0,8469,225,42124,0,4,91.83673469,0,0
75,4,0,1,1854,338,7237293,1,2,78.57142857,1,1
26,2,0,0,3388,265,0,1,3,100.0,0,1
43,2,0,0,5637,207,2,0,10,56.0,0,0
169,5,0,0,8348,2974,1,1,10,0.0,1,1
160,3,1,1,4284,99,0,1,1,66.66666667,2,1
67,1,7,0,4950,164,5977,0,7,79.16666667,0,0
79,2,1,0,3347,306,0,1,2,62.5,1,1
42,3,2,0,5913,295,86462,0,5,81.81818182,0,0
46,1,0,0,1794,33,0,1,0,0.0,0,1
56,2,0,0,7134,901,13,0,7,100.0,0,0
124,5,0,0,4003,14,5828815,1,0,100.0,0,1
66,3,0,0,-1,-1,442372,0,5,66.66666667,0,0
33,2,0,0,7130,905,12,0,7,100.0,0,0
30,3,1,0,-1,550,0,1,2,0.0,1,1
90,2,7,0,-1,0,4382,0,6,40.0,0,0
36,2,0,0,8323,76,1355200,1,3,75.0,0,0
51,2,3,0,9285,59,121,0,7,77.77777778,0,0
27,2,0,0,1801,25,38436,0,4,95.83333333,0,0
23,2,0,0,56,309,0,1,0,0.0,0,1
29,2,0,0,2613,309,4623984,0,3,33.33333333,0,0
25,2,0,0,1496,329,1337125,0,2,27.27272727,0,0
165,6,4,0,3064,223,0,1,1,100.0,3,1
54,2,1,0,5934,2101,1314432,0,4,0.0,0,0
72,3,2,0,7590,3003,635,1,5,78.57142857,0,0
34,2,0,0,1547,644,4639,1,2,20.0,0,1
58,3,0,0,6983,1051,3568,1,6,94.11764706,0,0
60,3,0,0,829,632,0,1,0,0.0,0,1
61,4,0,0,7526,145,107288,0,4,100.0,0,0
27,2,0,0,3861,522,8439309,0,2,25.0,0,0
49,3,1,0,8705,61,111648,0,5,66.66666667,0,0
45,1,0,0,258,107,0,1,0,0.0,0,1
126,4,3,0,2204,353,5038359,1,0,80.0,2,1
66,5,0,1,2238,319,8666349,0,0,66.66666667,0,1
68,4,0,0,3992,25,5697976,1,0,100.0,0,1
34,2,0,0,437,0,81638,1,1,0.0,1,0
81,4,2,0,135,230,0,1,0,100.0,0,1
22,2,0,0,6311,264,0,0,4,100.0,1,0
42,2,1,0,7496,174,1144878,1,4,100.0,0,0
31,2,0,0,3781,3158,6366,1,7,0.0,1,0
107,2,10,0,7764,271,32,0,5,64.0,0,0
28,2,0,0,2025,1993,174867,0,4,37.5,0,0
29,2,0,0,5239,239,643440,0,3,0.0,0,0
17,1,0,0,-1,0,2619360,0,4,100.0,0,1
52,4,1,0,13,0,0,1,0,100.0,1,1
64,3,0,1,224,141,0,1,0,100.0,0,1
54,2,2,0,2630,292,845,0,7,7.692307692000001,0,0
25,1,0,0,614,117,0,1,0,100.0,0,1
48,2,0,0,2241,315,0,1,0,0.0,1,1
56,2,1,0,6036,903,554648,1,5,0.0,0,0
84,2,4,0,-1,228,42884,0,5,75.0,0,0
80,3,1,0,4503,295,0,1,0,0.0,4,1
52,2,2,0,8346,2976,1,0,10,0.0,2,1
18,1,0,0,-1,333,518954,0,4,0.0,0,1
71,2,4,0,6257,1414,521,1,7,50.0,0,0
47,2,0,0,7133,901,12,0,7,100.0,0,0
105,3,0,0,5804,769,4953,1,2,0.0,0,1
39,3,1,0,7328,342,869662,1,0,81.81818182,1,1
36,1,0,0,1479,347,0,1,1,0.0,1,1
29,2,0,0,-1,186,908288,0,3,0.0,0,0
118,3,5,0,8757,280,24862,0,6,94.11764706,0,0
34,2,0,0,2301,256,22884,0,3,96.82539683,0,1
99,2,9,0,4057,326,98,0,5,15.38461538,0,0
31,2,0,0,-1,0,0,0,1,5.263157895,0,0
48,2,0,0,2348,208,242805,1,2,57.14285714,0,0
49,2,1,0,6605,334,899,1,5,87.09677419,0,1
36,2,0,0,3872,1055,785774,0,3,85.18518519,0,0
25,2,0,0,5159,1049,0,0,8,100.0,0,0
47,2,0,0,2252,304,0,1,1,0.0,2,1
58,2,0,0,8350,2972,1,0,10,0.0,0,0
37,2,2,0,3911,3176,7910131,0,2,70.0,0,1
25,1,0,0,5437,406,6738927,1,2,100.0,0,0
31,2,0,0,4340,42,6917,1,6,60.0,0,0
40,2,0,0,7587,449,988,0,5,100.0,0,0
62,2,5,0,7985,2691,13560,1,6,100.0,0,0
49,1,3,0,4721,393,0,1,4,87.5,0,0
25,2,0,0,-1,296,0,0,2,80.0,0,0
41,2,0,0,7133,902,12,0,7,100.0,0,0
28,2,0,0,5714,130,10088551,0,2,100.0,0,0
30,2,0,0,-1,183,3433037,0,3,70.0,0,0
52,2,1,0,9549,1773,7073,0,6,90.0,0,0
60,3,1,0,4397,350,0,1,2,0.0,2,1
47,3,1,0,7378,558,746847,1,2,100.0,3,1
23,1,0,0,2932,355,0,1,0,100.0,0,1
36,2,1,0,7299,370,1229372,0,5,17.64705882,0,0
74,2,5,0,-1,0,790874,0,5,95.65217391,0,0
50,3,0,0,2861,61,0,0,1,0.0,1,0
59,4,1,0,4914,545,58891,1,4,0.0,2,1
43,3,0,0,4987,492,0,1,0,9.090909091,0,1
49,4,0,0,-1,0,43376,0,4,0.0,0,0
41,2,1,0,7105,200,4224244,1,3,91.66666667,0,0
46,3,1,0,-1,0,4992,0,6,0.0,0,0
42,1,0,0,4537,212,0,1,1,0.0,0,1
44,3,0,0,5824,19,0,0,3,0.0,1,0
33,2,0,0,-1,-1,1888375,0,5,100.0,0,0
25,2,0,0,2342,214,263173,1,3,58.62068966,0,0
61,3,0,0,7890,145,1402896,0,4,33.33333333,0,0
57,2,0,0,-1,0,7782684,1,1,100.0,1,1
36,2,0,0,7992,2599,6459,0,4,83.33333333,0,0
56,5,2,0,5626,217,9331979,1,5,0.0,0,1
35,2,0,0,4499,179,0,0,2,60.0,0,0
55,3,1,0,4190,192,0,1,4,100.0,0,1
78,2,3,0,2578,343,8949,1,2,22.85714286,0,0
47,3,1,0,7523,148,2902,0,5,21.42857143,0,0
41,2,0,0,2590,332,0,1,0,0.0,0,1
57,2,0,0,8348,2974,1,1,10,50.0,2,1
55,3,0,0,2563,1088,0,1,0,100.0,0,1
56,3,0,0,5044,70,380,0,5,66.66666667,0,0
39,2,0,0,7583,452,965,0,5,100.0,0,0
19,2,0,0,-2,316,0,1,0,100.0,0,1
27,2,0,0,5022,91,2714532,0,3,85.71428571,0,0
37,2,0,0,-1,227,382395,0,4,44.0,0,0
42,2,0,0,7133,902,12,0,7,100.0,0,0
35,1,0,0,240,126,0,1,0,0.0,0,1
32,1,1,0,1777,50,2408885,1,3,100.0,0,1
47,2,0,0,2573,0,0,1,0,88.88888889,1,1
149,2,4,0,6348,227,2869931,1,2,72.72727273,0,0
121,2,2,0,8019,381,0,1,4,7.692307692000001,0,1
65,2,1,0,181,185,0,1,0,100.0,0,1
204,2,1,0,3424,228,2089560,1,2,33.33333333,0,1
15,1,0,0,-1,0,15858,0,4,100.0,0,0
101,5,1,1,4190,192,0,1,4,100.0,0,1
89,2,1,0,330,401,0,1,0,100.0,2,1
91,2,1,0,243,122,0,1,0,100.0,3,1
108,2,6,0,3964,1514,10203,1,6,97.87234043,1,0
58,2,0,0,-1,181,8785357,0,0,50.0,0,1
58,2,0,0,5080,1860,119046,1,5,100.0,0,0
52,3,0,0,613,117,0,1,0,0.0,0,1
24,2,0,0,6769,251,0,0,3,92.30769231,0,0
28,3,0,0,-1,0,616337,0,2,80.0,0,0
73,2,5,0,5408,70,142110,0,5,40.0,0,0
26,1,0,0,2139,0,309382,1,7,0.0,0,1
41,2,0,0,7134,900,12,0,7,100.0,0,0
33,1,0,0,4440,308,2375,0,6,78.37837838,0,0
49,2,0,0,-1,0,4934,1,4,100.0,0,0
26,3,0,0,-1,84,728287,0,3,43.75,0,0
45,2,0,0,11285,1132,124057,1,5,42.85714286,0,0
84,2,0,0,-1,0,0,1,0,71.42857143,0,1
55,2,1,0,6734,0,0,1,1,0.0,0,1
128,4,1,0,4003,14,5828815,1,0,100.0,0,1
49,3,0,0,-1,0,0,1,0,8.333333332999999,0,1
69,7,0,0,8416,371,0,1,2,0.0,0,1
105,2,0,0,7038,2823,1314,0,5,100.0,0,1
47,2,0,0,7530,2696,23288,1,4,100.0,0,1
64,3,2,0,5865,344,451542,0,4,44.44444444,0,0
30,2,0,0,2347,209,86181,0,4,25.0,0,0
56,1,0,0,4755,360,0,1,2,0.0,1,1
38,2,0,0,923,172,0,1,0,75.0,0,1
27,2,0,0,6260,315,0,0,3,66.66666667,0,0
71,2,3,0,5097,17,3659,0,5,100.0,0,0
50,3,0,0,6080,130,0,1,2,100.0,2,1
120,2,1,0,7405,265,7231,1,5,62.5,1,0
68,1,4,0,3075,578,438190,1,4,50.0,0,0
100,1,1,0,2195,362,0,1,0,7.142857143,4,1
45,4,0,0,4202,181,0,0,0,80.0,0,1
26,2,0,0,7696,339,698224,0,4,100.0,0,0
33,2,1,0,3199,89,1922851,1,3,70.58823529,0,0
68,4,1,0,5805,769,0,1,2,100.0,3,1
204,3,0,0,1556,270,0,1,0,50.0,2,1
66,3,0,0,-1,576,477976,0,5,0.0,0,0
130,5,5,0,5670,173,5836,0,6,0.0,0,1
107,4,1,0,-1,228,0,1,2,0.0,2,1
52,2,0,0,6896,44,0,1,0,0.0,0,1
74,2,4,0,5511,332,469364,0,5,83.33333333,0,0
27,2,0,0,-1,360,0,1,0,0.0,0,1
56,4,0,0,6107,103,0,1,3,83.33333333,0,1
90,2,1,0,8019,381,0,1,4,9.090909091,0,1
54,2,1,0,4068,0,0,1,2,0.0,0,1
70,5,0,0,5616,228,0,1,5,0.0,1,1
78,3,4,0,7142,892,1347894,0,3,0.0,0,0
54,4,0,0,7083,952,17964,1,3,0.0,0,1
31,2,0,0,9325,1266,1394,0,6,75.0,0,0
41,3,0,0,5454,2947,1885,0,5,100.0,0,0
44,3,0,0,9558,303,18981,0,6,100.0,0,0
39,2,0,0,7298,371,0,0,5,37.5,0,0
26,2,0,0,6683,314,485347,1,3,95.23809524,0,0
66,2,0,0,2486,71,0,1,2,28.57142857,0,1
62,2,0,0,-1,157,177488,1,2,86.66666667,0,0
35,3,0,0,-1,0,798738,0,3,33.33333333,0,0
25,2,0,0,5160,1048,0,0,8,66.66666667,0,0
23,2,0,0,3496,156,4661621,0,3,27.5,0,0
126,4,1,0,4003,14,5816617,1,0,100.0,0,1
73,1,4,0,6056,192,41,0,8,11.11111111,0,0
116,5,0,0,-1,0,0,1,0,100.0,2,1
40,3,1,0,768,328,0,1,0,0.0,0,1
35,2,0,0,5947,1443,1433231,0,4,100.0,0,0
20,1,1,0,1465,361,5811225,0,3,100.0,0,0
30,2,0,0,539,0,2368593,1,0,0.0,2,1
68,2,4,0,1021,74,0,0,0,100.0,0,1
68,2,1,0,-1,0,0,1,2,0.0,3,1
88,4,1,0,5158,1050,114,1,8,0.0,0,0
33,2,0,0,1180,1011,1880775,0,3,28.57142857,0,0
25,2,0,0,2713,209,0,0,0,25.0,0,0
35,2,0,0,5635,208,2,0,10,56.0,0,0
97,2,5,0,8481,286,3227,0,6,30.303030300000003,0,0
46,3,0,0,-1,214,0,1,0,0.0,0,1
27,2,0,0,7302,3,925488,0,2,100.0,0,0
44,1,0,0,1407,53,0,1,0,0.0,1,1
58,2,0,0,-1,305,0,1,0,100.0,0,1
55,2,2,0,470,0,0,1,0,60.0,3,1
48,3,0,0,8044,3482,2580,0,6,0.0,0,0
30,2,0,0,6466,108,4633956,0,3,0.0,0,0
24,2,0,0,-1,0,0,1,0,0.0,0,1
66,2,1,0,7619,130,2192,0,5,50.0,0,0
45,1,0,0,54,310,0,1,0,100.0,0,1
39,2,1,0,5397,160,474447,0,4,77.77777778,0,0
54,3,2,0,-1,0,0,1,0,60.0,1,1
58,2,0,0,7286,748,332,0,5,2.777777778,0,0
46,2,1,0,7123,3469,34048,1,4,7.692307692000001,0,0
32,2,0,0,8664,101,7107162,1,2,80.0,0,1
100,3,1,0,254,111,0,1,0,100.0,3,1
61,2,0,0,2388,168,1625,0,6,81.81818182,0,0
61,3,1,0,5387,456,1909793,0,0,100.0,0,1
74,4,1,0,5160,1048,115,1,8,0.0,0,0
50,3,0,0,-1,-1,0,0,4,33.33333333,0,0
29,2,0,0,1336,124,20989,1,6,100.0,0,1
47,2,2,0,6328,247,523,0,7,87.5,0,0
24,2,0,0,-1,0,5126981,0,3,75.0,0,0
27,2,1,0,1903,289,3933504,0,4,75.0,0,0
165,4,3,1,4091,326,7776219,1,0,100.0,0,1
50,4,0,0,3400,253,0,1,1,0.0,1,1
87,2,4,0,8721,0,6085,0,7,50.0,0,0
91,2,0,0,-1,72,1112236,1,4,0.0,0,0
70,2,2,0,9073,1883,14978,0,5,100.0,0,0
27,2,0,0,8697,315,2805305,0,3,92.0,0,0
55,3,1,0,7717,318,143598,0,5,0.0,0,0
38,3,0,0,4792,322,0,1,0,0.0,1,1
74,2,14,0,9035,461,613509,1,4,100.0,0,0
33,2,0,0,3198,454,1863493,0,4,77.77777778,0,0
63,1,1,0,341,24,0,1,0,100.0,3,1
36,1,0,0,281,85,0,1,0,0.0,0,1
58,1,5,0,-1,73,465492,0,3,97.14285714,0,0
68,2,0,0,209,1617,0,1,0,75.0,0,1
65,3,0,0,-1,2276,6295284,0,3,80.0,0,0
22,2,0,0,9369,127,31707,0,6,93.33333333,0,0
129,5,1,0,3993,25,5707171,1,0,100.0,0,1
37,2,0,0,8151,249,620877,0,4,85.0,0,0
171,4,0,1,103,262,0,1,0,75.0,0,1
39,3,0,0,6957,712,0,0,3,100.0,0,0
50,1,1,0,1663,163,5082431,1,0,20.0,0,1
82,4,1,0,5160,1048,114,1,8,0.0,0,0
16,1,0,0,5874,0,0,0,3,0.0,0,0
79,7,0,1,8346,2975,1,1,10,0.0,0,1
46,2,0,0,2269,287,0,1,0,0.0,0,1
25,2,0,0,7637,398,97763,0,5,100.0,0,0
57,3,0,0,2484,0,0,1,0,0.0,1,1
26,2,0,0,163,0,679154,0,4,66.66666667,0,0
67,1,0,0,5120,359,7237162,1,4,80.0,0,0
52,5,0,0,5616,228,0,1,5,100.0,1,1
30,2,0,0,6471,104,73,0,10,0.0,0,0
49,1,1,0,1,363,0,1,0,88.23529412,0,1
16,1,0,0,-1,0,0,0,0,100.0,0,0
57,4,3,0,138,227,0,1,0,0.0,0,1
70,1,6,0,1933,259,0,0,0,100.0,0,1
240,7,2,0,4646,103,0,1,0,0.0,4,1
57,2,1,0,6945,0,0,1,0,0.0,0,1
73,3,3,0,3146,142,95781,0,6,83.33333333,0,0
23,2,0,0,4656,471,135272,0,3,0.0,0,0
69,2,0,0,303,63,0,1,0,0.0,0,1
24,2,0,0,4477,271,2528830,0,4,94.59459459,0,0
51,2,3,0,6460,114,467993,1,3,100.0,2,0
31,3,0,0,316,0,4853199,1,0,0.0,0,1
29,2,0,0,2054,502,3063554,0,2,50.0,0,0
24,2,0,0,2863,788,1253431,0,5,50.0,0,0
46,2,1,0,7837,199,603,0,6,31.25,0,0
43,2,1,0,6074,136,14284,0,5,32.14285714,0,0
35,1,0,0,1023,73,1322736,1,0,66.66666667,1,1
135,2,11,0,9694,3454,18697,0,5,94.44444444,0,0
263,5,0,0,4097,285,0,1,3,12.5,3,1
22,1,0,0,-1,269,0,1,0,0.0,1,1
100,3,1,0,243,122,0,1,0,97.5,3,1
32,3,1,0,92,273,0,1,0,100.0,0,1
388,3,9,0,6085,124,6816950,1,0,100.0,1,1
36,1,0,0,5077,36,194144,1,5,40.0,0,0
29,2,0,0,7471,1294,3043528,0,2,33.33333333,0,0
47,3,0,0,-1,4,0,1,2,0.0,0,1
24,2,0,0,2582,340,141183,0,2,12.90322581,0,0
19,2,0,0,-1,0,169074,0,4,100.0,0,0
38,2,2,0,5257,587,0,1,4,90.0,0,0
51,3,2,0,2179,12,0,1,0,66.66666667,0,1
57,2,3,0,1867,325,4484170,1,4,72.72727273,0,0
116,4,2,1,4609,139,0,1,3,50.0,4,1
37,2,0,0,12209,210,50,1,8,100.0,0,0
140,7,3,0,7083,952,17964,1,3,0.0,0,1
34,4,0,0,-1,122,0,1,0,100.0,1,1
53,2,0,0,2484,0,0,1,0,0.0,1,1
31,2,0,0,-1,39,0,0,2,45.45454545,0,0
41,2,0,0,160,205,0,1,0,100.0,1,1
109,3,1,0,658,438,9558747,1,0,100.0,4,1
46,3,2,0,1736,90,842411,1,0,100.0,0,1
23,2,0,0,7099,206,372945,0,2,77.77777778,0,0
21,2,0,0,6239,335,62,0,8,0.0,0,0
36,2,0,0,4822,291,209887,1,4,100.0,0,0
47,2,1,0,7132,903,12,0,7,100.0,0,0
43,3,1,0,7222,3004,1592793,1,5,0.0,0,0
293,4,2,0,2815,107,7079578,1,2,96.42857143,0,1
58,2,3,0,7551,2676,163827,0,5,33.33333333,0,0
91,3,1,0,532,199,0,1,0,50.0,1,1
26,2,0,0,2746,1271,3139730,0,2,86.36363636,0,0
43,3,1,0,6544,1492,0,1,2,0.0,0,1
24,2,0,0,1207,253,3021434,0,2,0.0,0,0
59,3,0,0,2685,237,188662,0,4,20.0,0,0
45,2,0,0,1953,2429,4365,1,3,0.0,0,1
55,2,2,0,5296,183,1569169,0,4,100.0,0,0
47,2,0,0,5005,109,0,1,3,50.0,0,0
25,2,0,0,7697,1069,128,0,6,90.90909091,0,0
28,2,0,0,7412,282,1561104,1,2,0.0,0,1
70,2,3,0,1202,258,0,1,0,0.0,2,1
52,2,2,0,5737,1202,8550,0,6,75.0,0,0
50,4,2,0,5626,218,0,1,5,75.0,0,1
23,3,0,0,-1,0,90667,0,4,100.0,0,0
42,2,1,0,7587,448,988,0,5,100.0,0,0
45,2,0,0,4608,140,2430743,0,3,66.66666667,0,0
130,1,10,0,8810,320,379136,0,4,57.14285714,0,0
44,1,0,0,-1,309,0,1,0,100.0,0,1
23,2,0,0,5365,1208,34798,0,5,88.23529412,0,0
56,2,2,0,3821,196,0,1,1,100.0,3,1
41,2,0,0,6856,83,988416,1,1,100.0,0,1
41,3,0,0,8430,1795,5635,0,5,100.0,0,0
24,2,0,0,2808,113,3566615,0,1,0.0,0,0
70,3,0,1,59,305,0,1,0,0.0,0,1
23,2,0,0,-1,0,162824,0,4,0.0,0,0
34,2,2,0,6072,138,14411,1,5,0.0,0,0
202,1,4,0,6868,0,6728303,1,2,0.0,0,1
26,2,0,0,980,115,0,0,2,50.0,0,0
50,2,3,0,-1,356,9281332,0,4,100.0,0,0
66,2,0,0,4210,172,3878,0,6,81.25,0,0
32,2,0,0,1953,2430,4365,1,3,0.0,0,1
40,1,0,0,6438,136,0,1,3,66.66666667,0,0
20,2,0,0,7730,0,97060,0,4,100.0,0,0
36,2,1,0,8906,226,1546,0,6,93.75,0,0
29,2,1,0,5442,36,2659785,0,2,83.33333333,0,0
32,2,0,0,7297,372,2408577,0,5,9.090909091,0,0
70,3,4,0,11049,275,549,0,6,90.0,0,0
27,3,0,0,3510,143,0,0,4,0.0,0,0
99,2,2,0,8347,2975,1,0,10,33.33333333,0,0
44,2,0,0,6260,2505,684,0,6,61.53846154,0,0
39,2,0,0,-1,0,10288277,1,0,0.0,1,1
28,2,1,0,4460,653,921884,0,2,88.88888889,0,0
27,2,0,0,3839,179,156797,0,5,45.45454545,0,0
108,4,2,0,12762,0,3466,0,6,0.0,0,0
135,8,1,0,5627,217,0,1,5,100.0,1,1
278,3,1,0,1381,80,0,1,0,100.0,0,1
106,5,0,0,6725,215,13267,1,5,28.57142857,1,1
55,2,3,0,4209,174,66570,0,5,80.0,0,0
39,3,0,0,5309,3456,37739,0,5,50.0,0,0
48,2,1,0,470,0,0,1,0,100.0,2,1
44,3,0,0,8148,617,12601,0,6,30.95238095,0,0
72,5,3,0,5615,228,0,1,5,0.0,2,1
22,2,0,0,1887,304,7471833,0,2,80.0,0,0
64,3,0,0,7379,291,380311,1,4,57.14285714,0,0
77,2,2,0,2905,16,0,1,0,0.0,3,1
29,2,0,0,-1,86,0,1,0,50.0,0,1
56,2,2,0,4486,991,2873,0,5,92.85714286,0,0
26,2,0,0,1366,0,1581954,0,4,36.36363636,0,0
57,3,0,0,7370,299,1303460,1,5,76.92307692,0,0
110,2,1,0,8019,381,0,1,4,7.692307692000001,0,1
41,2,0,0,7552,849,0,1,0,18.18181818,0,1
39,2,1,0,1953,2430,4365,1,3,0.0,0,1
46,3,0,0,5088,26,0,1,0,0.0,0,1
19,2,0,0,-1,1267,423862,0,4,16.66666667,0,0
39,2,0,0,7476,1655,631,0,7,0.0,0,0
42,2,0,0,8516,2808,8,0,10,22.22222222,0,0
56,1,1,0,4966,147,0,1,1,0.0,1,1
30,2,0,0,1643,184,544207,0,4,70.0,0,0
31,2,0,0,2486,70,2589063,0,4,27.27272727,0,0
167,5,0,0,-1,315,3532151,1,0,100.0,1,1
28,2,0,0,6922,18,17935,0,5,47.36842105,1,0
143,3,2,0,-1,332,4392684,1,5,0.0,0,0
37,2,0,0,4920,1654,1447,0,5,100.0,0,0
20,1,0,0,3922,96,0,1,2,100.0,0,1
41,2,0,0,6535,1135,4188162,1,3,0.0,0,1
25,2,0,0,4056,1056,1523192,0,4,75.0,0,0
43,2,2,0,819,276,0,1,2,100.0,0,1
53,2,1,0,-1,102,0,1,0,0.0,2,1
80,3,0,0,6302,638,17158,0,5,93.75,0,0
29,2,0,0,5159,1049,0,1,8,100.0,0,1
45,5,0,0,5612,232,6538559,1,5,0.0,0,1
26,1,0,0,5238,0,0,0,1,66.66666667,0,0
30,2,0,0,4980,133,3030688,0,3,55.55555556,0,0
35,2,0,0,7296,374,0,1,5,0.0,0,1
36,2,0,0,7297,372,0,0,5,0.0,0,0
29,2,0,0,1337,124,20989,0,6,100.0,0,1
42,2,0,0,12848,0,591,0,6,100.0,0,0
34,2,0,0,7131,904,12,0,7,100.0,0,0
33,2,0,0,1,363,0,1,0,0.0,0,1
63,3,3,0,9132,729,333087,1,5,93.75,0,0
112,3,6,0,1516,77,151292,1,5,0.0,0,0
35,2,0,0,1374,87,0,1,0,66.66666667,1,1
29,1,1,0,1771,56,0,1,0,100.0,0,1
39,1,0,0,-1,362,0,1,0,100.0,0,1
47,4,1,0,5616,228,0,1,5,0.0,0,1
25,2,0,0,-1,-1,0,0,2,100.0,0,0
35,2,2,0,4478,270,3106402,0,3,100.0,0,0
121,1,5,0,389,341,5160220,1,0,0.0,0,1
19,2,0,0,-1,348,1450090,0,4,100.0,0,0
47,1,1,0,3934,84,0,1,0,0.0,0,1
39,2,0,0,8350,2971,1,1,10,0.0,0,0
31,2,0,0,4183,565,198456,1,4,87.5,0,0
231,3,3,0,2204,352,5039553,1,0,50.0,0,1
29,2,0,0,1337,124,20989,1,6,100.0,0,1
44,1,2,0,-1,315,0,1,0,0.0,2,1
105,2,1,0,73,291,5631354,1,0,0.0,3,1
64,2,0,0,3008,1009,1142313,0,4,0.0,0,0
96,2,1,0,243,122,0,1,0,97.5,3,1
24,2,0,0,-1,0,0,1,2,0.0,0,1
69,4,0,0,4003,15,5816617,1,0,100.0,0,1
39,2,0,0,9189,307,316,0,5,90.47619048,0,0
65,2,3,0,7330,339,2775,0,5,72.72727273,1,0
39,3,0,0,1337,123,20989,1,6,100.0,0,1
33,2,1,0,7620,50,56198,0,6,72.0,0,1
117,2,6,0,2884,37,7664,0,5,0.0,0,0
55,3,1,0,-1,0,16455,1,5,100.0,0,0
128,4,1,0,3992,25,5697976,1,0,100.0,0,1
43,2,2,0,5640,204,2,0,10,65.21739129999999,0,0
112,2,1,0,8019,381,0,1,4,7.692307692000001,0,1
86,4,0,0,-1,291,0,1,0,0.0,0,1
39,2,0,0,258,107,0,1,2,0.0,0,0
67,1,0,0,3832,335,0,1,0,0.0,1,1
22,1,0,0,804,291,2352138,1,2,11.11111111,0,1
48,3,0,0,620,111,0,1,0,0.0,0,1
32,3,1,0,8094,1767,3612,1,4,0.0,0,1
110,2,2,0,2300,257,0,1,2,40.0,2,1
40,2,0,0,9201,297,684,0,6,90.47619048,0,0
37,2,0,0,6431,509,623,0,5,100.0,0,0
34,3,0,0,-1,-1,482936,1,2,100.0,0,1
54,2,2,0,3708,1406,52251,1,5,76.19047619,1,1
36,2,0,0,-1,0,0,0,2,88.88888889,0,0
49,2,2,0,5079,764,97457,0,5,16.66666667,0,0
34,2,0,0,4455,292,780526,0,3,66.66666667,0,0
26,2,0,0,8891,240,0,0,5,75.0,0,0
43,2,0,0,284,81,0,1,0,100.0,0,1
81,2,5,0,9268,230,4501,0,6,23.52941176,0,0
29,2,0,0,1099,4,357413,0,2,0.0,0,1
81,1,1,0,2300,257,0,1,2,40.0,0,1
56,2,2,0,2236,1050,296839,0,4,50.0,0,0
78,1,6,0,1933,259,0,0,0,100.0,0,1
64,2,1,0,2429,127,10149,0,5,88.88888889,2,1
46,1,1,0,885,211,0,1,0,80.0,0,1
96,1,1,0,835,261,0,1,0,0.0,3,1
48,3,1,0,3276,11,55094,0,4,76.92307692,0,0
39,2,0,0,798,297,0,1,1,0.0,0,1
32,2,3,0,-1,0,0,0,2,100.0,0,0
41,3,0,0,-1,223,0,1,2,100.0,0,1
118,4,0,0,4003,14,5816617,1,0,100.0,0,1
63,3,2,0,2584,338,10718227,0,4,92.30769231,0,0
26,2,0,0,3291,2918,1165573,0,2,79.31034483,0,0
26,2,1,0,2704,218,3942874,0,2,17.24137931,0,0
47,3,0,0,6608,331,5497272,1,3,25.0,0,0
82,2,0,0,8348,2974,1,0,10,0.0,1,1
28,2,0,0,7046,258,1529478,0,5,80.0,0,0
20,2,0,0,8339,61,101823,0,5,26.66666667,0,0
102,3,1,0,3384,269,0,1,0,0.0,0,1
61,2,4,0,5363,481,85623,1,4,100.0,0,0
45,3,0,0,182,913,0,1,4,100.0,0,0
75,4,2,0,5613,231,0,0,5,0.0,0,1
135,2,0,0,9339,157,21,0,5,0.0,0,1
27,2,0,0,-1,356,8731722,0,1,90.0,0,0
20,2,0,0,-1,1188,0,0,3,100.0,0,0
70,5,2,0,5616,228,0,1,5,0.0,0,1
42,1,0,0,2397,160,7613314,1,1,0.0,0,1
64,2,5,0,7456,3136,2997,0,6,20.0,0,0
45,2,0,0,8712,1879,3722,0,5,100.0,0,0
42,4,0,0,4202,181,0,1,0,80.0,0,1
77,3,2,0,173,192,0,1,3,0.0,4,1
31,2,0,0,-1,564,0,1,2,100.0,0,1
43,2,0,0,6259,2506,683,0,6,61.53846154,0,0
113,2,1,0,8347,2975,1,1,10,33.33333333,1,1
795,12,20,0,5616,228,0,1,5,50.0,1,1
63,3,2,0,2344,0,13667,1,6,100.0,1,1
210,4,0,0,3,0,0,1,0,100.0,1,1
26,2,0,0,3210,78,7881300,1,2,100.0,0,1
56,2,0,0,7131,904,12,1,7,100.0,0,0
46,3,0,0,1525,301,0,1,0,100.0,1,1
54,2,0,0,7296,373,0,1,5,0.0,0,1
34,2,0,0,8517,2807,8,0,10,26.66666667,0,0
63,3,3,0,7921,114,5598,1,6,71.42857143,0,0
38,2,0,0,3437,293,0,1,1,0.0,0,1
115,2,2,0,4090,657,0,1,4,0.0,4,1
43,2,1,0,7583,452,969,0,5,100.0,0,0
33,2,1,0,2232,325,5487783,1,4,87.5,0,0
61,3,0,0,-1,146,352415,1,2,100.0,0,1
21,1,0,0,2352,204,2353032,0,4,10.0,0,1
58,5,0,0,-1,2382,0,1,2,100.0,0,1
29,3,0,0,755,340,0,1,0,100.0,0,1
203,8,0,0,-1,670,8902890,1,4,95.65217391,0,1
56,1,0,0,5494,349,2583,0,5,100.0,0,0
48,2,0,0,5230,248,0,1,7,95.23809524,1,1
28,2,0,0,7295,374,0,1,5,0.0,0,1
46,2,0,0,2304,618,10744976,1,1,0.0,0,1
47,2,1,0,-1,148,0,1,2,0.0,2,1
35,2,0,0,2948,339,8035356,1,0,0.0,0,1
22,2,0,0,4049,334,488821,0,3,100.0,0,0
81,2,1,0,7267,38,0,1,1,100.0,3,1
30,2,2,0,1699,137,3985261,0,2,75.0,0,0
25,2,0,0,-1,0,651173,0,3,0.0,0,0
103,2,2,0,1706,120,4830221,1,2,100.0,2,1
50,2,3,0,6066,508,416,0,8,3.03030303,0,0
94,3,0,0,800,295,7399431,1,0,20.0,0,1
167,2,0,0,4967,146,0,1,1,50.0,0,1
18,2,0,0,8067,341,657137,0,3,87.09677419,0,0
36,2,0,0,1734,92,0,1,3,90.0,0,1
51,2,1,0,4156,2784,136143,0,6,0.0,0,0
42,2,0,0,7327,342,2247542,1,1,81.81818182,0,1
105,4,2,0,9956,271,18344,0,5,0.0,0,0
31,2,0,0,-1,0,0,1,0,0.0,0,1
253,14,0,0,3386,99,0,1,1,0.0,2,1
28,2,0,0,2678,974,1308664,0,4,25.0,0,0
23,2,0,0,2168,23,994840,0,2,90.0,0,0
42,2,0,0,-1,0,5471993,1,0,85.71428571,0,1
119,4,1,1,4609,139,0,1,3,50.0,4,1
56,2,0,0,7133,902,12,0,7,100.0,0,0
29,1,0,0,264,102,0,1,0,0.0,0,1
36,2,0,0,6072,138,14411,1,5,24.13793103,0,0
31,2,0,0,4623,125,0,0,3,0.0,0,1
42,5,0,0,129,236,0,1,0,0.0,0,1
28,2,0,0,4412,700,771758,0,1,25.92592593,0,0
38,3,0,0,-1,153,0,1,2,100.0,0,1
47,2,1,0,3416,967,2457973,0,4,42.85714286,0,0
39,2,1,0,7295,374,0,1,5,0.0,0,1
54,3,4,0,5585,258,0,0,5,41.66666667,0,0
404,2,1,0,505,225,0,1,0,0.0,7,1
78,3,0,0,7083,952,17964,1,3,0.0,0,1
69,2,1,0,7240,0,0,1,1,0.0,0,1
31,2,1,0,6495,1174,7361,0,5,50.0,0,0
57,2,1,0,1,364,0,1,0,88.88888889,0,1
26,2,0,0,5159,1049,4880613,0,8,28.57142857,0,0
31,2,0,0,1540,285,794756,0,1,100.0,0,0
67,2,1,0,-1,0,0,1,2,0.0,3,1
94,4,0,0,630,101,0,1,0,100.0,1,1
77,1,1,0,760,336,0,1,0,0.0,3,1
16,1,0,0,921,0,0,0,1,87.5,0,0
68,3,1,0,5232,246,7552177,0,7,0.0,1,0
29,1,0,0,7489,182,63,0,10,50.0,0,0
49,2,0,0,2345,211,237648,0,2,57.14285714,0,0
50,3,0,0,-1,1286,1203,0,7,0.0,0,0
28,2,0,0,6993,1408,8740,0,5,18.75,0,0
18,2,0,0,803,293,2778969,0,2,92.85714286,0,1
46,1,1,0,7386,649,1213116,0,5,92.85714286,0,0
29,2,0,0,6673,266,3022834,0,2,100.0,0,0
23,2,0,0,-1,-1,4032224,0,2,87.5,0,0
58,3,0,0,2604,318,0,1,0,100.0,3,1
27,2,0,0,-1,957,901117,0,3,71.42857143,0,0
63,2,0,0,3583,69,0,1,0,100.0,1,1
101,1,7,0,3159,493,257467,0,4,60.0,0,0
125,4,1,0,3992,25,5697976,1,0,100.0,0,1
42,2,2,0,924,537,0,1,2,100.0,0,1
19,2,0,0,-1,0,101873,0,2,91.66666667,0,0
19,2,0,0,3566,87,305533,0,3,91.66666667,0,0
32,2,0,0,5203,1006,1282686,0,0,0.0,0,0
51,2,0,0,2316,1337,0,1,0,100.0,0,1
66,2,0,0,7130,905,12,0,7,100.0,0,0
243,2,15,0,216,149,0,1,0,100.0,0,1
73,1,1,0,1582,974,0,1,3,0.0,2,1
44,2,0,0,5065,0,328378,0,5,71.42857143,0,0
70,2,2,0,4386,4,0,1,3,0.0,0,0
27,2,0,0,6591,714,185080,0,3,94.44444444,0,0
26,2,0,0,10648,1039,428010,0,4,0.0,0,0
23,2,0,0,7263,41,2317654,0,3,100.0,0,0
27,2,0,0,7298,371,0,0,5,0.0,0,0
21,2,0,0,3582,436,597462,0,4,11.11111111,0,0
49,3,0,0,-1,-1,608816,0,5,100.0,0,0
218,1,2,0,778,318,0,1,1,80.0,3,1
29,3,0,0,7202,1198,1082977,1,2,100.0,0,1
32,2,1,0,2816,105,0,0,2,77.77777778,0,0
34,4,0,0,6254,321,475107,1,2,81.81818182,0,1
93,2,0,0,2996,0,4189860,1,2,83.33333333,0,1
133,1,2,0,778,318,0,1,1,80.0,3,1
39,2,2,0,5888,1417,184,0,6,88.88888889,0,0
48,3,2,0,11047,277,545,0,6,90.0,0,0
28,2,0,0,5534,309,0,0,3,100.0,0,0
37,2,1,0,-1,0,0,0,2,100.0,0,0
24,2,0,0,-1,0,4423479,0,3,57.14285714,0,0
27,2,0,0,-1,394,0,0,3,100.0,0,0
372,5,0,1,-1,241,9679626,1,0,0.0,1,1
22,2,0,0,7912,488,3532336,0,2,83.33333333,0,0
39,2,0,0,2926,75,0,1,1,0.0,1,1
40,3,0,0,5575,268,126204,0,5,100.0,0,0
35,3,0,0,3674,121,3192143,1,1,86.20689655,0,0
42,2,0,0,4593,155,3488368,1,3,85.71428571,0,0
69,2,1,0,-1,0,0,1,2,0.0,3,1
47,2,0,0,7297,372,0,0,5,0.0,0,0
50,1,3,0,-1,283,0,0,4,75.0,0,0
22,2,0,0,6536,403,885,0,5,85.71428571,0,0
32,2,0,0,5159,1049,0,0,8,100.0,0,0
105,3,1,0,522,208,377875,1,2,100.0,0,1
38,2,1,0,-1,0,77586,1,1,100.0,1,1
319,4,8,0,7489,3104,376,1,7,0.0,0,1
142,3,2,0,7087,948,18105,1,3,0.0,0,1
24,2,0,0,4979,134,0,0,4,48.97959184,0,0
91,2,1,0,495,236,0,1,0,0.0,1,1
18,1,0,0,2242,340,1584299,0,2,88.23529412,0,0
28,2,0,0,1950,242,341948,0,1,0.0,1,1
73,4,2,0,5616,228,0,1,5,0.0,0,1
53,2,0,0,7133,902,12,0,7,100.0,0,0
43,2,1,0,-1,386,248833,0,3,44.44444444,0,0
37,2,1,0,3251,37,421761,1,4,6.25,0,1
72,2,2,0,6697,243,3816,0,7,58.33333333,0,0
66,2,1,0,3468,334,0,0,1,0.0,0,0
20,2,0,0,6772,0,826847,0,6,72.72727273,0,0
59,2,4,0,6074,2327,453,0,6,69.23076923,2,0
153,2,14,0,2370,187,0,1,0,0.0,2,1
32,2,1,0,3026,260,718627,0,3,68.75,0,0
41,3,0,0,-1,0,0,1,2,0.0,1,1
37,2,1,0,9564,299,1937051,0,5,83.33333333,0,0
19,1,0,0,2219,338,2232292,0,4,78.94736842,0,0
92,2,1,0,3815,568,0,1,2,100.0,0,1
117,2,1,0,1279,181,0,1,0,100.0,0,1
47,3,2,0,6424,2528,379,0,5,0.0,0,0
52,3,0,0,5984,590,17696,1,3,0.0,0,1
109,7,0,0,3018,269,2156460,1,3,0.0,1,1
33,2,0,0,8520,2804,8,0,10,12.5,0,0
43,2,0,0,5635,209,2,0,10,56.0,0,0
85,4,0,0,-1,290,0,1,0,0.0,0,1
44,3,1,0,4987,492,0,1,0,9.090909091,0,1
75,4,0,0,7086,948,18263,1,3,0.0,0,1
50,2,0,0,7134,901,12,0,7,100.0,0,0
62,2,0,0,-1,190,5025731,0,3,100.0,1,0
30,2,0,0,1459,0,3713285,0,1,97.05882353,0,0
45,3,1,0,5622,197,49888,1,5,92.30769231,0,0
261,13,0,1,2660,3183,0,1,4,0.0,2,1
22,2,0,0,4065,322,34916,0,6,87.5,0,0
24,2,0,0,6821,120,0,0,3,100.0,0,0
77,3,0,0,1200,261,0,0,0,93.47826087,0,1
188,4,0,0,-1,0,0,0,0,0.0,2,1
21,1,0,0,3000,286,1264301,0,2,33.33333333,0,1
162,6,1,0,-2,190,696261,1,3,100.0,1,1
115,3,0,0,4221,526,0,1,1,0.0,0,0
25,2,1,0,4231,152,0,0,2,0.0,0,0
74,2,5,0,1911,281,7911150,1,2,0.0,0,0
31,3,0,0,1566,259,8134006,1,2,0.0,1,1
52,2,1,0,5226,982,137,0,8,58.82352941,0,0
40,2,0,0,7585,451,974,0,5,100.0,0,0
59,3,0,0,4335,48,0,1,0,0.0,0,1
57,3,3,0,-1,0,0,1,0,0.0,2,1
37,2,0,0,7448,587,0,0,8,64.0,0,0
25,1,0,0,7302,0,113019,0,6,100.0,0,0
77,2,2,0,4726,53,0,1,1,100.0,3,1
47,2,0,0,1877,313,0,1,0,100.0,0,1
25,2,1,0,7142,893,368723,0,5,80.0,0,0
34,2,0,0,7296,8,0,0,3,80.0,0,0
44,2,0,0,82,283,0,1,0,0.0,0,1
38,2,1,0,6472,102,72,1,10,0.0,1,0
79,5,2,0,1777,0,122025,1,2,37.5,1,1
19,2,0,0,5274,205,3139767,0,3,66.66666667,0,0
82,2,0,0,8347,2975,1,1,10,0.0,1,1
40,1,2,0,-1,87,4026793,0,2,100.0,2,1
40,1,0,0,2140,0,308772,1,7,0.0,0,1
30,2,0,0,3314,704,5159982,0,2,62.5,0,0
25,2,0,0,1320,141,0,0,2,0.0,0,0
36,1,1,0,7023,281,1012136,0,3,5.8823529410000015,0,0
26,1,0,0,-1,0,0,1,0,100.0,0,1
38,3,1,0,7189,116,481145,1,1,81.81818182,0,1
210,2,1,0,327,38,0,1,0,50.0,3,1
32,2,0,0,-1,0,20689,1,2,100.0,0,1
126,4,1,0,3992,25,5707171,1,0,100.0,0,1
96,3,0,0,1499,327,0,1,0,0.0,0,1
30,2,0,0,7298,371,0,0,5,46.15384615,0,0
25,2,0,0,5232,246,6204131,0,7,95.83333333,0,0
27,2,0,0,2539,17,45196,0,4,7.692307692000001,0,0
82,1,7,0,5887,322,10549,0,6,91.66666667,0,0
50,1,0,0,3178,109,0,1,4,100.0,0,1
92,1,9,0,6057,191,41,0,8,11.11111111,0,0
42,3,0,0,7156,150,2250,1,3,86.66666667,0,0
38,1,0,0,2102,90,0,1,0,0.0,0,1
26,2,0,0,7295,374,0,1,5,0.0,0,1
180,6,2,0,-1,252,0,1,1,100.0,4,1
97,1,0,0,1492,334,0,0,1,66.66666667,0,1
17,1,0,0,5532,0,0,0,2,0.0,0,0
35,2,0,0,4503,244,0,0,3,91.66666667,1,1
72,2,5,0,3814,203,236842,0,5,75.0,0,0
27,3,0,0,8505,2451,564998,0,5,66.66666667,0,0
16,1,0,0,-1,0,0,1,3,0.0,0,1
63,2,1,0,405,0,0,1,2,100.0,3,1
83,1,11,0,6597,343,0,0,7,71.21212121,0,0
41,1,0,0,-1,230,0,1,0,0.0,0,1
31,1,0,0,-1,0,32580,0,2,100.0,0,0
42,3,0,0,5932,276,326162,0,3,40.0,0,0
52,3,0,0,7371,298,1303460,0,5,83.33333333,0,0
52,3,2,0,8970,1915,10654,1,5,85.71428571,0,0
76,3,3,0,11046,278,545,0,6,90.0,0,0
29,2,0,0,-1,1575,5328535,0,4,66.66666667,0,0
53,4,2,0,5626,218,0,1,5,0.0,1,1
83,4,4,0,5159,1049,115,1,8,0.0,0,0
26,2,0,0,6820,485,697320,0,4,0.0,0,0
208,6,2,0,4656,93,10531930,1,3,100.0,0,1
74,3,4,0,1120,340,0,1,2,0.0,4,1
35,1,0,0,5239,604,42667,0,5,3.846153846,0,0
54,2,0,0,2668,254,0,1,0,100.0,3,1
27,3,0,0,-1,659,110853,0,3,50.0,0,0
56,5,2,0,5614,230,0,1,5,0.0,1,1
38,2,2,0,895,565,456965,0,2,75.0,1,1
57,2,0,0,8346,2975,1,1,10,0.0,2,1
50,2,0,0,4224,159,0,1,0,0.0,0,1
51,1,1,0,1726,101,167115,1,4,100.0,0,1
45,2,1,0,8190,575,20690,0,5,80.0,0,0
24,2,0,0,5034,79,1372473,0,3,57.14285714,0,0
53,3,0,0,5152,559,267520,1,3,100.0,0,1
98,4,1,0,41,324,0,1,0,66.66666667,0,1
69,2,4,0,9345,150,2487,0,6,25.0,0,0
629,2,8,0,2018,173,0,1,0,0.0,0,1
87,2,0,0,7840,1291,3993,0,5,0.0,0,0
41,2,0,0,5636,208,2,0,10,56.0,0,0
104,3,1,1,4609,140,0,1,3,50.0,4,1
23,2,0,0,-1,139,3694130,0,3,100.0,0,0
25,1,1,0,-1,0,0,1,4,0.0,0,1
54,3,2,0,4284,464,1720677,0,2,42.85714286,0,0
35,2,0,0,7153,1978,3574955,0,4,100.0,0,0
72,3,1,0,8658,1202,3292354,0,4,0.0,0,0
24,1,0,0,-1,217,0,0,3,50.0,0,1
21,1,0,0,1899,292,507771,0,1,94.91525424,1,1
43,3,0,0,7156,150,2250,0,3,86.66666667,0,0
53,3,1,0,5444,35,0,1,2,7.692307692000001,0,0
27,2,1,0,-1,0,445572,0,4,92.0,0,0
61,2,4,0,8203,1658,153673,1,6,44.44444444,0,0
59,2,0,0,7130,905,12,1,7,100.0,0,0
113,2,0,0,8348,2974,1,1,10,37.5,1,1
29,2,0,0,-1,0,0,1,0,33.33333333,0,1
69,1,0,0,-2,63,0,1,0,0.0,0,1
15,1,0,0,3110,177,2208902,0,3,100.0,0,0
20,2,0,0,9754,3394,57776,0,4,75.0,0,0
31,3,0,0,-1,232,2687983,0,2,0.0,0,0
58,3,0,0,10173,0,1265063,0,4,82.35294118,0,0
69,3,0,0,7354,315,22857,0,5,75.0,0,0
28,3,0,0,7568,0,51162,0,4,52.38095238,0,0
43,2,0,0,5638,206,2,0,10,65.21739129999999,0,0
24,2,1,0,2918,3,2905816,0,2,66.66666667,0,0
89,3,2,0,9039,92,100011,1,4,0.0,0,0
32,2,0,0,9113,383,29935,0,5,0.0,0,0
152,5,3,1,5627,217,0,1,5,0.0,0,1
27,2,0,0,2977,1040,157916,0,2,100.0,0,0
28,2,0,0,7621,50,56198,1,6,72.0,0,1
76,4,1,0,4003,14,5816617,1,0,100.0,0,1
89,2,7,0,5019,94,2166138,0,4,66.66666667,0,0
18,1,1,0,-1,0,0,0,2,0.0,0,0
56,3,0,0,4358,390,222053,0,3,100.0,0,0
25,1,0,0,7490,181,63,0,10,50.0,0,0
38,2,0,0,9184,312,316,0,5,90.47619048,0,0
34,2,0,0,-1,0,0,1,1,100.0,0,1
21,2,0,0,1331,130,0,0,0,100.0,0,0
43,3,0,0,7158,148,2320,1,3,86.66666667,0,0
76,2,0,0,4376,0,0,1,1,0.0,0,1
32,2,0,0,4932,182,0,1,2,0.0,0,1
60,3,0,0,3403,615,189734,1,5,100.0,0,0
27,2,0,0,7391,342,8675232,0,3,100.0,0,0
94,3,0,0,134,231,0,1,2,75.0,0,1
30,1,0,0,13,352,0,1,0,100.0,0,1
73,1,10,0,2183,739,4676,0,5,50.0,0,0
59,2,2,0,8087,313,2807568,0,5,100.0,0,0
52,3,1,0,4530,219,198488,0,5,40.0,0,0
40,1,2,0,-1,859,32167,1,3,75.0,0,0
18,1,0,0,-1,246,0,0,4,18.18181818,0,0
34,3,0,0,1959,963,0,1,0,0.0,1,1
47,4,2,0,5612,232,0,1,5,0.0,0,1
50,2,0,0,5086,393,53314,0,5,100.0,0,0
52,3,0,0,7428,1703,193,0,7,71.42857143,0,0
57,3,1,0,733,2,0,1,2,0.0,3,1
52,5,1,0,7,358,0,1,0,0.0,1,1
41,2,0,0,9557,304,4204,0,7,100.0,0,0
90,2,9,0,7754,2812,2263,1,6,80.76923077,0,0
219,3,1,0,-1,24,0,1,0,50.0,4,1
66,1,0,0,1632,559,8240141,1,0,0.0,1,1
33,2,0,0,86,279,0,1,0,0.0,2,1
60,3,3,0,5465,14,616449,1,5,0.0,0,0
26,2,0,0,2294,263,99193,0,5,41.66666667,0,0
43,2,0,0,5636,208,2,0,10,65.21739129999999,0,0
25,2,0,0,-1,38,0,0,3,100.0,0,0
46,2,0,0,5635,208,2,0,10,56.0,0,0
23,2,0,0,-1,169,420116,0,2,27.27272727,0,0
46,3,0,0,3923,1190,0,1,2,80.0,0,0
56,3,1,0,-1,68,0,0,0,87.5,0,0
43,2,0,0,6014,195,116,0,8,50.0,0,0
67,3,1,0,5123,355,0,1,2,100.0,2,1
31,2,0,0,2427,1224,497097,0,4,100.0,0,0
66,3,4,0,7672,729,299,0,6,100.0,0,0
61,1,3,0,7795,1702,337165,0,5,30.0,0,0
83,7,0,0,12426,0,1823,0,5,0.0,1,0
39,1,1,0,3934,84,0,1,0,0.0,0,1
42,3,0,0,8371,759,460491,0,5,100.0,0,0
29,2,0,0,3722,660,5817997,0,2,33.33333333,0,0
113,2,0,0,8346,2976,1,1,10,33.33333333,1,1
61,3,0,0,7410,989,9624,0,5,78.57142857,0,0
78,4,1,0,3993,25,5707171,1,0,100.0,0,1
28,2,1,0,560,170,0,1,2,0.0,0,1
43,2,0,0,7448,586,0,0,8,64.0,0,0
26,2,0,0,1778,48,0,0,1,84.21052632,0,0
53,2,3,0,4486,991,2873,0,5,92.85714286,0,0
55,2,1,0,-1,0,641733,1,2,0.0,3,1
69,3,0,0,-1,0,0,1,0,0.0,0,1
113,2,7,0,6760,1275,3677,1,6,16.66666667,0,0
32,2,0,0,7297,372,5358359,0,5,0.0,0,0
72,2,4,0,8474,293,1433876,0,4,100.0,0,0
77,2,3,0,9309,735,6098,0,5,85.71428571,0,0
37,3,0,0,4129,254,0,1,2,0.0,0,1
99,3,0,0,229,137,4236883,0,0,75.0,0,1
46,1,0,0,3442,941,366193,0,6,100.0,0,0
31,2,1,0,-1,0,77586,1,1,0.0,1,1
27,2,0,0,863,47,0,0,2,0.0,0,0
101,5,0,1,255,110,0,1,0,71.42857143,0,1
76,2,3,0,7597,74,177763,1,5,50.0,0,0
196,4,0,0,-1,0,0,0,0,0.0,2,1
20,2,1,0,-1,0,0,0,3,100.0,0,0
26,1,0,0,295,71,0,1,0,0.0,0,1
34,2,0,0,7621,50,56198,1,6,72.0,0,1
42,2,0,0,7296,373,0,1,5,0.0,0,1
74,4,3,0,7446,588,383,0,8,0.0,0,0
43,2,0,0,5638,205,2,0,10,65.21739129999999,0,0
45,5,0,0,2201,356,533532,1,1,0.0,0,1
50,2,6,0,5887,1417,184,0,6,75.0,0,0
28,3,0,0,-1,0,0,1,0,5.263157895,1,1
59,3,1,0,1355,106,686549,1,1,0.0,2,1
34,2,1,0,-1,262,63164,1,2,0.0,0,1
41,2,0,0,6431,509,623,0,5,100.0,0,0
32,1,0,0,5868,340,0,1,0,0.0,0,1
26,3,0,0,5322,0,189061,0,4,66.66666667,0,0
25,2,2,0,4665,84,0,0,1,0.0,0,0
76,2,7,0,2887,35,485854,0,1,66.66666667,0,0
103,4,1,0,-1,333,24,0,9,0.0,0,1
24,2,0,0,-1,0,525334,0,3,15.38461538,0,0
26,2,0,0,-2,358,207273,0,3,66.66666667,0,0
93,5,0,0,1301,160,0,1,0,90.90909091,0,1
86,4,5,0,7857,0,46701,1,4,0.0,2,1
97,2,1,0,4609,139,0,1,3,50.0,4,1
57,3,2,0,5839,2196,3090165,0,2,83.33333333,0,0
45,2,0,0,5669,175,0,1,0,83.33333333,0,1
24,2,0,0,4678,70,0,0,4,66.66666667,0,0
34,2,1,0,12430,0,1858,1,5,100.0,0,0
53,3,0,0,2687,235,186822,0,4,20.0,0,0
34,2,0,0,5644,291,0,0,2,75.0,0,0
75,2,6,0,3312,341,228043,0,4,57.14285714,0,0
50,2,3,0,9283,1676,154918,0,5,66.66666667,0,0
42,2,0,0,1338,122,22211,1,6,100.0,0,1
56,3,0,0,7528,873,0,1,0,100.0,5,1
70,3,5,0,11046,278,545,0,6,90.0,0,0
64,2,3,0,12209,210,50,1,8,66.66666667,0,0
84,2,8,0,5067,3334,595,0,6,90.0,0,0
33,2,1,0,3382,271,4463841,0,4,92.30769231,0,0
547,5,23,0,6590,350,30,1,4,33.33333333,1,0
54,4,0,0,5627,217,0,1,5,0.0,0,1
74,2,5,0,2617,305,5219,1,4,100.0,0,0
28,2,1,0,-1,0,0,0,2,25.0,0,0
59,3,1,0,1134,326,3201555,0,1,60.0,0,1
40,3,0,0,1849,342,348199,0,1,66.66666667,0,0
31,3,0,0,8317,447,644,1,5,96.15384615,0,0
250,6,3,0,834,261,2151511,1,1,64.70588235,1,1
158,4,6,1,-1,0,1768405,1,2,66.66666667,1,1
42,2,1,0,-1,0,0,1,0,100.0,1,1
56,2,0,0,12471,0,5469,0,5,92.0,0,0
70,2,0,0,8348,2974,1,1,10,0.0,1,1
43,2,0,0,7129,905,12,0,7,100.0,0,0
39,2,0,0,3050,236,2259972,0,2,50.0,0,0
61,2,2,0,-1,0,8607,0,7,75.0,0,0
58,3,5,0,6137,72,28049,0,5,44.0,0,0
131,5,1,0,3992,25,5697976,1,0,100.0,0,1
53,3,0,0,140,225,0,1,0,0.0,1,1
102,3,0,0,7681,355,166058,1,4,0.0,0,1
101,2,1,0,2460,0,0,0,0,0.0,2,1
132,2,0,0,9338,158,21,0,5,0.0,0,1
52,2,2,0,8569,668,22658,1,5,100.0,1,0
121,5,4,0,63,0,0,1,0,0.0,0,1
45,3,0,0,-1,0,0,1,2,80.0,0,1
52,2,0,0,1953,2430,4365,1,3,0.0,0,1
16,1,0,0,427,304,0,0,0,100.0,0,1
25,2,0,0,8184,215,5235015,0,3,25.0,0,0
115,4,0,0,3993,24,5707171,1,0,100.0,0,1
35,2,1,0,-1,994,582076,0,3,76.47058824,0,0
111,3,1,1,4609,140,0,1,3,50.0,5,1
33,1,0,0,4698,50,0,1,0,60.0,0,1
105,4,0,0,-1,0,0,1,0,100.0,0,1
26,2,0,0,3393,259,0,0,3,10.0,0,0
51,6,0,0,-1,0,66005,0,4,84.21052632,0,1
62,3,1,0,4851,263,0,0,3,40.0,0,0
54,3,0,0,7188,116,22333,0,4,83.33333333,0,0
55,3,0,0,7199,1931,2243,0,5,57.14285714,0,0
53,3,4,0,287,78,0,1,0,0.0,0,0
79,1,10,0,5797,47,1518,1,7,72.30769231,0,0
23,3,0,0,-1,0,3865872,0,2,75.0,0,0
46,2,0,0,7133,902,12,0,7,100.0,0,0
64,2,0,0,4456,291,0,1,1,8.333333332999999,0,1
32,2,0,0,5976,232,0,0,2,100.0,0,0
40,1,0,0,6381,923,0,1,3,100.0,1,1
22,2,0,0,158,208,0,1,0,0.0,0,1
82,1,1,0,98,267,0,1,0,100.0,0,1
36,2,0,0,5968,3527,88539,0,5,91.66666667,0,0
47,4,2,0,5615,228,0,0,5,20.0,1,1
26,2,0,0,5064,50,53952,0,4,84.61538462,0,0
66,5,1,0,5616,228,0,1,5,0.0,2,1
107,5,0,0,134,231,0,1,0,46.15384615,1,1
64,1,1,0,3610,42,0,1,1,0.0,3,1
80,3,3,0,155,575,0,1,0,0.0,4,1
38,3,0,0,-1,213,882317,1,0,66.66666667,0,1
22,1,0,0,1604,0,1823977,0,1,100.0,0,0
60,3,1,0,-1,136,0,1,3,0.0,1,1
34,2,0,0,7447,588,0,0,8,62.74509804,0,0
33,2,0,0,7986,414,7423,0,5,20.0,0,0
35,2,0,0,6844,96,1863827,1,0,81.81818182,0,1
69,2,7,0,1976,215,3699651,0,4,80.0,0,0
29,2,0,0,5634,169,101301,0,4,50.0,1,0
26,3,0,0,1526,300,2521041,0,3,100.0,0,0
114,2,2,0,4089,658,0,1,4,0.0,4,1
100,2,8,0,7618,130,2192,1,5,50.0,0,0
141,2,2,0,8019,381,0,1,4,0.0,0,1
73,1,0,0,5233,246,10313348,1,3,0.0,0,1
28,2,0,0,-1,207,4055114,0,3,75.0,0,0
62,3,3,0,11049,275,546,0,6,90.0,0,0
59,3,1,0,5595,2073,61492,0,4,100.0,0,0
48,3,1,0,7521,149,306900,0,5,100.0,0,0
58,2,3,0,6581,1454,16774,0,4,57.14285714,0,0
54,3,0,0,-1,727,0,1,0,100.0,0,1
40,1,2,0,2874,48,8543,0,3,63.63636364,0,0
54,2,4,0,6070,504,413,0,8,3.296703297,0,0
130,5,1,0,3993,25,5707171,1,0,100.0,0,1
30,2,0,0,933,163,249971,0,3,0.0,0,1
53,2,2,0,3716,301,0,1,0,87.5,2,1
56,2,0,0,2703,218,0,1,0,0.0,0,1
61,4,0,0,6923,16,466083,0,5,0.0,0,0
126,3,4,0,1658,168,2580873,1,0,6.25,0,1
69,1,1,0,304,61,0,1,0,0.0,3,1
50,3,0,0,12031,0,101986,0,4,0.0,0,0
45,3,0,0,-1,81,0,1,0,0.0,1,1
289,3,1,0,8018,382,0,1,4,44.44444444,0,1
45,2,1,1,2110,80,0,1,0,0.0,0,1
23,2,0,0,1016,80,0,0,0,33.33333333,0,0
50,3,2,0,467,629,0,0,1,0.0,0,1
464,9,3,0,-1,0,0,1,0,75.0,1,1
31,2,0,0,6124,85,23415,1,5,91.66666667,0,0
106,2,9,0,84,281,0,1,0,100.0,0,1
84,1,0,0,6752,3110,2307,1,8,0.0,0,1
33,2,0,0,2840,82,0,1,2,18.18181818,0,1
39,2,2,0,5648,196,83810,0,5,80.0,0,0
19,1,0,0,584,146,0,0,2,86.66666667,0,0
54,3,0,0,-1,0,0,1,0,100.0,0,1
35,2,0,0,4821,293,209223,1,4,100.0,0,0
46,2,1,0,7616,132,2190,0,5,47.36842105,0,0
67,2,3,0,5720,3045,3196,1,7,62.5,0,0
57,2,0,0,3562,90,0,1,0,44.44444444,0,1
45,2,2,0,6073,137,14284,0,5,30.0,0,0
29,1,0,0,13,352,0,1,0,100.0,0,1
29,3,0,0,-1,55,256371,0,3,17.24137931,0,0
59,3,5,0,4478,269,625153,0,5,50.0,0,0
30,2,0,0,5208,636,24006,1,4,75.0,0,1
21,2,1,0,4732,0,175291,0,2,0.0,0,0
40,2,0,0,7083,952,17964,1,3,0.0,0,1
41,1,0,0,4270,113,0,1,0,0.0,0,1
107,4,1,1,4609,140,0,1,3,50.0,4,1
62,7,0,0,5801,42,0,1,1,100.0,1,1
28,2,0,0,1392,68,381995,0,2,66.66666667,0,0
32,2,0,0,-1,0,0,0,2,76.92307692,0,0
27,3,0,0,8205,196,441148,0,4,46.26865672,0,0
41,4,0,0,5616,228,0,1,5,0.0,0,1
40,2,1,0,7534,159,757720,0,5,100.0,0,0
55,5,0,0,-1,142,0,1,0,0.0,1,1
28,2,0,0,8161,239,0,0,4,87.5,0,0
79,3,0,0,7296,1103,8596669,1,4,0.0,0,0
58,3,0,0,5047,67,379,0,5,71.42857143,0,0
152,4,1,1,4091,326,7776219,1,0,100.0,0,1
26,2,0,0,2297,624,0,0,3,75.0,0,0
57,3,0,0,3256,0,4591292,1,1,95.0,1,1
45,4,0,0,-1,0,0,1,0,100.0,1,1
63,2,0,0,5594,250,7023,0,5,0.0,0,0
65,3,1,0,1546,644,4669,1,2,0.0,0,1
30,3,0,0,1845,347,10607254,0,0,20.0,0,1
33,2,0,0,7585,450,982,0,5,100.0,0,0
35,1,0,0,7491,180,63,0,10,50.0,0,0
32,2,0,0,-1,222,624111,0,2,78.94736842,0,0
79,2,1,1,6301,274,0,1,3,11.11111111,0,1
46,3,0,0,8488,1008,3147,0,5,70.58823529,0,0
34,2,0,3,1375,86,0,1,0,100.0,0,1
55,2,2,0,8614,150,98840,0,5,100.0,0,0
35,3,0,0,-1,0,0,0,2,92.30769231,0,0
70,2,2,0,11,353,0,1,0,100.0,0,1
67,5,0,0,2561,360,0,1,0,0.0,0,1
84,2,1,0,977,119,0,1,0,100.0,2,1
91,2,7,0,10572,750,2097,0,7,100.0,0,0
52,2,0,0,7553,1212,0,1,0,0.0,1,1
85,4,0,0,-1,303,0,1,0,0.0,0,1
57,1,1,0,2521,35,632001,1,7,0.0,0,1
43,1,0,0,4278,0,0,1,3,0.0,0,1
29,2,0,0,-1,0,0,0,2,80.0,0,0
156,4,0,0,5963,246,0,1,0,100.0,1,1
61,3,0,0,-1,0,1021,1,6,0.0,0,0
64,4,1,0,8485,0,38086,1,6,0.0,0,0
38,1,1,0,-1,49,53863,0,5,66.66666667,0,0
61,1,0,0,1710,0,0,1,0,0.0,0,1
49,2,2,0,7777,259,13509,0,6,100.0,0,0
67,1,0,0,5813,1126,0,1,0,83.33333333,0,1
40,2,0,0,1458,3,3012268,0,4,36.36363636,0,0
22,2,0,0,1825,0,2867682,0,2,93.33333333,0,0
117,3,3,0,7791,610,560,0,8,0.0,0,0
133,2,1,0,4325,57,10052070,1,1,91.66666667,4,1
133,2,2,0,3674,344,9555991,0,0,0.0,4,1
39,4,0,0,-1,0,0,1,0,100.0,0,1
50,2,2,0,-1,0,891330,1,5,91.66666667,0,0
114,4,2,0,837,988,0,1,0,50.0,1,1
63,3,0,0,-1,58,0,0,4,0.0,1,0
76,2,0,0,-1,1063,0,1,0,0.0,0,1
31,2,0,0,1813,378,5357492,0,2,0.0,0,0
36,1,0,0,7185,1946,20599,0,5,87.5,0,0
91,4,0,1,-1,0,2656129,1,3,100.0,0,1
67,3,0,0,484,1341,0,1,2,100.0,2,1
40,2,0,0,7296,373,0,0,5,0.0,0,0
43,2,1,0,3800,218,0,0,2,100.0,0,0
81,2,0,0,535,196,7375648,1,1,0.0,0,1
121,2,0,0,5058,786,77435,0,4,75.0,0,1
17,1,0,0,6435,139,59635,0,5,23.07692308,0,0
22,1,0,0,-1,0,0,0,0,80.0,0,1
66,4,2,0,2507,0,0,1,1,100.0,4,1
39,3,0,0,7986,2606,109426,1,4,33.33333333,1,1
24,2,0,0,8153,2804,0,0,3,71.42857143,0,0
56,3,0,0,-1,0,0,1,2,100.0,3,1
35,1,0,0,5460,1480,0,1,0,0.0,0,1
86,2,3,0,7617,131,2187,1,5,52.94117647,0,0
26,1,0,0,1015,80,0,1,0,100.0,0,1
57,3,0,0,2676,245,0,1,0,60.46511628,1,1
25,2,0,0,7827,209,403914,0,5,0.0,0,0
21,2,0,0,-1,0,0,0,2,100.0,0,0
34,2,1,0,-1,1328,956271,0,3,100.0,0,0
155,4,6,1,-1,0,0,1,0,66.66666667,1,1
46,1,1,0,8130,3557,1229068,0,4,20.0,0,0
23,2,1,0,-1,198,0,0,1,25.0,0,0
52,2,0,0,8756,0,19882,0,6,87.5,0,0
76,2,1,0,-1,0,0,1,2,100.0,5,1
79,4,2,0,5613,231,0,1,5,0.0,0,1
49,3,0,0,7311,0,17148,1,3,100.0,0,0
58,2,0,0,-1,259,533432,0,3,66.66666667,1,1
54,4,0,0,-1,295,0,1,0,94.11764706,1,1
58,2,0,0,2931,355,0,1,1,0.0,0,1
52,2,2,0,1532,659,4691,1,2,44.06779661,1,1
24,2,0,0,6129,99,2872123,0,3,100.0,0,0
81,2,4,0,6777,162,1494607,1,2,85.71428571,0,0
177,7,1,0,6856,83,988416,1,1,100.0,1,1
21,1,0,0,-1,0,3523,0,9,0.0,0,1
49,2,3,0,7296,373,0,1,5,0.0,0,1
52,3,0,0,8146,619,12421,0,6,30.95238095,0,0
23,1,0,0,2769,153,0,1,2,0.0,0,1
35,2,0,0,7298,371,2078971,0,5,25.0,0,0
82,2,2,0,7615,133,2188,1,5,50.0,0,0
63,5,2,0,5615,228,0,1,5,0.0,2,1
91,3,0,0,-1,0,0,1,0,100.0,1,1
49,2,1,0,6179,176,619864,0,2,80.0,0,0
23,2,0,0,-1,0,0,0,2,81.65137615,0,0
41,1,0,0,325,41,0,1,0,0.0,0,1
19,1,0,0,7287,0,0,1,0,0.0,0,1
49,2,1,0,9637,226,147,1,7,0.0,1,0
25,1,0,0,-1,59,27683,1,4,90.90909091,0,1
113,2,0,0,8347,2975,1,1,10,37.5,1,1
92,2,6,0,7535,135,14506,0,5,66.66666667,0,0
35,2,0,0,5161,1047,0,1,8,0.0,0,0
45,2,0,0,7130,905,12,0,7,100.0,0,0
69,4,2,0,-1,0,64871,0,5,100.0,0,0
41,1,1,0,3829,188,3520303,0,3,57.14285714,0,0
52,3,0,0,553,178,0,1,0,0.0,1,1
41,2,0,0,5063,85,2258035,0,5,12.5,0,0
37,2,0,0,7391,1375,5392060,1,2,0.0,0,1
47,2,0,0,6011,198,115,0,8,50.0,0,0
26,2,0,0,-1,170,14056,0,4,90.0,0,0
45,3,0,0,2532,2216,514430,1,0,100.0,1,1
58,2,5,0,9286,577,1137,1,6,75.0,0,0
18,2,0,0,-1,0,473854,0,5,50.0,0,0
97,2,9,0,8618,511,1418,0,6,60.0,0,0
43,2,0,0,7134,900,13,0,7,100.0,0,0
109,3,1,1,4609,140,0,1,3,50.0,4,1
25,1,0,0,3466,186,0,1,1,90.47619048,0,1
51,3,1,0,4198,185,0,0,4,100.0,0,0
21,2,0,0,7253,52,943419,1,1,0.0,0,1
66,2,5,0,4860,254,1275056,0,4,100.0,1,0
64,3,3,0,1290,171,0,0,0,90.0,0,0
26,2,0,0,3038,248,3479049,0,2,40.0,0,0
31,2,0,0,3830,2378,5662,0,5,0.0,0,0
68,2,3,0,6317,2083,8160,0,6,76.0,0,0
108,2,3,0,5634,210,0,1,5,100.0,0,0
263,6,1,0,5636,208,2,0,10,91.66666667,0,1
40,2,0,0,8933,2025,91852,1,5,50.0,0,0
100,3,1,0,4608,140,0,1,3,50.0,4,1
25,2,0,0,7753,1379,140382,0,4,40.0,0,0
34,3,0,0,1514,311,0,1,0,100.0,0,1
19,2,0,0,1905,0,277373,0,3,80.0,0,0
49,2,0,0,7134,900,13,0,7,100.0,0,0
48,3,1,0,6855,85,227342,0,5,100.0,0,0
113,2,0,0,8346,2976,1,1,10,30.0,1,1
29,2,0,0,-1,0,1868666,0,2,50.0,0,0
96,2,4,0,6950,354,0,1,0,0.0,1,1
44,3,0,0,1338,122,22211,1,6,100.0,0,1
26,2,0,0,7921,114,3601536,0,2,90.0,0,0
35,2,1,0,2254,302,1144030,1,0,0.0,0,1
33,2,0,0,8354,411,6425032,1,2,0.0,0,1
65,2,1,0,-1,0,0,1,1,100.0,2,1
57,3,0,0,-1,0,0,1,0,100.0,2,1
23,1,0,0,1759,66,0,0,2,100.0,0,0
35,2,0,0,2206,715,759109,0,3,73.91304348,0,0
20,2,0,0,4138,0,4535468,1,2,33.33333333,0,1
56,3,2,0,6841,829,72924,0,5,100.0,0,0
101,3,7,0,8543,478,28261,0,5,83.33333333,1,0
49,3,4,0,6134,75,28418,0,5,43.47826087,0,0
35,2,0,0,7253,52,943419,1,1,0.0,0,1
56,3,0,0,5639,1300,607506,0,5,75.0,0,0
46,1,1,0,1824,367,0,1,0,100.0,2,1
44,1,0,0,4671,77,89,0,9,10.0,0,0
103,2,0,0,4923,191,26616,1,5,5.555555556,1,1
24,2,0,0,-1,0,4577170,0,2,87.5,0,0
31,3,0,0,-1,0,2113067,0,4,60.0,0,0
39,4,0,0,4202,181,0,1,0,80.0,0,1
32,2,0,0,8414,350,176808,0,4,64.51612903,0,0
22,2,0,0,-1,192,0,1,4,72.5,0,1
35,3,0,0,5515,2519,755916,0,4,0.0,0,0
169,3,1,0,125,248,0,1,3,66.66666667,1,1
46,2,0,0,1868,324,2161928,1,2,0.0,0,1
74,3,2,0,2403,154,819233,0,3,100.0,0,1
159,4,0,0,-1,0,13447,1,5,0.0,0,0
73,5,2,1,5627,217,0,1,5,0.0,1,1
68,2,1,0,7615,134,2188,0,5,52.94117647,0,0
73,4,0,0,2941,345,0,1,0,100.0,0,1
42,4,1,0,2641,281,2372393,1,1,0.0,0,1
44,2,0,0,4801,312,428038,0,4,96.55172414,0,0
123,3,1,0,6750,190,6580550,1,4,0.0,0,0
41,2,0,0,8346,2976,1,1,10,0.0,0,0
47,1,0,0,4322,426,0,1,0,100.0,0,1
37,3,0,0,4382,365,378751,1,3,100.0,1,1
76,1,9,0,8020,745,8126,0,5,87.5,0,0
50,3,0,0,8043,3484,2572,0,6,0.0,0,0
43,3,0,0,3689,329,0,1,2,100.0,1,1
31,1,0,0,3076,212,0,1,1,0.0,0,1
31,2,0,0,4911,202,0,0,3,0.0,0,0
51,2,1,0,7869,167,2033,0,6,31.25,1,0
62,5,0,1,5626,217,2856134,1,5,0.0,0,1
20,2,0,0,-1,0,183772,0,3,100.0,0,0
62,1,0,0,-1,235,0,1,0,100.0,0,1
35,2,0,0,2304,252,2271605,0,2,66.66666667,0,0
37,2,1,0,5707,241,1652125,1,1,100.0,0,1
47,4,1,0,-1,255,0,1,0,0.0,2,1
53,3,0,0,8546,221,21974,0,5,100.0,0,0
72,4,0,0,11317,0,54663,0,5,0.0,0,0
126,3,0,0,-1,266,0,1,0,61.53846154,0,1
73,3,0,0,7339,2887,48563,0,5,100.0,0,0
50,2,0,0,2100,92,0,1,0,0.0,0,1
22,1,0,0,-1,88,8587175,0,2,94.73684211,0,0
63,2,3,0,7925,110,570,0,7,10.34482759,0,0
71,3,0,0,8346,2976,1,0,10,66.66666667,0,0
87,3,3,0,11566,1582,374,1,6,62.5,0,0
42,2,1,0,1953,2430,4365,0,3,0.0,0,1
21,3,0,0,8675,91,484673,0,2,100.0,0,0
38,1,0,0,1825,367,0,1,0,0.0,0,1
125,4,1,0,3992,25,5707171,1,0,100.0,0,1
48,3,0,0,7588,83,2928750,0,4,0.0,0,0
52,3,1,0,1547,644,4639,1,2,66.66666667,1,1
62,3,1,0,1856,336,0,1,0,0.0,0,1
79,2,6,0,3104,756,545173,0,3,80.0,0,0
61,2,5,0,5887,1417,184,0,6,100.0,0,0
58,3,2,0,6495,1174,7453,1,5,50.0,0,0
38,2,0,0,2035,157,4378438,1,2,0.0,0,1
52,3,0,0,-1,0,4693,0,5,0.0,0,0
38,5,0,0,7011,294,705069,1,2,81.81818182,0,1
52,3,3,0,5913,295,86462,0,5,81.81818182,0,0
49,2,3,0,837,258,0,1,2,0.0,0,0
47,2,0,0,8831,505,2672,1,6,89.28571429,0,0
43,4,1,0,10,355,0,1,0,0.0,0,1
75,1,5,0,-1,117,172131,1,4,60.0,2,0
611,4,1,0,978,117,0,1,0,0.0,1,1
25,2,0,0,7866,0,0,0,2,0.0,0,0
28,2,0,0,3291,361,95364,0,4,0.0,0,0
72,3,1,0,1194,267,0,1,0,50.0,2,1
50,3,1,0,-1,0,8688799,1,0,100.0,2,1
67,3,0,0,6438,1231,322,0,7,18.18181818,0,0
29,2,0,0,4014,368,10539664,0,3,85.71428571,0,0
75,2,7,0,6339,236,119459,0,4,86.66666667,0,0
42,2,0,0,1341,120,0,0,0,75.0,0,1
88,4,1,0,-1,59,0,1,0,100.0,4,1
40,2,0,0,5231,247,0,0,7,90.90909091,0,0
41,2,1,0,2781,160,0,1,3,0.0,2,1
232,4,0,0,8288,478,0,1,1,50.0,1,1
42,3,0,0,7157,149,2294,0,3,86.66666667,0,0
115,4,0,0,3992,25,5697976,1,0,100.0,0,1
40,3,0,0,2433,123,0,1,0,9.090909091,0,1
32,2,1,0,1052,44,0,1,1,100.0,0,1
38,3,0,0,-1,953,0,1,0,0.0,2,1
39,2,2,0,896,564,457413,0,2,75.0,1,1
55,2,0,0,7558,842,1695,1,7,45.45454545,0,0
105,2,2,0,7530,141,264522,0,5,100.0,0,0
129,4,2,0,-1,333,24,0,9,0.0,2,1
46,3,1,0,1609,218,0,1,2,100.0,0,1
98,7,0,0,-1,0,79585,1,6,100.0,0,1
38,2,0,0,-1,130,0,1,0,80.0,0,0
89,4,0,0,5186,293,10408014,1,1,100.0,0,1
72,3,3,0,-1,0,967672,0,4,75.0,2,1
124,5,0,0,3992,25,5697976,1,0,100.0,0,1
46,2,3,0,5159,1049,0,1,8,0.0,0,1
30,1,0,0,2,363,0,1,0,91.66666667,0,1
34,2,1,0,2837,84,0,1,2,0.0,0,1
45,2,0,0,8349,2973,1,0,10,50.0,2,1
25,3,0,0,1408,52,0,0,3,46.15384615,0,0
20,2,0,0,-1,0,0,0,0,0.0,0,1
25,2,0,0,9754,106,31526,0,5,82.60869565,0,0
40,2,0,0,6257,2508,689,0,6,61.53846154,0,0
84,1,9,0,4447,300,460464,0,4,75.0,0,0
70,2,0,0,4915,2025,19217,0,5,100.0,0,0
32,1,0,0,4934,545,0,1,0,0.0,0,1
33,2,0,0,797,298,0,0,2,0.0,0,1
133,4,7,0,-1,0,148470,0,5,0.0,0,0
16,1,0,0,-1,0,82809,0,3,77.77777778,0,0
29,2,0,0,4913,201,2013263,0,3,100.0,0,0
84,2,6,0,4308,2265,6810,0,7,15.38461538,1,0
41,1,2,0,3567,85,0,1,0,0.0,0,1
44,2,0,0,7677,359,179423,0,4,22.22222222,0,0
99,2,0,0,8346,2976,1,1,10,0.0,1,1
24,2,0,0,3821,196,433555,0,2,66.66666667,0,0
48,1,1,0,462,269,2516334,0,2,60.0,0,1
21,2,0,0,4884,237,238030,0,3,77.77777778,0,0
51,1,3,0,2380,176,117179,0,4,40.0,0,0
39,2,0,0,8517,2807,8,0,10,23.52941176,0,0
42,2,0,0,8348,2974,1,1,10,0.0,2,1
31,2,0,0,6,359,0,1,0,71.42857143,0,1
46,2,3,0,9638,225,148,1,7,12.5,0,0
42,3,0,0,7155,151,2250,0,3,86.66666667,0,0
68,5,3,0,5615,228,0,1,5,0.0,2,1
23,2,0,0,2570,352,0,0,2,5.357142857,0,0
20,2,0,0,7206,1925,2763,0,5,54.83870968,0,0
29,1,0,0,-1,309,0,1,0,100.0,0,1
20,2,0,0,9040,1186,531101,0,5,85.71428571,0,0
80,3,4,0,5397,3004,42531,0,5,44.44444444,0,0
66,3,0,0,1547,0,0,1,0,0.0,0,1
42,2,0,0,-1,40,1163,0,5,66.66666667,0,0
85,4,3,0,1871,320,7627796,1,1,55.55555556,0,1
48,3,0,0,7741,294,1382310,1,3,0.0,1,1
46,2,0,0,-1,0,2488533,1,2,85.0,0,1
66,2,4,0,7618,130,2188,1,5,50.0,0,0
24,1,0,0,1984,1302,874125,0,2,62.96296296,0,0
47,3,0,0,7133,902,12,1,7,100.0,0,0
63,2,3,0,5509,335,1294,0,7,100.0,0,0
58,5,0,0,2101,456,7346260,1,2,100.0,0,1
104,4,1,0,1016,79,1211946,1,2,0.0,0,1
24,2,0,0,8340,3346,178835,0,5,90.90909091,0,0
30,2,0,0,-1,0,0,1,0,87.5,0,1
84,2,5,0,4763,358,6179184,0,3,42.85714286,0,0
46,3,2,0,-1,245,122722,1,5,85.71428571,0,0
32,1,0,0,-1,1000,0,1,0,0.0,0,1
48,4,2,0,118,247,0,1,0,0.0,0,1
70,2,1,0,7618,130,2188,0,5,55.55555556,0,0
104,2,6,0,7449,586,6951049,1,8,68.88888889,0,0
32,2,0,0,7453,1312,16938,0,5,20.0,0,0
92,2,6,0,11021,668,2772,1,6,100.0,0,0
57,3,0,0,-1,0,0,1,0,100.0,0,1
89,2,6,0,5371,107,310,1,8,0.0,0,0
28,2,0,0,3787,1692,4702582,0,3,60.0,0,0
45,1,0,0,1407,53,0,1,0,0.0,1,1
52,1,1,0,3828,189,3516548,0,3,57.14285714,0,0
206,4,0,0,-1,0,0,1,0,0.0,3,1
96,2,1,0,254,111,0,1,0,97.5,3,1
69,1,5,0,2375,181,164898,0,5,50.0,0,0
32,2,0,0,9268,230,8530,1,7,66.66666667,0,0
48,3,0,0,7130,905,12,1,7,100.0,0,0
60,3,4,0,8706,58,975738,0,4,66.66666667,0,0
111,3,5,0,7795,605,548,0,8,0.208768267,2,0
59,3,3,0,5974,234,130357,0,5,66.66666667,0,0
118,3,5,0,8569,198,492031,0,4,0.0,0,0
37,2,0,0,5904,254,1468,1,6,0.0,0,0
59,3,3,0,6705,234,67893,1,5,20.0,0,0
26,2,1,0,2415,141,825424,0,2,85.71428571,0,0
73,3,0,0,7336,2890,52443,0,5,100.0,0,0
69,3,0,0,6111,2654,1613,0,5,0.0,0,0
37,2,0,0,1338,122,22211,1,6,75.0,0,1
129,5,1,0,4004,14,5828815,1,0,100.0,0,1
128,7,0,0,-1,670,8902890,1,4,95.65217391,0,1
25,2,0,0,-1,0,213573,0,2,70.0,0,0
33,2,0,0,2298,259,569663,0,4,100.0,0,0
71,2,4,0,2135,57,2721076,0,3,75.0,0,0
109,1,11,0,9794,1892,21833,0,5,6.666666667,0,0
71,4,1,0,12795,0,2404,1,5,100.0,0,0
67,3,1,0,4897,216,0,1,2,0.0,0,0
58,2,4,0,7296,373,0,1,5,33.33333333,0,1
60,3,0,0,4917,197,601002,1,2,72.72727273,0,0
86,3,3,0,6070,869,0,1,4,50.0,2,1
159,6,0,0,-1,0,0,1,0,100.0,0,1
96,2,1,0,244,122,0,1,0,97.5,3,1
24,2,0,0,3268,385,260070,0,4,50.0,0,0
110,3,0,0,2842,79,0,1,0,0.0,0,1
89,4,0,0,6932,435,262805,1,2,75.86206897,0,1
55,4,0,0,5615,227,0,1,5,0.0,0,1
67,3,0,0,6977,328,6845579,1,3,69.23076923,2,1
26,2,0,0,2290,267,132459,1,4,0.0,0,1
42,3,0,0,7050,255,728078,1,0,81.81818182,1,1
31,2,0,0,-1,0,0,0,2,100.0,0,0
53,3,2,0,5228,250,550535,0,7,91.66666667,0,0
75,2,0,1,5565,279,0,1,0,0.0,0,1
43,2,1,0,7587,449,988,0,5,100.0,0,0
35,3,0,0,-1,0,0,1,0,100.0,1,1
59,4,0,0,-1,0,0,1,0,100.0,0,1
166,3,7,1,-1,0,0,1,0,66.66666667,1,1
56,2,0,0,7559,841,1695,1,7,45.45454545,0,0
68,3,0,0,5749,1189,512817,0,3,0.0,0,0
71,1,0,0,431,299,8509505,1,0,60.0,0,1
58,8,0,0,9018,3035,1518277,1,2,96.55172414,1,1
33,2,0,0,7767,326,0,1,1,0.0,0,1
71,2,2,0,11,353,0,1,0,100.0,0,1
26,1,0,0,1448,377,377916,1,2,96.15384615,0,0
55,3,0,0,1546,645,4669,1,2,66.66666667,1,1
32,2,0,0,4623,539,4769456,1,3,0.0,0,1
19,2,0,0,-1,0,5512197,0,3,95.23809524,0,0
45,4,0,0,361,4,0,1,1,0.0,0,1
38,2,0,0,2390,166,1639,0,6,72.72727273,0,0
75,4,0,0,12766,0,3518,1,6,0.0,0,0
62,3,2,0,-1,0,62321,0,4,97.05882353,1,0
60,3,0,0,90,274,0,1,1,66.66666667,1,1
46,2,0,0,845,251,0,1,0,0.0,0,1
31,1,1,0,379,351,0,0,0,75.0,0,1
43,2,0,0,2295,261,83378,1,5,100.0,0,1
55,2,4,0,4489,258,0,0,3,92.85714286,1,1
292,2,0,0,4759,160,0,1,0,88.0,3,1
141,1,6,0,1905,287,0,1,0,0.0,2,1
32,2,0,0,3370,282,0,0,0,87.5,0,0
46,2,2,0,5053,60,284,0,7,20.0,0,0
212,8,1,1,-1,228,0,1,0,100.0,2,1
29,2,1,0,-1,209,0,0,1,0.0,0,0
267,14,0,1,2660,3183,0,1,4,0.0,1,1
56,1,1,0,8907,954,315877,0,5,96.2962963,0,0
55,2,1,0,-1,1313,0,0,5,0.0,0,0
106,2,12,0,8186,214,2674,0,5,42.85714286,1,0
26,2,0,0,3198,89,3786388,0,1,50.0,0,0
64,5,0,0,5616,228,0,1,5,0.0,0,1
75,3,3,0,8872,495,22640,1,4,66.66666667,0,0
51,1,1,0,2758,163,100014,1,4,81.81818182,0,0
34,2,0,0,8766,363,0,0,3,22.22222222,0,0
40,2,0,0,6260,2505,684,0,6,61.53846154,0,0
24,2,1,0,-1,0,2122076,0,1,100.0,0,0
30,2,0,0,3195,92,307524,0,2,85.71428571,0,0
101,2,1,0,9,355,0,1,0,100.0,0,1
113,3,2,1,4609,139,0,1,3,50.0,4,1
39,1,2,0,-2,38,7477432,0,2,52.94117647,0,0
46,3,1,0,-1,2273,0,1,1,100.0,1,1
124,5,0,0,3992,25,5707171,1,0,100.0,0,1
64,3,0,0,8604,160,271832,0,4,100.0,0,0
177,3,1,0,8591,174,240656,0,5,0.0,2,1
40,2,0,0,7298,371,0,0,5,47.36842105,0,0
75,3,2,0,13,351,0,1,0,100.0,0,1
36,2,0,0,3570,83,0,1,3,25.0,0,1
88,3,5,0,7309,360,0,1,5,4.347826087,0,1
22,2,0,0,2485,0,140193,0,2,95.55555556,0,0
52,2,0,0,9766,460,18753,0,5,91.66666667,0,0
68,2,3,0,2742,180,13917,0,4,77.77777778,0,0
48,2,0,0,6634,305,181546,1,5,12.5,0,0
68,2,6,0,3841,177,435135,1,6,44.44444444,0,0
21,1,0,0,4205,22,0,0,0,100.0,0,1
57,3,2,0,4299,83,845679,0,5,30.76923077,0,0
32,2,0,0,8487,279,2703192,0,4,50.0,0,0
55,2,0,0,2421,136,0,1,0,0.0,0,1
45,2,0,0,1819,373,81401,1,1,0.0,0,1
33,2,0,0,1953,2429,4365,1,3,0.0,0,1
48,2,0,0,5314,311,407034,1,3,0.0,0,0
36,1,0,0,7817,584,0,1,2,100.0,0,1
48,2,2,0,804,291,0,1,2,100.0,0,1
148,2,1,0,870,590,0,1,0,0.0,1,1
58,5,0,0,7083,952,17964,1,3,0.0,0,1
19,2,0,0,-1,0,0,0,3,81.25,0,0
86,4,2,0,5627,217,0,1,5,0.0,0,1
96,2,6,0,7616,133,2190,0,5,50.0,0,0
47,2,0,0,2122,434,2660343,0,2,100.0,0,1
49,2,1,0,7119,3473,32633,1,4,7.692307692000001,0,0
48,2,0,0,8348,0,1,1,10,0.0,2,1
164,6,4,1,5660,184,6032,1,6,0.0,0,1
77,2,0,0,6168,406,3204,0,5,100.0,0,0
75,2,1,0,759,336,0,1,0,100.0,3,1
40,3,2,0,1736,90,842411,1,0,100.0,0,1
32,2,0,0,2402,154,6428932,0,0,100.0,0,1
43,2,0,0,7295,374,0,1,5,0.0,0,1
25,2,0,0,-1,0,0,1,0,0.0,0,1
118,4,0,0,4003,15,5816617,1,0,100.0,0,1
28,2,0,0,1876,316,0,0,3,0.0,0,0
69,3,0,0,1407,53,0,1,0,0.0,1,1
27,3,0,0,2642,279,6139067,1,1,0.0,0,1
80,2,6,0,8915,218,566894,1,5,0.0,0,0
70,2,0,0,8346,2976,1,1,10,0.0,1,1
24,2,0,0,-1,174,215794,0,3,100.0,0,0
25,3,0,0,-1,0,105280,0,3,84.21052632,0,0
49,2,2,0,3928,3376,13712,1,5,27.77777778,0,0
38,2,0,0,6715,225,0,1,1,0.0,0,1
50,2,0,0,6072,137,14411,0,5,26.92307692,0,0
38,2,2,0,2837,84,0,1,2,0.0,0,1
27,3,0,0,-1,40,953722,0,3,77.77777778,0,0
84,4,0,0,1834,358,0,1,0,100.0,0,1
114,3,6,0,6828,476,5269,0,7,0.0,0,0
88,2,1,0,5640,203,519609,0,5,100.0,1,0
54,1,1,0,8050,350,814,0,6,92.85714286,0,0
23,1,0,0,5657,193,0,1,0,100.0,1,1
65,2,5,0,7872,164,2014,1,6,31.25,1,0
26,2,0,0,-1,803,3276486,0,3,100.0,0,0
31,3,0,0,-1,1613,36441,0,4,52.94117647,0,0
38,2,0,0,1535,655,4641,1,2,90.0,0,1
74,3,0,0,8146,619,12516,0,6,30.95238095,0,0
37,2,0,0,7021,284,3782353,1,2,81.81818182,0,1
66,3,1,0,9229,268,6293,1,6,0.0,0,0
38,2,0,0,7087,948,18105,1,3,0.0,0,1
45,2,0,0,5232,246,0,0,7,95.45454545,0,1
28,2,1,0,-1,0,0,0,2,70.0,0,0
27,2,0,0,9237,2818,4168,0,5,50.0,0,0
67,1,0,0,731,364,0,0,0,66.66666667,0,1
42,3,0,0,7441,229,52179,0,5,100.0,1,0
44,4,1,0,10,355,0,1,0,0.0,0,1
123,3,8,0,12125,660,1000,1,7,0.0,0,0
35,4,0,0,7861,540,3274515,1,4,100.0,0,1
120,3,4,0,-1,0,37568,0,5,0.0,0,0
54,2,0,0,31,334,0,1,0,0.0,1,1
120,3,11,0,8907,225,155300,1,5,100.0,0,0
63,3,1,0,7574,1191,7508,0,5,0.0,0,0
30,2,1,0,5547,297,0,0,3,3.846153846,0,0
39,2,0,3,2,363,0,1,0,50.0,0,1
20,1,0,0,2032,160,1843206,1,3,0.0,0,1
86,2,9,0,4654,95,780517,0,4,36.36363636,0,0
39,2,2,0,2634,2479,5403,1,2,0.0,0,1
28,2,0,0,1338,122,22211,1,6,100.0,0,1
31,2,0,0,6863,295,113335,1,3,81.81818182,0,0
40,3,0,0,8147,618,12516,0,6,30.95238095,0,0
39,2,0,0,6079,131,12395,1,5,20.0,0,1
36,2,0,0,8516,2808,8,0,10,22.22222222,0,0
45,3,0,0,8046,3481,2595,0,6,0.0,0,0
33,3,0,0,-1,170,0,1,0,100.0,0,1
70,4,0,0,1079,381,710503,0,6,100.0,0,1
88,4,1,0,-1,58,0,1,0,100.0,4,1
61,2,4,0,1364,97,140970,0,2,77.77777778,0,0
22,3,0,0,819,276,4514903,1,0,75.0,0,1
31,2,0,0,-1,0,2442573,0,6,100.0,1,0
102,2,0,0,9338,158,21,0,5,0.0,0,1
43,2,1,0,9284,60,122,0,7,77.77777778,0,0
50,3,2,0,-2,57,122153,0,3,80.0,0,0
125,4,1,0,4004,14,5828815,1,0,100.0,0,1
76,3,4,0,3047,240,1508161,0,4,45.45454545,0,0
27,2,0,0,1597,229,0,0,0,68.18181818,0,0
47,2,2,0,7420,249,5290837,1,5,100.0,0,0
31,2,0,0,8017,2209,5030,0,6,10.52631579,0,0
46,2,0,0,317,48,0,1,0,33.33333333,0,1
155,1,0,0,-2,0,4800627,1,2,100.0,0,1
27,2,1,0,4177,570,6075777,0,2,90.0,0,0
38,2,0,0,7582,453,965,0,5,20.0,0,0
59,2,2,0,6831,108,0,1,0,81.81818182,0,1
40,1,0,0,5863,0,0,1,1,0.0,1,1
23,1,0,0,3659,358,13900,1,4,96.0,0,0
66,6,0,0,5626,218,0,1,5,50.0,0,1
79,3,1,0,2618,220,0,1,0,100.0,4,1
12,1,0,0,-1,689,8154406,0,1,100.0,0,0
29,2,1,0,1024,72,9524095,0,2,71.42857143,0,0
84,4,3,0,1872,320,7645052,1,1,55.55555556,0,1
35,2,0,0,6432,507,622,0,5,100.0,0,0
93,2,9,0,9047,84,18440,0,5,91.66666667,0,0
51,5,1,0,5205,273,0,1,0,0.0,0,1
46,2,0,0,8346,2976,1,1,10,0.0,2,1
31,2,0,0,3417,600,1123024,0,2,0.0,0,0
79,3,5,0,-1,3311,2881378,0,4,97.56097561,0,0
59,8,0,0,1,364,0,1,0,75.0,0,1
45,2,1,0,418,313,0,1,2,0.0,0,0
64,3,2,0,3726,1388,0,1,4,100.0,2,1
29,2,0,0,9437,59,2068,0,7,64.0,0,0
57,4,0,0,3083,0,0,1,0,100.0,0,1
22,2,0,0,7149,0,3598004,0,4,91.30434783,0,0
235,4,0,0,4872,0,0,1,2,0.0,2,1
23,2,0,0,1891,301,376474,0,3,58.33333333,0,0
85,3,1,0,5826,18,0,1,0,0.0,0,1
31,2,0,0,7456,0,397287,0,4,50.0,0,0
60,2,1,0,7121,3470,33109,1,4,7.692307692000001,0,0
23,2,0,0,7252,53,943419,1,1,0.0,0,1
25,2,0,0,4429,1049,0,0,0,100.0,0,1
22,2,0,0,-1,0,0,0,0,100.0,0,1
34,2,0,0,2328,229,6143932,1,3,0.0,0,1
27,2,0,0,2525,31,0,0,2,0.0,0,0
23,2,0,0,-1,0,474965,0,4,0.0,0,0
25,3,0,0,1944,0,129173,0,4,58.33333333,0,0
54,2,2,0,7480,1651,628,0,7,94.44444444,0,0
44,3,0,0,5658,185,889,1,6,0.0,0,1
78,4,2,1,805,290,44822,0,1,27.27272727,0,1
56,2,0,0,3848,170,0,1,4,0.0,0,1
38,2,1,0,4309,74,630249,0,2,100.0,0,0
70,2,1,0,759,336,0,1,0,0.0,3,1
138,3,2,0,4140,973,1483842,1,2,96.15384615,0,1
53,4,2,0,5627,217,0,1,5,0.0,2,1
163,4,6,1,2198,7,0,1,0,66.66666667,0,1
41,2,1,0,1355,106,686549,0,1,0.0,0,1
50,3,0,0,3123,164,0,1,3,100.0,0,1
34,2,0,0,7296,373,0,1,5,0.0,0,1
72,2,5,0,7445,590,3357138,0,8,28.0,0,0
55,4,1,0,-1,0,1033,1,7,0.0,0,0
37,3,0,0,8044,3483,2572,0,6,0.0,0,0
35,2,0,0,7912,122,831425,0,5,25.0,1,0
24,2,0,0,6437,159,78688,0,4,81.81818182,0,0
38,2,1,0,7295,374,0,1,5,0.0,0,1
39,2,0,0,7296,373,0,1,5,0.0,0,1
22,2,0,0,6954,3272,102768,0,4,0.0,0,0
64,1,0,0,3557,95,0,1,1,4.761904762,0,1
95,2,1,0,5062,781,0,1,1,100.0,4,1
35,1,1,0,7966,69,0,1,1,100.0,0,1
82,3,0,0,8145,620,12364,0,6,30.95238095,0,0
81,2,1,0,1852,1801,0,1,0,100.0,1,1
31,3,0,0,4839,275,0,0,3,93.75,0,0
19,2,0,0,1154,307,0,0,0,100.0,0,1
25,1,0,0,1464,247,0,0,0,37.5,0,1
32,2,0,0,5807,401,223826,0,5,63.63636364,0,0
37,3,0,0,-1,317,0,1,0,0.0,0,1
21,1,0,0,-1,0,469408,1,6,62.5,0,1
89,5,0,0,359,7,0,0,1,0.0,1,1
82,3,1,0,2585,337,0,1,2,73.68421053,2,1
38,2,1,0,3608,45,0,1,0,0.0,0,1
25,2,0,0,7061,0,254648,0,3,75.0,0,0
41,2,1,0,6302,273,0,1,2,0.0,2,1
141,2,2,0,8019,381,0,1,4,44.44444444,1,1
87,2,0,0,3205,813,0,1,0,0.0,0,1
416,2,1,0,4011,371,2070798,1,3,33.33333333,1,1
58,2,0,0,-1,-1,48274,1,2,100.0,0,1
96,4,1,0,5158,1050,114,1,8,0.0,0,0
32,2,1,0,4870,244,0,0,0,66.66666667,1,1
23,2,0,0,3685,333,189868,0,5,87.09677419,0,0
17,1,0,0,954,142,334510,0,2,100.0,0,0
72,4,0,1,1083,13,0,1,0,0.0,0,1
33,2,0,0,4886,228,0,1,4,0.0,0,1
41,2,1,0,7087,948,0,1,3,0.0,0,1
25,1,0,0,2729,193,0,1,0,0.0,0,1
105,1,0,0,168,198,0,1,0,100.0,0,1
47,2,0,0,994,102,0,1,2,0.0,1,1
110,2,0,0,-2,78,0,1,1,100.0,0,1
60,3,3,0,8970,1916,10654,1,5,88.88888889,0,0
26,2,0,0,70,294,4299359,1,0,0.0,0,1
23,2,0,0,1080,2572,0,0,0,100.0,0,1
27,1,0,0,5495,347,0,1,0,0.0,0,1
43,1,1,0,4673,75,91,0,9,10.0,0,0
88,2,5,0,4397,350,0,1,2,0.0,2,1
46,1,1,0,2772,150,332800,0,4,37.5,0,0
27,2,0,0,-1,0,3245904,0,4,0.0,1,0
35,2,0,0,4078,304,811407,0,4,0.0,0,0
40,2,0,0,3605,49,1137979,1,3,0.0,1,1
41,3,0,0,7160,146,2336,0,3,86.66666667,0,0
71,3,2,0,-1,0,13480,0,5,100.0,0,0
145,1,7,0,12,353,0,1,0,0.0,0,1
126,3,3,0,2204,352,5039553,1,0,70.0,0,1
31,2,0,0,2271,345,1181420,0,4,100.0,0,0
27,2,0,0,-1,581,31388,0,4,90.0,0,0
106,3,0,0,3080,208,0,1,0,0.0,0,1
45,3,0,0,5088,26,0,1,0,0.0,0,1
39,3,1,0,3822,196,0,1,0,100.0,1,1
55,3,0,0,4019,1,0,1,2,0.0,0,1
40,2,0,0,-1,3502,255151,0,3,100.0,0,0
46,2,1,0,7846,189,155617,0,5,46.15384615,0,0
24,2,0,0,3887,130,985551,0,3,66.66666667,0,0
32,1,1,0,261,105,0,1,0,0.0,0,1
26,2,0,0,-1,0,116234,0,4,78.57142857,0,0
73,3,0,0,1535,655,4641,1,2,0.0,0,1
27,2,0,0,3291,1823,726703,0,4,0.0,0,0
54,1,6,0,2358,1659,303318,0,4,93.75,0,0
48,3,0,0,5636,207,109101,0,5,68.75,0,0
25,3,0,0,-1,544,40203,0,4,81.25,0,0
74,2,2,0,1639,188,0,1,0,0.0,3,1
53,3,1,0,10262,0,76908,0,5,0.0,0,0
28,2,0,0,7531,162,0,0,5,100.0,0,1
68,5,0,0,1905,286,0,1,0,100.0,3,1
39,1,1,0,214,151,0,1,0,0.0,0,1
48,1,1,0,2521,35,632751,1,7,0.0,0,1
92,5,26,0,467,263,0,1,0,0.0,1,1
96,3,7,0,8756,737,944,0,8,95.0,0,0
66,4,0,1,82,283,9795924,1,0,81.81818182,0,1
27,2,0,0,-1,45,0,0,1,0.0,0,1
25,3,0,0,-1,814,347090,0,4,88.37209302,0,0
35,3,0,0,-1,0,0,0,1,0.0,0,1
162,7,1,0,-1,0,784159,1,3,100.0,1,1
52,3,0,0,-1,0,0,1,2,66.66666667,1,1
44,2,0,0,8188,577,20773,0,5,88.88888889,0,0
62,2,2,0,-1,54,0,1,2,100.0,0,1
74,3,2,0,1681,145,0,1,0,14.28571429,3,1
65,2,0,0,7838,1293,4087,0,5,0.0,0,0
75,3,0,0,3150,137,715511,1,5,100.0,1,0
129,2,16,0,2194,362,192737,0,5,85.0,0,0
29,1,0,0,7491,180,63,0,10,50.0,0,0
68,6,0,0,-1,2382,0,1,2,100.0,0,1
80,3,0,0,152,214,5008870,1,0,85.71428571,0,1
82,2,9,0,5133,345,1315,0,7,18.75,0,0
85,2,1,0,-1,0,0,1,2,100.0,2,1
24,2,0,0,8416,137,263599,0,4,100.0,0,0
106,3,0,0,274,91,0,1,0,100.0,0,1
25,2,0,0,8360,40,1490065,0,4,0.0,0,0
43,4,0,0,7847,119,2299843,1,4,0.0,0,1
27,2,0,0,-1,-1,1191539,0,3,20.0,0,0
37,3,0,0,-1,0,0,1,0,100.0,0,1
28,2,0,0,4366,382,227305,0,4,55.55555556,0,0
83,4,0,1,133,232,0,1,0,71.42857143,0,1
54,2,0,0,7130,905,12,0,7,100.0,1,0
26,2,0,0,4544,211,179929,0,4,62.5,0,0
80,4,9,0,7463,207,0,1,2,0.0,0,0
62,2,2,0,9104,26,7022,0,5,86.66666667,0,0
119,2,2,0,12126,659,1001,1,7,0.0,0,0
65,3,3,0,7230,75,54048,0,5,77.77777778,0,0
153,2,0,0,736,360,0,1,0,100.0,0,1
56,2,1,0,7835,201,600,1,6,29.03225806,0,0
41,2,0,0,7295,374,0,1,5,28.57142857,1,1
23,2,0,0,-1,-1,10459499,0,4,80.0,0,0
52,3,0,0,7529,2697,23368,1,4,100.0,0,1
25,2,0,0,260,106,0,1,0,0.0,0,1
26,2,0,0,2114,78,10213721,1,1,38.88888889,1,1
28,2,0,0,4349,33,4899762,0,3,71.42857143,0,0
67,3,0,0,-1,369,4429323,1,2,83.33333333,1,1
63,2,0,0,7838,1293,4087,0,5,0.0,0,0
46,2,0,0,9256,242,21428,0,6,0.0,0,0
58,5,2,0,-1,0,0,1,0,0.0,0,1
31,2,0,0,1770,0,5116671,0,3,68.75,0,0
68,2,1,0,-1,0,9421973,1,1,4.255319149,3,1
92,3,0,0,8232,168,3883,1,5,87.5,0,0
45,2,1,0,-1,225,340,1,7,95.83333333,0,0
37,3,0,0,8922,1830,309153,1,3,0.0,0,1
71,4,7,0,5613,231,7198651,1,5,50.0,0,1
31,2,0,0,7296,373,10098991,0,5,0.0,0,0
43,2,0,0,8346,2976,1,0,10,50.0,2,1
23,1,0,0,922,0,11493,1,6,91.66666667,0,1
35,2,0,0,-1,123,9169065,0,4,100.0,0,0
48,2,4,0,5883,1421,181,0,6,72.72727273,0,0
29,2,0,0,4310,438,0,1,2,0.0,0,1
24,3,0,0,-1,0,26630,0,5,100.0,0,0
54,2,2,0,9285,59,121,0,7,79.31034483,0,0
35,2,0,0,6073,137,14411,0,5,28.57142857,0,0
28,2,0,0,8590,539,156067,0,3,20.83333333,0,0
22,2,0,0,8433,331,11085,0,4,7.692307692000001,0,0
28,2,0,0,7772,263,0,0,6,27.27272727,0,0
36,2,0,0,3459,2385,0,0,1,66.66666667,0,0
71,4,0,0,7802,516,0,1,5,0.0,2,1
29,2,0,0,5158,1050,0,1,8,0.0,1,1
31,2,1,0,5065,48,3482258,0,3,62.5,0,0
373,3,2,1,804,291,0,1,2,100.0,0,1
37,1,0,0,6474,100,179070,0,4,93.75,0,0
84,3,3,0,6670,29725,1853177,0,4,0.0,0,0
26,2,0,0,7126,178,1750280,0,6,42.85714286,0,0
41,2,0,0,7131,904,12,0,7,100.0,0,0
80,2,0,0,144,221,0,1,0,100.0,0,1
19,1,0,0,2421,135,3186945,0,2,95.23809524,0,0
79,2,8,0,-1,283,311774,0,4,92.30769231,0,0
32,2,0,0,1137,323,1578580,1,3,53.84615385,0,0
21,2,0,0,2389,0,5961020,1,2,0.0,0,0
52,3,0,0,4396,352,0,1,1,0.0,0,1
73,2,6,0,7423,1342,289,1,7,0.0,0,0
65,2,2,0,2300,257,0,1,2,40.0,2,1
50,3,0,0,7371,299,1303460,1,5,76.92307692,0,0
57,2,1,0,7838,197,606,1,6,31.25,0,0
77,2,0,0,-1,152,0,1,0,0.0,0,1
101,2,0,0,2105,1547,0,1,0,71.42857143,0,1
162,6,1,0,1015,80,0,1,0,100.0,1,1
52,3,0,0,1707,119,0,1,0,100.0,0,1
22,2,0,0,2687,234,257184,0,4,0.0,0,0
91,1,6,0,-1,218,505901,0,5,100.0,0,0
20,1,1,0,-1,0,355294,0,2,60.0,0,0
55,2,0,0,7300,0,322560,0,3,0.0,0,1
68,3,0,0,2024,168,0,1,2,100.0,2,1
24,2,0,0,-1,176,0,0,1,87.5,0,0
44,2,0,0,7298,371,1743645,0,5,20.0,0,0
23,2,1,0,1829,728,2007975,0,3,88.88888889,0,0
37,2,0,0,7448,587,2386367,0,8,65.95744681,0,0
24,2,0,0,5938,270,412706,0,4,91.66666667,0,0
164,6,2,0,1639,188,0,1,0,100.0,4,1
83,2,5,0,7211,760,38097,1,4,88.23529412,0,0
41,2,0,0,7449,585,0,0,8,25.0,0,0
45,2,1,0,199,0,0,0,0,0.0,0,1
77,3,0,1,59,305,0,1,0,0.0,0,1
87,2,5,0,7448,586,0,0,8,65.95744681,0,0
42,2,0,0,5555,653,2199484,0,4,100.0,0,0
95,3,4,0,7298,371,0,1,5,0.0,0,1
22,2,0,0,7371,232,1394111,0,3,100.0,0,0
74,3,3,0,5444,34,0,1,2,15.38461538,0,0
30,2,0,0,9328,1263,1429,0,6,84.0,0,0
54,3,1,0,-2,305,0,1,0,50.0,0,1
97,2,7,0,12539,1707,812,1,7,100.0,0,0
58,2,2,0,9318,3467,724,0,6,94.73684211,0,0
30,2,1,0,-1,0,0,0,0,66.66666667,0,0
58,1,3,0,3263,24,210462,0,4,16.98113208,0,0
58,2,0,0,7156,150,2272,1,3,76.19047619,0,0
25,2,0,0,6640,550,32190,0,2,3.125,0,0
160,2,0,0,3052,250,0,1,1,93.33333333,1,1
39,1,0,0,-2,281,196674,1,2,83.33333333,0,0
91,2,8,0,4491,987,2895,1,5,92.85714286,0,0
31,1,0,0,-2,264,0,1,0,0.0,0,1
62,2,1,0,1853,338,0,1,2,0.0,2,1
22,2,0,0,-1,465,0,0,3,16.66666667,0,0
67,3,0,0,-1,0,0,1,0,100.0,1,1
118,4,2,0,798,298,0,1,0,0.0,0,1
83,4,4,0,7448,587,385,1,8,0.0,0,0
41,2,0,0,2391,165,1652,0,6,81.81818182,0,0
55,3,0,0,6302,1369,6171,0,5,100.0,0,0
62,4,0,0,11556,131,609,1,7,100.0,0,0
19,1,0,0,1891,666,23773,0,5,57.14285714,0,0
20,2,0,0,817,279,0,0,1,80.0,0,0
54,2,1,0,10674,285,23,1,8,98.18181818,0,0
45,4,0,0,8927,2761,0,1,6,100.0,0,1
17,2,0,0,-1,214,219997,0,5,66.66666667,0,0
29,2,0,0,4165,217,0,0,0,0.0,0,1
49,2,0,0,4648,101,0,1,0,100.0,0,1
21,1,0,0,-1,0,3536,0,9,100.0,0,1
42,3,0,0,1338,122,22211,1,6,75.0,0,1
35,3,0,0,-1,0,0,1,0,100.0,0,1
140,2,1,0,8019,381,0,0,4,7.692307692000001,0,1
32,2,0,0,2301,256,22884,0,3,96.82539683,0,1
28,2,0,0,7174,131,0,1,1,0.0,0,1
51,5,0,0,5616,228,0,1,5,0.0,0,1
50,3,0,0,2022,162,0,1,2,100.0,0,1
15,1,0,0,-1,0,69514,0,2,100.0,0,0
66,3,1,0,7519,517,10724,0,5,30.76923077,0,0
100,3,1,0,959,867,37229,1,2,0.0,3,1
32,2,0,0,7623,1509,62972,1,5,85.71428571,0,0
97,2,5,0,5257,0,2368887,0,1,100.0,0,0
67,2,1,0,-1,0,9421973,1,1,9.433962264,3,1
45,2,0,0,5157,1051,114,1,8,50.0,0,0
226,3,0,0,1847,344,0,1,0,66.66666667,1,1
57,1,0,0,3271,17,0,1,0,100.0,0,1
73,1,5,0,5001,2669,6798,0,6,78.57142857,0,0
62,4,1,0,5615,228,0,1,5,0.0,2,1
23,3,0,0,-1,0,36113,0,5,93.47826087,0,0
55,3,1,0,-1,962,72947,1,3,0.0,2,1
42,2,0,0,9186,310,317,0,5,90.47619048,0,0
21,2,0,0,7446,252,0,1,1,0.0,0,1
149,5,0,0,5612,231,0,1,5,33.33333333,0,1
30,2,0,0,7298,371,0,0,5,0.0,0,0
34,2,0,0,8519,2805,8,0,10,14.28571429,0,0
46,2,0,0,7134,901,12,0,7,100.0,0,0
47,3,0,0,4846,267,0,1,2,33.33333333,1,1
202,2,0,0,2614,308,0,1,2,33.33333333,0,1
65,1,1,0,597,134,2251515,1,3,0.0,2,1
99,3,4,0,7805,595,6377,0,5,94.73684211,0,0
47,2,0,0,3320,333,1038201,1,1,97.2972973,0,1
57,1,0,0,1792,34,0,1,0,100.0,0,1
22,1,0,0,-1,0,0,1,0,15.95744681,0,1
93,2,5,0,8075,325,89130,0,4,92.85714286,0,0
58,1,0,0,5375,104,0,1,0,0.0,0,1
55,2,0,0,8348,2974,1,1,10,0.0,2,1
73,3,2,0,3032,255,0,1,2,0.0,0,1
94,2,7,0,7446,588,0,0,8,63.26530612,0,0
155,3,2,0,3403,249,0,1,1,100.0,3,1
202,2,0,0,1496,694,2979260,1,2,66.66666667,1,1
49,2,1,0,5749,95,3741,0,5,4.0,0,0
43,2,1,0,6472,102,72,0,10,0.0,0,0
26,2,0,0,8001,34,4852003,0,3,0.0,0,0
32,2,0,0,3734,282,218434,0,4,47.05882353,0,0
79,2,3,0,4174,939,1139933,0,5,90.90909091,0,0
41,2,0,0,9204,294,690,0,6,90.47619048,0,0
28,2,0,0,-1,190,0,0,2,100.0,0,0
67,3,0,0,-1,4,8794781,1,0,100.0,0,1
118,2,1,0,2058,133,0,1,2,50.0,4,1
57,2,1,0,7133,902,12,0,7,100.0,0,0
23,1,1,0,77,287,0,1,0,0.0,0,1
124,3,1,0,4235,148,0,0,2,0.0,0,0
25,2,0,0,104,0,63985,1,0,100.0,0,1
38,2,1,0,167,199,0,1,0,0.0,0,1
43,3,0,0,5311,3454,39203,0,5,28.57142857,0,0
35,2,0,0,3100,187,0,1,4,0.0,1,1
38,3,1,0,4335,48,0,0,2,100.0,0,0
28,3,0,0,-1,367,0,1,0,89.47368421,0,1
53,2,4,0,5885,1420,183,0,6,80.0,0,0
169,3,1,1,4284,99,0,1,1,66.66666667,2,1
102,3,0,0,-1,333,24,0,9,0.0,0,1
65,2,0,0,3339,1409,7115751,1,2,0.0,1,1
31,3,0,0,-1,0,0,0,1,100.0,0,0
71,3,1,0,9684,909,81,1,8,83.33333333,1,0
49,6,0,0,6667,2099,0,1,3,0.0,0,1
29,2,0,0,7701,334,2091878,0,3,40.0,0,0
40,3,0,0,5088,26,0,1,0,61.53846154,0,1
52,2,0,0,4966,148,0,1,2,0.0,2,1
99,2,0,0,7841,1290,3990,0,5,0.0,0,0
70,3,1,0,9619,609,7857,1,6,0.0,1,0
29,2,0,0,7412,281,1561104,1,2,0.0,0,1
35,2,1,0,4492,255,0,0,3,91.66666667,1,1
58,2,1,0,4250,132,0,1,1,100.0,0,1
65,3,0,0,7197,1933,2202,0,5,57.14285714,0,0
44,2,0,0,7295,374,0,1,5,0.0,0,1
20,2,0,0,-1,0,428989,0,2,0.0,0,0
81,2,0,0,4505,243,2264501,1,3,0.0,2,1
77,3,0,0,5379,2291,684852,0,3,81.48148148,0,0
74,3,2,0,5345,1229,25822,0,5,100.0,0,0
73,4,2,0,5616,228,5528499,1,5,0.0,1,1
25,2,0,0,7253,53,943419,1,1,0.0,0,1
45,3,0,0,7159,147,2320,1,3,86.66666667,0,0
51,2,2,0,6512,3350,3819,0,5,5.8823529410000015,0,0
28,3,0,0,2078,114,239539,0,1,100.0,0,1
43,2,0,0,-1,0,0,1,1,25.0,1,1
38,2,0,0,691,40,0,1,0,66.66666667,0,1
68,3,4,0,9261,237,4967,0,5,50.0,0,0
26,2,0,0,1072,389,1245486,0,1,83.33333333,1,0
32,2,0,0,-1,109,0,1,1,100.0,0,1
32,2,0,0,1138,688,0,0,0,3.703703704,0,0
93,3,1,0,9227,1367,2723,0,5,0.0,1,0
31,2,1,0,229,137,0,1,0,0.0,0,1
27,3,0,0,-1,252,0,1,0,0.0,0,1
91,2,1,0,254,112,0,1,0,100.0,3,1
38,2,0,0,9184,311,316,0,5,90.47619048,0,0
91,3,0,0,134,231,1510715,1,2,44.44444444,0,1
34,1,0,0,3129,159,9894188,1,0,0.0,0,1
39,2,0,0,1850,342,0,1,0,7.692307692000001,0,1
34,2,1,0,1596,229,180784,0,3,50.0,0,0
23,2,0,0,5232,246,0,0,7,91.66666667,0,0
20,2,0,0,6091,99,7223668,0,2,50.0,0,0
37,1,0,0,6615,325,0,1,0,0.0,0,1
35,2,0,0,8869,263,3137054,0,3,91.66666667,0,0
42,2,1,0,3724,294,110473,0,4,40.0,0,0
46,2,0,0,6989,315,2203390,0,4,100.0,0,0
34,1,0,0,1773,53,8134,0,6,75.0,0,0
88,3,7,0,2494,428,1084759,0,4,6.25,0,0
87,3,0,0,8733,0,0,1,3,0.0,0,0
56,2,0,0,4377,6,0,0,0,100.0,0,1
29,2,0,0,1882,310,7574859,0,4,20.0,0,0
40,2,0,0,7086,948,18263,1,3,0.0,0,1
26,2,0,0,6232,343,4191233,0,5,53.84615385,0,0
70,2,5,0,1925,267,2709,0,5,87.5,0,0
76,3,3,0,10127,99,154327,1,6,71.42857143,0,0
30,2,0,0,7055,250,2779826,1,0,81.81818182,0,1
61,2,0,0,3630,22,0,1,0,0.0,0,1
83,1,6,0,-1,953,29784,0,5,60.0,0,0
102,2,1,0,8019,381,0,1,4,7.692307692000001,0,1
200,2,3,0,-1,650,0,1,0,100.0,0,1
33,3,0,0,-1,0,3491656,0,5,73.33333333,0,0
24,2,0,0,3621,0,0,0,3,96.15384615,0,0
39,2,0,0,8519,2804,8,1,10,9.090909091,0,0
73,3,4,0,12561,0,13756,0,6,66.66666667,0,0
32,2,0,0,1385,76,0,0,1,90.0,0,0
119,3,9,0,-1,0,38929,1,6,83.33333333,0,0
53,2,1,0,1426,0,0,1,0,0.0,0,1
43,1,0,0,-1,149,0,1,0,11.76470588,0,1
47,1,2,0,2146,775,1529081,0,2,100.0,0,0
148,7,0,0,6752,0,128623,1,4,100.0,0,1
24,2,0,0,2379,178,115241,0,3,62.5,0,0
30,2,1,0,5159,1049,0,0,8,40.0,0,0
29,2,0,0,2790,3418,7449250,0,3,66.66666667,0,0
87,3,5,0,6246,694,2419,0,6,33.33333333,0,0
144,7,0,0,9115,315,1333,1,2,7.692307692000001,0,1
54,3,0,0,7199,1931,2243,0,5,57.14285714,0,0
18,1,0,0,-1,20,20083,1,5,0.0,0,1
58,3,0,0,7520,516,10724,0,5,30.76923077,0,0
30,2,0,0,7768,998,530145,0,4,16.66666667,0,0
105,4,1,1,4609,140,0,1,3,50.0,4,1
147,6,4,1,5660,184,6032,0,6,0.0,0,1
45,2,1,0,7159,147,2336,0,3,86.66666667,0,0
31,1,0,0,-1,354,0,1,0,0.0,0,1
69,4,0,0,4003,14,5828815,1,0,100.0,0,1
44,2,1,0,6974,331,276207,0,4,100.0,0,0
124,3,7,0,12122,663,1006,1,7,100.0,0,0
31,2,0,0,7298,371,0,0,5,0.0,0,0
100,3,1,0,243,122,0,1,0,100.0,3,1
41,4,1,0,7356,0,0,0,3,42.85714286,0,0
30,2,0,0,1960,597,5241816,0,2,100.0,0,0
58,3,3,0,3751,266,0,0,4,80.0,0,0
28,2,0,0,-1,305,494317,0,2,50.0,0,0
126,3,4,0,1669,158,1961063,1,0,0.0,0,1
107,2,1,0,2047,145,0,1,0,85.71428571,3,1
44,3,1,0,7129,906,12,1,7,100.0,0,0
63,2,2,0,4093,1386,9868,0,4,100.0,0,0
36,3,1,0,7,358,0,1,0,0.0,1,1
51,2,0,0,-2,2010,44417,1,5,60.0,0,0
89,3,0,0,253,113,0,1,0,66.66666667,0,1
63,2,4,0,5132,346,1310,0,7,18.75,0,0
21,1,0,0,-1,297,6050809,0,0,70.0,0,0
46,2,0,4,7040,266,0,1,1,0.0,0,1
26,3,0,0,5720,124,559318,0,4,100.0,0,1
51,3,1,0,-1,3400,93350,0,5,11.11111111,0,0
21,2,0,0,5909,299,903479,0,1,0.0,0,0
49,1,3,0,1478,348,25176,0,4,100.0,0,0
37,2,0,0,171,194,6322841,0,0,80.0,0,1
49,3,0,0,-1,0,0,1,0,56.25,2,1
43,2,0,0,6605,334,899,1,5,87.09677419,0,1
254,3,1,0,3378,274,3100263,1,4,0.0,0,1
58,3,1,0,70,294,0,1,0,25.71428571,1,1
38,2,0,0,-1,632,0,1,0,33.33333333,1,1
45,3,0,0,6156,1148,709661,1,2,90.0,0,0
48,3,0,0,2738,183,241138,0,4,95.0,0,0
144,2,3,0,8018,382,0,1,4,44.44444444,0,1
100,3,1,0,254,112,0,1,0,100.0,3,1
49,2,0,0,7131,904,12,0,7,100.0,0,0
109,4,1,0,41,324,0,1,0,66.66666667,0,1
44,3,0,0,3718,1761,4166420,1,3,42.85714286,0,1
40,2,1,0,1546,644,4669,1,2,53.33333333,0,1
33,3,0,0,-1,0,477855,0,3,100.0,0,0
43,5,0,0,5613,230,0,1,5,0.0,0,1
25,1,0,0,2139,52,2201073,1,0,0.0,0,1
38,2,1,0,-1,264,0,1,0,10.0,0,1
31,2,1,0,7765,271,0,1,2,50.0,0,1
33,2,1,0,784,311,2745991,1,0,0.0,0,1
36,2,0,0,1198,0,0,1,1,0.0,0,1
29,2,0,0,8153,246,621,0,6,100.0,0,0
91,1,6,0,2157,35,2030898,0,1,76.47058824,2,0
54,1,4,0,5000,2670,6711,0,6,80.0,0,0
28,1,0,0,7962,73,628506,0,3,50.0,0,0
26,2,0,0,5445,34,6496,0,5,83.33333333,0,0
50,3,0,0,6858,1542,660,0,6,81.81818182,0,0
41,2,0,0,4562,194,8152853,1,2,100.0,0,1
43,3,0,0,1547,644,4639,1,2,0.0,1,1
43,2,0,0,-1,0,78856,0,5,100.0,0,0
58,3,0,0,5046,67,379,0,5,66.66666667,0,0
406,2,5,0,3815,1664,0,1,0,0.0,0,1
61,2,2,0,4487,991,2873,1,5,92.85714286,0,0
27,2,0,0,1298,163,0,1,0,0.0,0,1
31,2,0,0,-1,1549,0,0,2,47.82608696,0,0
89,2,0,0,-1,1077,326702,1,2,100.0,0,1
59,2,0,0,118,0,0,1,0,0.0,2,1
45,2,2,0,6342,232,0,1,7,83.33333333,0,1
33,1,0,0,3360,293,0,1,2,0.0,0,1
41,1,0,0,7967,68,7232787,1,2,100.0,0,1
294,3,1,0,8018,382,0,1,4,16.66666667,0,1
34,1,1,0,4216,191,0,0,0,0.0,3,1
32,2,0,0,9320,908,13,0,7,56.60377358,0,0
24,2,0,0,4316,66,137827,0,4,68.0,0,0
46,2,0,0,1841,351,0,1,0,0.0,0,1
22,2,0,0,7810,226,548264,0,4,57.14285714,0,0
264,4,1,0,419,312,8865136,1,2,21.42857143,0,1
20,1,0,0,-1,96,2639880,0,2,100.0,0,0
62,2,2,0,5826,382,34738,0,5,95.23809524,0,0
58,2,3,0,-1,1222,93600,1,4,100.0,0,0
69,4,0,0,9802,2250,73,1,8,25.0,0,0
159,4,0,0,3768,249,310424,0,4,100.0,1,1
51,2,2,0,8355,537,27711,0,5,88.23529412,0,0
41,3,0,0,8618,147,219006,0,5,100.0,0,0
81,3,0,1,1238,222,10469481,1,0,0.0,0,1
18,2,0,0,251,480,0,0,1,66.66666667,0,0
103,2,1,0,7119,3473,32633,1,4,7.692307692000001,0,0
89,3,1,0,-1,499,0,1,0,100.0,5,1
54,3,0,0,-1,0,10288277,1,0,0.0,1,1
39,2,3,0,5908,1030,14374,0,5,95.0,0,0
86,2,1,0,384,0,0,1,0,75.0,2,1
39,3,0,0,6494,445,8156339,0,2,0.0,0,0
42,2,0,0,7721,1045,1492,0,5,21.42857143,0,0
18,1,0,0,-1,274,10745722,0,0,0.0,0,0
43,2,0,0,5639,205,2,0,10,65.21739129999999,0,0
50,2,3,0,5884,1420,181,0,6,88.88888889,0,0
24,2,0,0,2303,253,0,0,0,66.66666667,0,1
24,3,0,0,-1,0,0,0,2,60.0,0,0
17,1,0,0,-1,0,5918826,1,3,0.0,0,1
45,3,1,0,7477,924,2400373,0,0,0.0,0,1
34,2,0,0,6483,91,1719769,0,2,80.0,0,0
33,2,0,0,-1,0,8848199,1,2,0.0,0,0
41,2,1,0,3934,84,0,1,0,0.0,0,1
35,2,1,0,5160,1048,0,0,8,50.0,0,0
38,3,0,0,8252,514,3232633,0,4,60.0,0,0
50,3,2,0,7986,50,348,1,6,45.0,0,0
49,2,2,0,2273,284,5471468,0,3,66.66666667,0,0
35,2,0,0,-1,119,0,1,0,100.0,0,1
38,2,1,0,5158,1050,702523,0,8,100.0,0,0
50,2,0,0,10055,0,117625,0,4,0.0,0,0
75,2,2,0,9111,2211,1103,0,8,66.66666667,0,0
54,2,0,0,7830,206,11021,0,5,100.0,0,0
45,3,0,0,7160,146,2336,1,3,86.66666667,0,0
21,1,0,0,-1,134,426788,0,1,66.66666667,0,1
268,3,0,0,7083,952,17964,1,3,0.0,0,1
25,2,0,0,1424,401,3257689,0,3,74.19354839,0,0
202,2,1,0,340,26,0,1,0,50.0,3,1
26,2,0,0,-1,0,200600,0,2,33.33333333,0,0
67,3,4,0,9635,227,148,0,7,16.0,0,0
77,3,2,0,-1,205,0,1,3,50.0,1,1
27,2,0,0,6919,751,486123,0,4,0.0,0,0
65,3,1,0,-1,0,40917,1,5,0.0,0,0
34,2,0,0,7276,29,265564,0,4,100.0,0,0
35,2,2,0,6362,578,10517682,1,0,100.0,1,1
42,2,0,0,1899,292,507771,0,1,83.33333333,1,1
34,2,0,0,6325,249,3951236,0,5,47.05882353,0,0
56,3,2,0,-1,-1,711870,0,3,16.66666667,0,0
120,4,0,0,4003,14,5816617,1,0,100.0,0,1
18,1,0,0,-1,0,19748,1,6,92.30769231,0,1
84,2,0,0,8348,2973,1,1,10,0.0,1,1
40,3,0,0,-1,0,0,1,0,66.66666667,0,1
28,2,0,0,7970,795,0,0,2,57.14285714,0,0
41,2,0,0,385,20,0,1,0,100.0,0,1
57,2,1,0,3851,531,0,1,0,100.0,2,1
39,2,0,0,562,169,7778505,1,0,100.0,1,1
59,2,4,0,3515,137,5474,0,5,50.0,0,0
59,2,1,0,8348,2973,1,0,10,0.0,2,1
53,3,1,0,5588,256,3126876,0,3,0.0,0,0
132,3,0,0,7765,270,32,0,5,0.0,0,1
38,2,1,0,-1,470,312295,1,3,100.0,0,1
31,2,0,0,4172,1305,1380,0,8,94.44444444,0,0
56,3,0,0,6882,58,14323,1,6,33.33333333,0,0
119,4,0,0,4003,15,5816617,1,0,100.0,0,1
35,2,0,0,-1,93,0,1,0,60.0,0,1
57,3,0,0,12710,0,1110,0,6,100.0,1,0
27,2,0,0,3744,273,3114343,0,2,71.42857143,0,0
30,2,0,0,-1,0,472704,0,2,33.33333333,0,0
65,5,0,1,5626,218,0,1,5,0.0,0,1
31,1,0,0,-1,119,0,0,0,100.0,0,1
34,2,2,0,8896,236,216550,0,4,85.71428571,0,0
75,4,0,0,-1,0,365546,1,5,0.0,0,0
62,2,2,0,12207,213,50,1,8,100.0,0,0
56,2,0,0,3746,528,774723,1,4,69.23076923,0,0
99,2,1,0,8347,2975,1,1,10,33.33333333,1,1
40,4,0,0,5627,217,0,1,5,0.0,0,1
79,2,3,0,6244,331,25271,1,5,65.38461538,1,0
77,2,0,0,7133,902,12,0,7,100.0,0,0
22,2,0,0,8268,496,744234,0,4,84.61538462,0,0
84,3,0,0,9229,269,6293,1,6,0.0,0,0
43,2,1,0,2128,63,17173,1,4,16.66666667,0,0
117,4,0,0,3992,25,5697976,1,0,100.0,0,1
84,3,6,0,6256,2509,689,0,6,77.77777778,0,0
47,3,0,0,3386,98,0,1,1,0.0,0,1
52,4,1,0,62,303,0,1,0,50.0,0,1
33,2,0,0,177,189,0,0,0,0.0,0,1
63,3,0,0,204,161,0,0,0,100.0,0,1
22,2,0,0,3738,2925,48247,0,5,66.66666667,0,0
31,2,0,0,6686,618,156997,0,5,77.77777778,0,0
28,2,0,0,6311,263,143585,0,4,88.88888889,0,0
23,2,0,0,5307,1998,67332,0,5,57.14285714,0,0
63,1,1,0,339,26,0,1,0,100.0,2,1
35,2,0,0,6302,273,0,1,2,0.0,1,1
36,2,0,0,5184,2121,16979,0,6,100.0,0,0
56,3,0,0,7448,1683,5550906,0,4,0.0,0,0
30,2,0,0,6108,174,596328,0,4,80.0,0,0
37,2,0,0,3102,186,400156,0,3,47.36842105,0,0
163,3,0,0,2668,253,0,1,0,100.0,3,1
177,4,1,0,495,236,0,1,0,0.0,2,1
84,3,5,0,5443,35,0,1,2,0.0,0,0
35,2,0,0,3306,347,0,0,3,92.30769231,0,0
40,2,1,0,7087,947,18105,1,3,0.0,0,1
42,2,0,0,9714,512,2417,0,7,62.5,0,0
43,2,0,0,7134,901,13,0,7,100.0,0,0
77,1,6,0,2761,161,4459552,0,1,75.0,0,0
33,2,0,0,7410,260,0,1,0,0.0,0,1
60,3,0,0,7519,517,10724,0,5,30.76923077,0,0
55,2,3,0,9006,854,7988,0,7,100.0,0,0
49,3,2,0,5308,2361,55983,0,5,50.0,0,0
31,2,1,0,-2,366,9113295,0,3,0.0,0,0
57,3,2,0,-1,0,0,1,2,0.0,0,1
83,2,6,0,3530,122,46943,0,5,25.0,0,0
34,3,0,0,246,120,0,0,0,90.0,0,1
42,4,0,0,1,364,0,1,0,0.0,0,1
61,3,1,0,2364,192,0,1,2,100.0,3,1
132,3,0,0,7764,272,32,0,5,0.0,0,1
94,2,1,0,293,72,0,1,0,80.0,1,1
80,4,1,0,5158,1050,114,1,8,0.0,0,0
38,2,0,0,6314,260,0,0,3,50.0,0,0
33,2,0,0,1549,277,5580350,0,2,62.5,0,0
51,2,0,0,-1,709,0,1,0,100.0,0,1
45,2,0,0,7834,200,1264915,1,4,0.0,2,1
73,5,0,0,2403,154,790268,0,3,100.0,0,1
31,3,0,0,-1,170,0,1,0,100.0,0,1
57,3,1,0,6723,3256,10146468,1,2,0.0,2,1
50,2,0,0,7867,1896,2048,1,6,84.0,0,0
28,1,0,0,7491,179,63,0,10,50.0,0,0
93,1,2,0,2300,257,0,1,2,40.0,2,1
27,2,0,0,-1,0,0,0,1,95.65217391,0,0
22,2,0,0,6070,139,4299575,0,2,75.0,0,0
22,2,0,0,-1,281,488874,0,2,91.66666667,0,0
55,2,2,0,8199,200,10684284,1,3,50.0,0,0
45,3,0,0,1546,645,4669,1,2,0.0,0,1
110,5,1,0,-1,334,24,0,9,0.0,1,1
47,2,1,0,1949,254,0,1,2,50.0,0,1
49,2,0,0,7296,373,0,1,5,0.0,0,1
29,2,0,0,-2,55,0,1,0,0.0,0,1
25,2,0,0,2480,0,0,1,1,91.66666667,0,1
54,2,0,0,7134,901,12,0,7,100.0,0,0
22,2,0,0,6197,1108,288102,0,3,100.0,0,0
29,1,1,0,539,191,0,0,0,0.0,0,1
24,2,0,0,5001,112,0,0,3,68.75,0,0
31,2,1,0,8175,224,47804,0,5,64.0,0,0
62,3,3,0,4478,270,2253715,0,4,0.0,0,0
30,1,1,0,3489,163,0,1,0,0.0,0,1
47,1,1,0,2770,151,313591,0,4,37.5,0,0
94,3,1,0,1797,395,0,1,0,100.0,2,1
43,4,0,0,4202,181,0,1,0,80.0,0,1
29,2,0,0,7634,36,54115,0,6,72.0,0,1
30,2,0,0,3735,282,165768,0,5,48.7804878,0,0
65,2,3,0,4486,991,2873,0,5,92.85714286,0,0
27,2,0,0,-1,399,4775526,0,5,0.0,0,0
51,2,0,0,2346,210,242217,1,2,0.0,0,0
47,2,0,0,6890,0,64643,0,6,100.0,0,0
57,3,0,0,-1,279,0,1,2,30.0,0,1
45,4,0,0,5626,218,0,1,5,0.0,0,1
36,1,0,0,4863,251,147,0,5,5.0,0,0
32,2,0,0,1661,165,0,0,2,0.0,0,1
36,2,0,0,-1,0,0,1,0,0.0,0,1
66,3,4,0,5198,281,82496,1,3,50.0,0,0
27,2,0,0,6763,229,0,0,2,95.23809524,0,0
238,14,0,0,8346,2976,1,0,10,0.0,1,1
18,2,0,0,8600,249,607470,0,4,66.66666667,0,0
25,2,0,0,1969,222,1203857,0,0,54.16666667,0,0
59,1,5,0,2095,826,942955,0,2,80.0,0,0
94,3,0,0,-1,101,0,1,2,100.0,1,1
42,1,2,0,3567,85,0,1,0,0.0,0,1
44,3,0,0,8347,2974,1,0,10,0.0,1,0
68,2,0,0,1576,249,0,1,0,0.0,1,1
26,1,1,0,-1,0,0,1,0,0.0,0,1
74,1,1,0,-1,0,0,1,0,45.45454545,4,1
45,2,0,0,7131,904,12,0,7,100.0,0,0
19,3,0,0,-1,0,0,0,0,100.0,0,1
69,4,0,0,3993,25,5707171,1,0,100.0,0,1
51,4,0,0,-1,0,0,1,0,100.0,0,1
38,3,3,0,1017,78,0,1,0,41.17647059,0,1
59,3,0,0,11271,0,25936,0,5,0.0,0,0
40,3,1,0,1547,644,4639,1,2,66.66666667,1,1
38,2,0,0,4823,291,761464,1,2,0.0,0,1
27,2,0,0,1297,163,0,0,0,14.28571429,0,0
49,2,0,0,6073,137,14284,0,5,32.14285714,0,0
50,2,1,0,-1,-1,590567,1,2,0.0,0,1
28,2,0,0,5027,346,130992,0,5,46.15384615,0,0
31,2,1,0,7309,360,0,1,5,0.0,0,1
34,1,1,0,6438,136,0,1,3,66.66666667,0,0
74,3,1,0,1536,655,4558,1,2,93.5483871,0,1
48,3,0,0,1547,644,4639,1,2,66.66666667,1,1
68,2,0,0,2105,1548,0,0,0,71.42857143,0,1
36,2,0,0,-1,775,1009883,0,4,16.66666667,0,0
28,2,0,0,1801,26,668078,0,2,100.0,0,0
39,2,0,0,834,261,2151511,1,1,0.0,0,1
31,2,0,0,4594,520,0,0,2,72.72727273,0,0
50,2,5,0,5992,218,0,0,5,81.25,0,1
57,2,2,0,2950,3258,369766,0,4,72.72727273,2,0
18,1,0,0,1333,128,1290341,0,1,41.66666667,0,0
35,2,1,0,896,565,457413,0,2,75.0,1,1
86,3,0,1,35,329,0,1,0,40.0,0,1
26,2,0,0,4774,339,0,0,1,92.59259259,0,0
43,2,0,0,5636,207,2,0,10,65.21739129999999,0,0
44,3,0,0,7160,146,2358,1,3,86.66666667,0,0
38,2,0,0,7155,1976,251093,0,4,84.61538462,0,0
22,2,0,0,86,278,0,0,0,0.0,0,0
23,2,0,0,5387,456,0,1,1,0.0,0,1
36,3,0,0,2795,0,1253797,0,3,0.0,0,0
25,2,1,0,-1,0,5597380,1,0,0.0,0,1
33,2,0,0,5158,1050,0,0,8,40.0,0,0
31,2,1,0,6946,360,828187,0,4,92.0,0,0
556,5,24,0,6590,349,30,1,4,33.33333333,2,0
88,3,1,0,1196,265,0,1,0,100.0,3,1
51,2,1,0,7856,2370,152679,0,4,40.0,0,0
26,2,0,0,2258,663,417663,0,3,33.33333333,0,0
45,1,0,0,3175,113,0,0,0,0.0,0,1
33,1,0,0,440,291,0,1,0,33.33333333,0,1
46,4,1,0,5627,217,0,1,5,0.0,2,1
52,2,1,0,2345,0,0,1,0,0.0,0,1
20,2,1,0,4193,189,2122361,0,1,100.0,0,0
45,2,1,0,6382,150,200403,1,3,100.0,0,1
22,1,0,0,-1,0,128597,0,4,81.48148148,0,0
82,2,4,0,5223,985,136,0,8,58.82352941,0,0
23,2,0,0,-1,0,524317,0,3,80.0,0,0
26,2,0,0,7432,237,1468946,0,5,100.0,0,0
29,3,0,0,8756,2261,84082,0,5,0.0,0,0
31,3,1,0,6211,364,0,1,0,0.0,0,1
47,2,1,0,199,0,0,0,0,0.0,0,1
105,3,1,1,4609,140,0,1,3,50.0,4,1
27,2,0,0,4594,3076,165714,0,4,60.0,0,0
21,2,0,0,8725,405,287481,0,4,100.0,0,0
47,1,0,0,7657,379,433,0,7,100.0,0,0
45,2,0,0,-2,361,0,1,0,100.0,0,1
74,1,1,0,2381,1270,0,1,2,50.0,4,1
44,2,0,0,5997,942,5471,0,7,60.0,0,0
93,2,8,0,6991,314,4524,0,5,46.66666667,0,0
38,2,0,0,7495,174,0,0,4,50.0,0,0
44,2,0,0,5088,390,53595,1,5,100.0,0,0
104,7,0,1,8347,2975,1,0,10,0.0,0,1
45,3,1,0,2722,199,0,1,0,0.0,1,1
32,2,0,0,3430,222,670713,0,5,58.33333333,0,0
34,3,0,0,1461,1825,648670,1,2,0.0,0,1
42,2,2,0,7189,116,490968,1,2,81.81818182,0,1
73,2,2,0,7448,587,0,0,8,67.39130435,0,0
34,2,0,0,-1,0,8010635,1,0,0.0,0,1
71,2,1,0,4971,507,0,0,5,57.14285714,1,0
32,1,1,0,-1,351,0,1,0,0.0,0,1
62,3,4,0,8459,305,420,0,7,96.15384615,0,0
19,2,0,0,-1,0,1993,0,4,90.0,0,0
29,3,0,0,-1,0,155748,0,4,88.88888889,0,0
48,3,0,0,8048,3479,2604,0,6,0.0,0,0
102,2,0,0,1993,199,0,1,0,0.0,0,1
50,5,0,0,5614,230,8029411,1,5,0.0,0,1
35,2,1,0,5160,1048,0,0,8,100.0,0,0
54,5,2,0,5612,231,0,1,5,0.0,0,1
27,2,0,0,2332,224,1056076,0,3,50.0,0,0
40,2,0,0,2328,228,149650,0,3,100.0,0,0
46,3,0,0,8044,3483,2580,0,6,0.0,0,0
72,5,2,1,5626,217,0,1,5,0.0,0,1
120,4,1,1,4609,139,0,1,3,50.0,4,1
35,2,0,0,5069,409,0,0,2,50.0,0,0
66,5,2,0,5616,228,0,1,5,0.0,0,1
17,1,0,0,-1,0,47113,0,3,100.0,0,0
83,2,1,0,331,400,0,1,0,100.0,2,1
116,1,14,0,4151,232,3231,0,6,20.0,0,0
25,1,0,0,1820,737,222398,0,4,100.0,0,0
24,2,0,0,139,0,0,0,0,100.0,0,0
71,1,5,0,6431,143,1498442,0,3,75.0,0,0
49,2,1,0,7586,449,988,0,5,100.0,0,0
40,2,0,0,7295,374,0,0,5,0.0,0,1
139,2,3,0,8019,381,0,1,4,0.0,0,1
104,2,2,0,8019,381,0,1,4,7.692307692000001,0,1
47,2,0,0,1541,284,2573053,0,0,100.0,0,1
26,2,0,0,8884,248,149536,0,4,50.0,0,0
23,3,0,0,-1,701,326260,0,3,19.23076923,0,0
70,2,1,0,-1,110,0,1,0,50.0,0,1
46,2,1,0,1330,131,0,1,1,100.0,0,1
36,2,0,0,-1,0,9532906,1,0,100.0,0,0
55,2,1,0,-1,0,8448853,1,3,54.54545455,0,0
48,4,0,0,4202,181,0,1,0,80.0,0,1
60,4,2,0,5627,217,0,1,5,0.0,0,1
46,2,0,0,1546,645,4669,1,2,0.0,0,1
33,2,0,0,167,199,0,0,0,100.0,0,1
51,1,0,0,1398,62,5368952,1,3,54.54545455,1,0
50,3,1,0,2072,119,1573850,1,4,0.0,0,1
82,3,1,0,520,210,0,1,0,14.28571429,2,1
25,2,0,0,3466,186,725171,0,4,100.0,0,0
28,2,0,0,1724,103,0,0,0,66.66666667,0,1
24,2,0,0,4836,278,559790,0,3,86.66666667,0,0
40,2,0,0,9690,171,65337,0,5,66.66666667,0,0
60,3,0,0,4918,1657,1449,1,5,100.0,0,0
26,1,1,0,1,363,0,1,0,88.23529412,0,1
39,2,0,0,6180,30,25111,0,5,55.55555556,0,0
43,2,0,0,6866,74,271260,0,2,81.81818182,0,1
33,2,0,0,4489,258,0,0,3,91.66666667,1,1
77,2,0,0,4617,132,9654314,1,4,0.0,0,1
54,3,1,0,3515,138,573569,0,3,0.0,0,0
22,2,0,0,2486,70,232843,0,2,60.0,0,0
33,2,0,0,7297,372,7013301,0,5,13.33333333,0,0
88,3,1,0,43,322,0,1,0,0.0,2,1
42,5,0,0,5616,227,0,1,5,0.0,0,1
29,2,0,0,6718,221,0,0,2,100.0,0,0
72,2,1,0,57,673,0,1,2,0.0,3,1
46,4,1,0,5616,228,0,1,5,0.0,0,1
44,2,0,0,9105,3313,1242,0,7,8.0,0,0
17,1,0,0,-1,0,0,0,2,100.0,0,0
23,2,0,0,5320,888,111353,0,4,0.0,0,0
32,2,0,0,7985,49,5617,0,6,79.31034483,0,0
41,3,0,0,7159,148,2320,0,3,86.66666667,0,0
40,1,0,0,-1,81,0,1,0,60.0,0,1
76,2,0,0,6212,362,3111,0,5,100.0,0,0
54,3,1,0,3136,151,0,1,2,0.0,3,1
17,1,1,0,-1,1727,296491,0,4,0.0,0,0
183,2,17,0,216,149,0,1,0,100.0,0,1
29,2,0,0,8702,1888,128384,0,4,87.5,0,0
57,3,0,0,7988,3032,24244,0,4,50.0,0,0
36,4,0,0,-1,361,0,1,0,100.0,0,1
74,2,4,0,2787,135,2564568,0,2,0.0,0,0
83,2,9,0,9024,107,11315,1,5,64.0,0,0
415,2,1,0,4012,371,2073764,1,3,33.33333333,1,1
89,4,1,0,4425,687,0,1,2,50.0,3,1
61,3,4,0,6133,76,28448,0,5,41.66666667,0,0
34,2,2,0,1109,13,0,0,0,100.0,0,0
26,2,0,0,-1,199,25345,0,2,0.0,0,1
20,1,0,0,1130,696,68131,0,2,44.44444444,0,0
19,2,0,0,2498,59,0,0,2,100.0,0,0
80,2,0,0,2122,434,2660343,1,2,100.0,0,1
33,1,1,0,1777,50,2408885,1,3,100.0,0,1
64,2,3,0,3225,62,748763,1,3,75.0,0,0
26,2,1,0,2532,390,64145,0,4,0.0,0,0
63,2,2,0,9625,238,4238,0,7,11.11111111,1,0
47,3,0,0,4329,1515,0,1,2,100.0,0,1
51,2,0,0,1105,356,0,1,0,100.0,0,1
44,2,0,0,6343,597,1821667,0,1,93.33333333,0,1
17,2,0,0,7821,0,393068,0,3,71.42857143,0,0
73,3,3,0,6677,0,4048517,0,1,100.0,0,0
32,2,0,0,2312,245,926923,0,4,62.96296296,0,0
32,4,0,0,5627,217,0,1,5,0.0,0,1
23,2,0,0,7136,169,2347491,0,3,100.0,0,0
87,3,0,0,6396,543,0,1,1,93.33333333,0,1
148,2,18,0,1,363,0,1,0,100.0,0,1
22,1,0,0,2663,0,0,1,2,0.0,0,1
38,2,3,0,3771,247,0,1,1,30.76923077,0,1
142,3,0,0,8797,333,13188,0,6,96.77419355,0,0
29,2,0,0,1137,323,0,0,1,57.14285714,0,0
27,1,0,0,1799,392,140317,0,2,11.11111111,0,1
24,2,0,0,-2,2251,347993,1,2,100.0,0,1
51,2,1,0,11,354,8773367,1,0,100.0,3,1
27,2,0,0,7186,119,65447,0,6,96.0,0,0
100,3,0,0,-1,0,0,1,0,0.0,0,1
52,2,1,0,2082,1571,5020,0,5,20.0,0,0
65,6,0,1,5613,231,0,1,5,0.0,0,1
45,1,3,0,-1,281,121108,0,4,80.0,1,0
41,2,0,0,6256,2509,688,0,6,61.53846154,0,0
103,3,5,0,7591,79,687389,1,4,18.18181818,0,0
70,2,0,0,255,110,0,1,1,33.33333333,1,1
51,3,2,0,8052,466,1435,0,6,85.71428571,0,0
21,2,0,0,-1,0,5090159,0,4,77.77777778,0,0
46,4,0,0,6253,321,272316,1,1,81.81818182,1,1
56,3,3,0,6091,118,2721799,0,2,87.5,0,0
27,2,0,0,3186,102,26205,0,5,60.0,0,0
140,3,1,0,8922,1830,309153,1,3,0.0,0,1
27,2,0,0,3075,213,0,1,0,100.0,0,0
53,3,0,0,115,250,0,1,0,0.0,0,1
25,2,1,0,724,0,23941,1,1,100.0,0,1
85,2,2,0,8348,2974,1,1,10,0.0,1,1
58,3,1,0,8686,79,190163,1,5,100.0,0,0
48,2,1,0,-1,145,0,1,2,0.0,2,1
20,2,0,0,-1,0,1954246,0,2,5.263157895,0,0
63,2,2,0,3423,229,89825,0,5,57.14285714,0,0
68,4,1,0,8674,90,847119,1,3,0.0,0,0
30,2,0,0,1514,312,220637,0,3,75.0,0,0
56,2,0,0,-1,1209,48368,1,2,100.0,0,1
50,1,0,0,-1,250,0,1,0,100.0,3,1
30,2,0,0,4281,238,6331488,0,3,100.0,0,0
54,2,0,0,2501,56,8469,0,2,100.0,0,1
56,2,4,0,-1,288,104754,1,1,100.0,0,1
21,2,0,0,7253,53,943419,1,1,0.0,0,1
30,2,0,0,3802,581,2052316,0,3,37.5,0,0
48,3,1,0,2732,554,9494,0,4,11.11111111,0,0
51,2,5,0,7415,984,209388,0,4,100.0,0,0
47,2,1,0,3890,127,173,1,10,14.28571429,0,0
39,3,0,0,1575,250,0,1,0,80.0,0,1
30,1,0,0,-1,0,127823,0,3,92.85714286,0,0
46,5,0,0,6377,197,7962,0,5,57.14285714,0,0
124,5,0,0,4003,14,5816617,1,0,100.0,0,1
62,2,3,0,9170,326,603,0,7,68.42105263,0,0
22,2,0,0,3662,355,0,0,2,37.5,0,0
59,4,2,0,5626,217,0,1,5,0.0,0,1
63,5,3,0,5615,228,0,1,5,0.0,2,1
27,2,0,0,4055,327,1914295,0,2,53.84615385,0,0
32,2,2,0,-1,257,51515,1,4,50.0,0,1
39,2,1,0,7376,293,1988104,1,4,100.0,2,1
29,2,0,0,7299,370,0,0,5,50.0,0,0
146,6,4,0,-1,333,24,0,9,0.0,0,1
18,2,0,0,-1,0,2357443,0,3,100.0,0,0
45,1,2,0,4236,1241,0,1,0,0.0,0,1
34,2,0,0,6467,15,0,1,1,0.0,0,1
110,2,0,0,8348,2974,1,1,10,66.66666667,0,0
43,3,0,0,7160,147,2336,1,3,86.66666667,0,0
69,3,0,0,-1,129,769987,0,4,100.0,0,0
49,3,1,0,6188,387,10585494,1,3,0.0,1,0
39,2,0,0,59,305,0,1,0,27.5862069,1,1
28,2,0,0,2683,969,0,0,3,66.66666667,0,0
54,2,0,0,6071,139,14420,0,5,32.14285714,0,0
45,3,0,0,7427,1703,192,0,7,71.42857143,0,0
40,2,2,0,75,0,0,1,0,0.0,0,1
20,1,0,0,5,359,0,1,0,100.0,0,1
75,3,6,0,6682,257,857832,0,4,75.0,0,0
137,2,2,0,8019,381,0,1,4,7.692307692000001,0,1
57,2,0,0,3025,261,6004191,1,3,93.33333333,0,0
54,3,1,0,-1,0,0,1,1,100.0,1,1
40,3,0,0,8146,619,12516,0,6,30.95238095,0,0
31,3,0,0,-1,0,0,1,1,0.0,0,1
28,2,0,0,978,483,1396547,0,3,50.0,0,0
57,2,1,0,6315,2085,8175,0,6,75.0,0,0
60,4,0,0,8299,101,41286,1,3,0.0,1,0
20,1,0,0,4097,0,0,0,0,20.0,0,1
19,2,0,0,-1,1413,0,0,2,0.0,0,0
305,4,8,0,7489,3104,376,1,7,0.0,0,1
19,1,0,0,4374,0,2734254,0,0,8.333333332999999,0,0
51,3,0,0,5248,231,5804215,0,4,80.0,0,0
49,3,0,0,-1,0,0,1,0,100.0,0,1
54,3,0,0,7304,-1,148,0,5,100.0,0,0
461,5,2,0,7086,948,18263,1,3,0.0,0,1
48,3,1,0,-1,225,340,1,7,100.0,0,0
70,3,2,0,6494,1175,7329,0,5,72.72727273,0,0
35,2,0,0,7053,251,2114381,1,1,81.81818182,0,1
31,2,0,0,245,120,0,1,0,0.0,0,1
66,3,3,0,2654,268,162125,0,4,13.04347826,0,0
41,1,0,0,6633,671,40939,0,4,95.77464789,0,0
20,1,0,0,95,269,0,0,0,100.0,0,1
26,2,0,0,383,348,0,1,0,100.0,0,1
76,2,0,0,7160,146,2336,1,3,86.66666667,0,0
57,3,2,0,7310,360,3399875,0,4,62.5,0,0
114,3,2,0,2300,257,0,1,2,40.0,2,1
36,1,0,0,2599,323,0,1,0,0.0,0,1
48,2,1,0,3455,198,0,1,0,100.0,0,1
43,2,0,0,-1,2981,1275030,1,4,0.0,0,0
63,3,2,0,302,64,83261,1,3,100.0,1,1
38,3,1,0,-1,583,624558,1,0,100.0,0,1
36,3,0,0,81,283,0,1,0,0.0,0,1
82,3,2,0,6678,261,37605,1,5,86.95652174,0,0
73,2,3,0,678,52,10421362,1,3,81.81818182,3,1
57,3,0,0,-2,198,3899044,1,3,100.0,1,1
74,3,1,0,6878,62,14931,0,6,0.0,1,0
27,2,0,0,2689,233,3229766,0,3,71.42857143,0,0
36,2,0,0,3126,161,0,1,4,11.11111111,0,1
69,2,3,0,3546,106,201194,0,5,73.68421053,0,0
20,2,0,0,7174,131,2728469,1,1,0.0,0,1
48,2,0,0,9229,1829,767,1,6,90.69767442,0,0
45,2,0,0,4996,118,158382,1,4,50.0,0,0
107,2,0,0,-1,372,0,1,0,100.0,1,1
52,3,1,0,9584,118,46854,0,5,96.0,0,0
27,2,0,0,4947,2357,666195,0,3,87.5,0,0
25,2,0,0,4553,926,0,0,2,66.66666667,0,0
46,2,1,0,9174,322,625,1,7,68.42105263,0,0
48,1,0,0,2521,36,632001,1,7,0.0,0,1
69,1,1,0,2095,462,0,1,0,100.0,2,1
86,1,10,0,3789,593,394683,0,3,73.91304348,0,0
42,2,0,0,9202,296,684,0,6,90.47619048,0,0
34,3,0,0,-1,641,0,1,0,0.0,0,1
96,2,1,0,243,122,0,1,0,100.0,3,1
38,2,0,0,7298,371,0,0,5,0.0,0,0
131,2,0,1,-1,209,0,0,0,66.66666667,0,1
44,2,0,0,9204,294,690,0,6,90.47619048,0,0
189,7,0,0,8348,2974,1,0,10,0.0,2,0
54,2,3,0,-1,2392,10619,0,6,78.94736842,1,0
41,4,0,0,6630,309,4464824,1,0,0.0,0,1
26,2,0,0,2316,241,7064820,0,1,75.0,0,0
19,1,0,0,1529,297,0,0,0,100.0,0,0
133,3,6,0,-1,0,16425,0,6,0.0,1,0
44,1,0,0,4350,0,0,1,0,83.33333333,0,1
30,2,0,0,-1,0,837362,0,3,100.0,0,0
42,3,0,0,7157,149,2272,0,3,86.66666667,0,0
71,3,2,0,6673,266,0,0,2,50.0,0,0
56,2,0,0,5637,206,2,0,10,56.0,0,0
36,2,0,0,3565,88,0,1,0,0.0,0,1
24,2,0,0,2101,90,265240,0,3,85.71428571,0,0
27,2,0,0,9040,1916,151949,0,6,52.77777778,0,0
32,2,0,0,2749,538,1473786,0,3,66.66666667,0,0
55,2,2,0,8151,248,132,0,6,43.47826087,0,0
92,3,4,0,8523,2435,22053,0,4,0.0,1,0
44,2,0,0,8347,2975,1,0,10,50.0,2,1
84,2,2,0,3289,1094,8181278,1,2,100.0,0,1
123,4,0,0,8152,0,1274,1,5,0.0,0,1
93,4,0,0,630,101,0,1,0,100.0,1,1
28,2,0,0,5502,1438,108393,0,4,76.47058824,0,0
47,2,0,0,5637,207,2,0,10,58.33333333,0,0
80,4,0,0,-1,0,0,1,0,0.0,0,1
60,4,0,0,590,140,0,1,2,100.0,1,1
49,1,0,0,954,142,0,1,2,100.0,1,1
26,1,0,0,-1,0,3536,0,9,100.0,0,1
56,2,0,0,2595,327,2597330,0,2,0.0,0,0
47,2,0,0,7616,133,2190,0,5,47.36842105,0,0
145,3,3,0,7087,948,18105,1,3,0.0,0,1
42,2,0,0,7297,372,0,0,5,0.0,0,0
39,3,0,0,7900,135,60397,0,5,33.33333333,0,0
137,7,5,0,291,74,0,1,0,0.0,3,1
64,3,0,1,7295,374,0,1,5,0.0,0,1
56,2,0,0,5640,204,2,1,10,70.58823529,0,0
64,1,0,0,6452,488,0,1,0,0.0,0,1
68,1,1,0,4,360,0,1,0,0.0,0,1
40,2,2,0,5290,188,1548,0,5,100.0,0,0
74,4,1,0,7484,241,1443679,1,3,0.0,1,1
33,2,0,0,2840,82,0,0,2,100.0,0,0
44,2,0,0,-1,354,0,1,0,0.0,1,1
64,3,0,0,9403,3380,46214,1,5,86.36363636,0,0
42,2,1,0,3113,905,256,0,7,0.0,0,0
83,1,8,0,5676,167,46435,0,4,100.0,0,0
48,2,0,0,8347,2975,1,1,10,50.0,2,1
54,2,2,0,392,338,4606493,0,4,66.66666667,0,1
45,2,0,0,5638,205,2,0,10,56.0,0,0
27,2,0,0,5322,1617,2462105,0,3,84.21052632,0,0
24,2,0,0,-1,0,1906357,0,4,89.47368421,0,0
51,3,0,0,5076,0,0,0,3,0.0,0,1
109,2,11,0,5339,140,11052,0,6,28.57142857,0,0
63,2,4,0,7478,1654,631,0,7,0.0,0,0
28,2,0,0,2466,0,940222,0,3,7.894736842,0,0
28,1,1,0,12,353,0,1,0,0.0,0,1
20,2,0,0,67,0,958398,0,2,85.71428571,0,0
52,3,0,0,1523,302,0,1,0,100.0,2,1
65,3,6,0,3970,47,282367,0,5,44.87179487,0,0
90,3,4,0,8896,236,596512,0,3,0.0,1,0
98,2,14,0,7419,1346,285,0,7,0.0,0,0
138,2,1,0,1115,346,6093988,1,0,100.0,0,1
34,2,0,0,5158,1050,0,1,8,0.0,0,1
70,1,0,0,1162,298,0,1,0,100.0,4,1
49,2,0,0,6606,333,899,1,5,87.09677419,0,1
23,2,0,0,1254,207,0,0,0,100.0,0,0
59,2,1,0,6315,2085,8182,0,6,75.0,0,0
27,2,0,0,760,336,0,1,0,75.0,0,1
29,2,0,0,2361,0,274501,0,3,100.0,0,0
135,2,14,0,659,71,0,1,2,0.0,0,0
40,3,0,0,-1,0,0,1,0,0.0,1,1
45,5,0,0,88,277,9498326,1,0,66.66666667,0,1
48,3,0,0,9279,3506,1060251,0,3,0.0,0,0
30,1,0,0,2328,229,6143932,1,3,0.0,0,1
119,2,2,0,8018,382,0,1,4,7.692307692000001,0,1
117,4,1,0,-1,0,24323,0,4,0.0,0,0
59,4,0,0,5616,228,0,1,5,0.0,0,1
49,3,0,0,987,109,5630285,1,3,100.0,0,1
50,2,2,0,7295,374,0,1,5,20.0,0,1
24,2,0,0,4573,541,0,0,3,95.0,0,0
102,3,2,0,3078,209,0,1,0,0.0,2,1
67,2,1,0,5770,74,0,1,2,0.0,0,1
243,4,2,0,798,297,0,1,0,0.0,0,1
30,2,0,0,7297,372,0,0,5,7.692307692000001,0,0
47,2,0,0,7132,903,12,0,7,100.0,0,0
59,2,4,0,1967,224,2047297,0,3,87.5,0,0
36,2,0,0,6070,140,14592,0,5,29.62962963,0,0
53,3,0,0,7501,169,3805267,0,5,0.0,0,0
54,3,0,0,8705,60,69911,0,5,94.44444444,0,0
81,3,0,0,7236,0,3316,0,5,0.0,1,0
58,4,0,1,1103,8,0,1,0,100.0,0,1
37,1,0,0,3378,1004,178841,0,5,37.5,0,0
79,4,2,0,135,230,0,1,0,100.0,0,1
52,3,0,0,7189,116,428172,1,2,81.81818182,1,1
43,3,0,0,12351,0,7882,0,5,100.0,0,0
80,3,1,0,2618,220,0,1,0,100.0,4,1
235,1,2,0,1589,238,0,1,0,1.960784314,5,1
62,3,0,0,2931,355,0,1,1,0.0,0,1
48,2,1,0,5426,53,60810,1,5,100.0,0,0
80,2,0,0,-1,0,6446,1,6,100.0,0,0
37,2,0,0,7882,1248,0,1,2,33.33333333,0,1
33,5,0,0,-1,296,0,1,0,16.66666667,0,1
52,3,0,0,-1,831,62214,0,5,100.0,0,0
57,3,0,0,3806,212,0,0,2,100.0,0,0
21,1,1,0,-1,0,3514,1,9,100.0,0,1
436,3,2,0,-1,1063,0,1,0,0.0,0,1
34,2,0,0,7298,371,0,0,5,0.0,0,0
72,4,0,0,-1,318,0,0,0,0.0,0,1
22,1,0,0,2469,87,527748,0,4,33.33333333,0,0
31,2,0,0,7412,1718,1355,1,6,60.0,0,0
52,3,0,0,7296,373,0,1,5,10.0,0,1
56,3,0,0,-1,0,0,1,0,100.0,0,1
54,5,0,0,-1,0,0,1,0,0.0,1,1
82,3,1,0,7083,952,17964,1,3,0.0,0,1
68,1,2,0,6965,1069,900,1,7,66.66666667,0,0
55,1,3,0,4624,1220,1372238,0,5,50.0,0,0
39,2,0,0,-1,128,0,0,1,100.0,0,0
40,2,0,0,9205,293,690,0,6,90.47619048,0,0
48,2,0,0,7529,2697,23368,1,4,100.0,0,1
24,1,0,0,2139,0,309382,1,7,0.0,0,1
72,3,0,0,11555,132,609,1,7,100.0,0,0
25,2,0,0,1314,146,3926702,0,3,50.0,0,0
63,5,1,0,1284,176,0,1,4,0.0,1,1
38,3,0,0,-1,0,0,1,0,0.0,0,1
32,2,1,0,4472,276,335899,0,2,100.0,0,0
85,2,7,0,1957,600,0,0,0,40.0,0,1
27,2,1,0,4567,182,1857815,0,2,100.0,0,0
55,2,0,0,1590,2062,0,1,0,0.0,0,1
73,2,0,0,2098,92,0,1,2,0.0,0,1
40,2,0,0,-1,0,124657,0,3,100.0,0,0
61,3,0,0,7756,3567,49305,0,5,63.63636364,0,0
119,3,8,0,11425,0,259309,0,4,0.0,0,0
43,2,1,0,5636,208,2,0,10,65.21739129999999,0,0
56,4,0,0,4503,975,317915,0,4,0.0,0,0
27,1,0,0,7491,179,63,0,10,50.0,0,0
71,2,1,0,-1,268,1173481,1,1,85.71428571,4,1
41,2,2,0,8336,64,66410,0,5,45.0,0,0
40,2,0,0,-1,350,0,1,0,100.0,0,1
77,3,4,0,4838,276,8307276,1,5,33.33333333,0,0
63,3,0,1,360,6,8262494,1,0,90.0,0,1
62,2,4,0,8812,1048,888250,1,5,66.66666667,0,0
73,2,5,0,5406,1167,9301,1,6,0.0,0,0
57,4,1,0,588,142,0,1,1,75.0,3,1
52,4,1,0,8294,830,150140,1,2,0.0,2,1
23,1,0,0,1340,120,2646678,0,3,44.44444444,0,0
33,2,0,0,5440,38,0,1,2,0.0,0,0
65,3,2,0,4785,36,7301451,0,3,100.0,0,0
34,3,0,0,-1,2782,646312,0,2,33.33333333,0,0
70,1,0,0,5233,246,10313348,1,3,0.0,0,1
62,3,1,0,3437,216,0,1,0,100.0,3,1
29,2,1,0,3639,379,181624,0,1,16.66666667,0,0
32,2,0,0,2700,222,0,0,2,50.0,0,0
88,3,4,0,8759,115,1179,0,6,12.32876712,0,0
63,2,3,0,2077,115,6416,0,5,83.33333333,0,0
30,2,0,0,8350,2972,1,0,10,50.0,0,0
73,3,1,0,-1,0,2617839,1,2,0.0,0,1
48,4,0,0,6377,197,7962,1,5,90.47619048,0,0
132,3,0,0,7764,270,32,0,5,0.0,0,1
33,2,0,0,2421,135,0,0,4,72.72727273,0,0
63,3,0,0,-1,28,0,1,0,100.0,0,1
39,2,1,0,-1,0,77586,1,1,0.0,1,1
49,3,2,0,6636,303,0,1,0,100.0,1,1
35,2,0,0,7295,374,0,1,5,28.57142857,0,1
134,4,1,0,4003,14,5828815,1,0,100.0,0,1
32,2,0,0,4079,669,293870,0,5,100.0,0,0
49,4,0,0,5616,228,0,1,5,0.0,0,1
648,3,1,0,1881,311,6613,1,1,0.0,2,1
108,2,10,0,9217,646,38608,0,5,91.30434783,0,0
21,2,0,0,-1,468,0,0,3,100.0,0,0
31,2,0,0,5808,766,3255580,0,3,45.45454545,0,0
19,1,0,0,6255,0,2494084,0,2,98.14814815,0,0
47,2,0,0,6259,2506,683,0,6,61.53846154,0,0
32,2,0,0,8,357,0,1,0,100.0,0,1
71,3,1,0,1015,80,1196152,1,2,0.0,0,1
55,2,1,0,8185,1309,31609,1,5,100.0,0,0
37,3,0,0,1,364,0,1,0,0.0,0,1
36,2,0,0,75,289,0,1,0,0.0,0,1
31,2,0,0,5421,422,0,0,2,100.0,0,0
45,2,1,0,5811,2223,225,1,7,10.0,0,0
156,6,3,0,-1,0,4280394,1,0,0.0,0,1
18,1,0,0,2472,84,1457389,0,2,100.0,0,0
46,3,0,0,7796,239,0,1,0,0.0,1,1
28,2,0,0,3843,174,5462227,0,2,95.23809524,0,0
38,1,0,0,3806,211,327963,0,3,100.0,0,0
55,2,1,0,7815,951,2546,1,6,73.33333333,0,0
23,2,0,0,2144,0,0,0,2,100.0,0,0
26,2,0,0,4037,345,962335,0,4,100.0,0,0
69,2,1,0,3381,272,0,1,0,0.0,0,1
42,2,1,0,477,254,0,1,0,30.0,1,1
37,2,0,0,3798,950,9506603,1,0,0.0,0,1
64,2,4,0,-1,364,534441,0,3,41.66666667,1,0
116,5,1,1,4609,139,0,1,3,50.0,4,1
24,1,0,0,-1,0,0,0,2,89.47368421,0,0
19,1,1,0,-1,0,4744288,1,6,100.0,0,1
78,3,0,0,2889,33,0,1,1,100.0,0,1
32,2,0,0,1950,242,341948,1,1,0.0,1,1
48,2,1,0,6236,339,270689,1,4,96.15384615,0,0
48,2,1,0,4378,369,0,1,0,100.0,0,1
49,1,2,0,-1,0,0,1,2,75.0,3,1
75,2,6,0,4843,636,5881,0,5,66.66666667,0,0
38,2,0,0,2301,256,22884,1,3,0.0,0,1
29,2,0,0,5230,248,0,1,0,0.0,1,1
24,1,0,0,-1,357,0,1,0,100.0,0,1
43,1,0,0,3972,46,0,1,0,0.0,1,1
66,2,3,0,6260,679,6679,0,6,83.33333333,0,0
80,2,0,0,5784,59,50100,1,4,0.0,0,1
426,24,0,1,-1,0,0,1,0,0.0,3,1
50,6,0,0,1036,789,0,1,0,100.0,2,1
107,6,0,0,5228,251,0,1,0,0.0,2,1
40,4,0,1,-1,0,0,1,0,0.0,1,1
49,2,1,0,2305,252,541454,1,4,68.18181818,0,1
38,2,0,0,7296,373,0,1,5,20.0,0,1
17,2,0,0,8415,372,139193,0,5,100.0,0,0
36,2,0,0,1950,241,341948,1,1,0.0,1,1
44,2,0,0,4822,292,209887,1,4,100.0,0,0
23,1,0,0,6289,0,0,0,3,66.66666667,0,0
26,2,0,0,7800,518,2868149,1,5,0.0,0,1
189,2,0,0,736,0,0,1,2,66.66666667,1,1
43,3,0,0,7158,148,2294,1,3,86.66666667,0,0
68,1,0,0,5813,1126,0,1,0,83.33333333,0,1
29,1,0,0,54,311,7343400,1,0,23.07692308,0,1
47,2,0,0,2388,169,1616,0,6,81.81818182,0,0
60,1,2,0,3237,50,0,1,0,0.0,3,1
58,2,1,0,9230,1828,763,1,6,90.69767442,0,0
41,2,0,0,9205,293,690,0,6,90.47619048,0,0
30,2,0,0,8708,787,1562899,0,3,72.72727273,0,0
27,2,0,0,7883,153,487488,0,4,100.0,0,0
32,2,0,0,7772,263,2778053,0,6,30.0,0,0
40,2,2,0,5290,189,1547,0,5,100.0,0,0
57,2,0,0,1794,33,0,1,0,0.0,0,1
56,2,0,0,7131,904,12,0,7,100.0,0,0
65,2,1,0,-1,4,0,1,0,100.0,3,1
40,2,0,0,1547,644,4639,1,2,3.50877193,0,1
74,2,0,0,4377,0,0,1,1,0.0,0,1
40,2,0,0,8053,347,4635,1,5,80.0,0,0
27,3,0,0,-1,0,162665,0,4,62.5,0,0
39,2,0,0,160,936,6030823,1,0,0.0,0,1
72,3,1,0,1546,644,4669,1,2,91.66666667,2,1
104,10,0,0,8415,371,0,1,2,0.0,0,1
43,3,0,0,7133,902,12,1,7,100.0,0,0
52,2,0,0,7296,373,0,0,5,0.0,1,1
48,2,0,0,1541,284,2573053,0,0,100.0,0,1
24,2,0,0,2695,226,0,0,4,100.0,0,0
43,2,0,0,6686,2080,2897,0,6,100.0,0,0
54,3,2,0,6510,64,0,1,0,88.88888889,2,1
36,2,0,0,4917,196,1666252,1,6,0.0,0,0
60,2,2,0,10674,285,23,1,8,31.81818182,0,0
33,1,0,0,6434,141,48630,0,5,93.75,0,0
70,2,5,0,2718,203,0,1,1,97.14285714,0,0
41,2,0,0,1546,645,4669,1,2,15.78947368,0,1
23,2,0,0,1317,143,142374,0,2,100.0,0,1
64,1,1,0,4291,91,0,1,1,0.0,2,1
86,2,0,0,7975,790,3197,1,5,100.0,0,1
67,4,0,0,12156,0,17877,1,5,0.0,0,0
70,1,4,0,1934,257,56558,1,4,66.66666667,0,0
62,3,1,0,5618,201,49873,1,5,92.30769231,0,0
24,2,0,0,7364,310,544676,0,4,93.75,0,0
77,2,0,0,2031,160,0,1,0,50.0,1,1
155,4,7,1,-1,0,0,1,0,66.66666667,1,1
55,5,2,0,5627,217,0,1,5,33.33333333,0,1
37,1,0,0,6377,196,0,1,1,0.0,0,1
42,2,0,0,7297,372,919168,0,5,0.0,0,0
31,3,0,0,-1,0,0,1,0,0.0,0,1
27,2,0,0,5025,88,544886,1,4,100.0,0,1
26,2,1,0,4648,101,1812190,0,3,91.66666667,0,0
39,2,0,0,5447,31,825963,0,3,100.0,0,0
23,2,1,0,5821,388,595635,0,2,66.66666667,0,0
71,2,1,0,2248,308,0,1,0,100.0,2,1
41,2,0,0,7309,360,0,1,5,0.0,0,1
47,2,0,0,-1,711,1368106,1,4,18.42105263,0,0
28,1,0,0,6753,3109,2305,1,8,100.0,0,1
51,1,2,0,18,346,0,1,0,0.0,0,1
96,3,6,0,4368,379,31458,0,6,100.0,0,0
61,2,1,0,-1,0,0,1,0,0.0,3,1
61,2,1,0,6260,2505,683,0,6,64.28571429,0,0
130,8,1,0,6868,71,0,1,0,0.0,0,1
63,1,4,0,2428,129,0,1,4,67.39130435,0,0
45,1,1,0,-1,345,0,1,2,0.0,0,0
35,2,1,0,2202,354,15868,1,5,0.0,0,1
81,3,7,0,4775,704,8181,1,4,12.5,0,0
48,2,0,0,5499,710,41592,0,5,100.0,0,0
23,2,0,0,2317,1335,40354,0,3,100.0,0,0
44,4,0,0,-1,323,0,1,0,33.33333333,1,1
23,2,0,0,9331,471,9295,1,6,4.761904762,0,0
44,4,1,0,5615,228,0,1,5,0.0,2,1
77,2,8,0,9399,1558,15,0,9,100.0,0,0
30,1,0,0,7490,180,63,0,10,50.0,0,0
56,2,1,0,602,128,0,1,0,0.0,0,1
89,2,0,0,7839,1292,4055,0,5,0.0,0,0
89,3,8,0,-1,146,1009471,1,4,0.0,0,0
43,2,0,0,5635,209,2,0,10,65.21739129999999,0,0
111,7,0,0,8880,250,127246,1,5,72.72727273,0,0
85,2,10,0,6208,1097,77911,0,5,62.5,0,0
83,4,5,0,7448,586,385,1,8,0.0,0,0
60,2,1,0,6638,302,0,1,0,100.0,0,1
68,2,0,0,7841,1290,3990,0,5,0.0,0,0
22,1,0,0,917,179,2225082,0,2,0.0,0,1
21,1,0,0,-1,261,828180,0,2,78.57142857,0,0
61,2,3,0,8565,1663,650,0,6,85.71428571,0,0
59,2,1,0,12710,0,1115,0,6,75.0,1,0
168,2,1,0,4967,146,0,1,1,50.0,0,1
33,2,1,0,1950,242,341948,0,1,0.0,1,1
59,2,1,0,6265,310,1581458,1,5,44.44444444,0,0
37,3,0,0,4182,201,177684,1,2,100.0,0,0
30,2,0,0,8414,350,176808,1,4,64.51612903,0,0
136,4,1,0,3993,25,5707171,1,0,100.0,0,1
70,5,3,0,5615,228,0,1,5,0.0,3,1
30,2,0,0,5603,240,3364923,0,3,0.0,0,0
99,2,0,0,8346,2976,1,1,10,37.5,1,1
71,2,3,0,7615,133,2188,1,5,50.0,1,0
71,4,1,0,-1,0,0,1,0,100.0,0,1
51,1,2,0,-1,316,0,1,0,100.0,0,1
57,5,2,0,657,73,0,1,0,0.0,0,1
80,2,9,0,-1,313,0,1,2,0.0,0,0
88,2,5,0,6315,2085,8182,0,6,75.0,0,0
37,2,1,0,2837,84,0,1,2,0.0,0,1
41,2,0,0,5408,148,0,1,1,0.0,0,1
96,3,1,0,397,333,0,1,0,80.0,3,1
121,2,1,0,8346,2976,1,1,10,0.0,2,1
49,2,2,0,9169,327,599,0,7,68.42105263,0,0
32,2,0,0,9269,229,8530,1,7,66.66666667,0,0
66,2,2,0,5222,986,136,0,8,58.82352941,0,0
59,2,1,0,7838,198,603,1,6,31.25,0,0
149,4,1,0,1098,363,0,1,0,100.0,2,1
34,2,0,0,7006,298,0,0,1,0.0,0,1
102,2,4,0,3683,335,443077,0,2,77.77777778,0,0
46,2,0,0,6256,2509,689,0,6,61.53846154,0,0
165,7,1,0,1265,196,2433519,1,0,44.44444444,1,1
46,3,0,0,5207,637,27218,0,5,66.66666667,0,0
27,2,0,0,3271,1112,0,0,3,66.66666667,0,0
19,1,0,0,3152,136,38060,1,7,100.0,0,1
43,1,0,0,5302,541,0,1,0,0.0,0,1
177,16,0,0,4554,194,0,1,0,33.33333333,4,1
112,2,0,0,-1,139,0,1,0,100.0,1,1
22,2,0,0,9522,1991,8315,0,6,84.61538462,0,0
66,3,3,0,4478,269,188429,1,2,100.0,0,1
26,2,0,0,6593,38,6293604,0,4,2.0,0,0
58,2,5,0,1454,372,0,1,0,0.0,0,1
119,1,4,0,276,90,0,1,0,90.0,1,1
25,2,0,0,7446,252,6418275,1,0,0.0,0,1
88,1,8,0,-1,320,0,1,0,80.0,0,0
34,3,0,0,605,0,0,1,1,66.66666667,1,1
31,2,0,0,4489,258,0,1,3,100.0,1,1
35,3,0,0,5233,246,0,0,2,40.0,0,0
29,1,0,0,4190,193,2024745,0,4,66.66666667,0,0
131,5,1,0,3992,25,5707171,1,0,100.0,0,1
24,2,1,0,5545,298,5973329,0,2,75.0,0,0
263,3,0,0,7083,952,17964,1,3,0.0,0,1
32,2,0,0,8350,2972,1,1,10,0.0,0,0
79,2,1,0,1534,292,0,1,0,0.0,0,1
44,2,0,0,-1,270,8262038,1,2,0.0,1,1
15,1,0,0,2168,389,11746,0,4,34.782608700000004,0,0
119,4,0,0,3992,25,5697976,1,0,100.0,0,1
63,2,1,0,255,111,0,1,0,0.0,1,1
47,2,0,0,503,227,0,1,0,83.33333333,1,1
63,2,2,0,8435,695,3754,1,6,85.0,0,0
64,3,0,0,7478,1653,629,0,7,97.36842105,0,0
106,3,2,0,-1,0,0,1,0,0.0,4,1
33,2,0,0,-1,1683,71671,0,5,100.0,0,0
26,1,0,0,-1,0,60725,0,1,100.0,0,0
31,2,0,0,5337,311,169911,0,3,50.0,0,0
40,2,1,0,7296,373,0,1,5,0.0,0,1
68,4,0,0,8916,215,14605,0,5,0.0,0,1
27,2,0,0,4265,118,0,1,2,0.0,0,1
59,2,1,0,2235,321,0,1,1,100.0,4,1
37,3,0,0,-1,88,2965628,0,2,40.0,0,0
30,2,0,0,2301,256,22884,0,3,96.82539683,0,1
96,4,0,0,4097,285,0,1,3,21.05263158,1,1
37,2,0,0,1950,242,341948,1,1,0.0,1,1
122,2,0,0,496,234,3273064,1,0,100.0,1,1
69,2,7,0,-1,246,1546214,1,2,100.0,0,0
98,2,1,0,7530,140,264522,0,5,90.90909091,0,0
42,2,0,0,1594,232,672283,0,3,20.0,0,0
31,3,0,0,8227,174,71252,0,5,100.0,0,0
58,3,2,0,4444,3226,59591,0,4,100.0,0,0
26,2,0,0,7932,1573,0,0,4,50.0,0,0
67,3,0,0,7812,1155,2939,1,5,85.71428571,0,0
112,3,1,0,5438,41,0,1,1,0.0,2,1
40,5,0,0,-1,0,0,0,1,0.0,0,0
25,1,0,0,-1,0,3014313,1,4,0.0,0,1
19,1,0,0,2504,52,53192,0,5,72.72727273,0,0
550,5,24,0,6591,349,30,1,4,33.33333333,1,0
19,2,0,0,-1,3033,259358,0,6,100.0,0,0
41,3,1,0,4364,748,2396418,1,2,96.15384615,0,0
31,2,1,0,4029,353,581047,0,4,90.0,0,0
67,2,2,0,5887,1417,184,0,6,80.0,0,0
55,3,0,0,6564,11,557365,0,5,0.0,0,0
44,3,0,0,7160,146,2336,1,3,86.66666667,0,0
34,2,2,0,190,176,0,1,2,0.0,0,1
57,3,2,0,-1,0,92156,0,3,66.66666667,0,0
64,2,1,0,-1,606,2995662,1,4,84.61538462,0,0
44,2,0,0,7130,905,12,0,7,100.0,0,0
40,1,0,0,7658,378,436,0,7,94.11764706,0,0
89,3,0,1,250,116,0,0,0,50.0,0,1
91,2,0,0,6065,509,422,0,8,4.6875,0,0
85,4,1,0,12168,0,5943,0,6,0.0,0,0
61,2,3,0,3733,285,12371,0,5,50.0,0,0
42,3,1,0,569,162,0,1,0,0.0,3,1
60,2,1,0,5271,937,41143,0,4,0.0,0,0
64,2,0,0,2687,234,817298,1,2,0.0,0,0
81,2,0,0,5766,77,0,1,2,100.0,0,1
42,2,0,0,9205,293,690,0,6,90.47619048,0,0
63,2,0,0,5243,235,0,1,7,95.65217391,1,1
39,3,0,0,7222,2638,726,0,6,0.0,0,0
120,2,1,0,2048,144,0,1,0,3.846153846,3,1
30,2,0,0,932,164,0,0,1,92.59259259,0,0
153,5,0,0,-1,10,0,1,0,0.0,0,1
73,3,2,0,7523,513,10631,0,5,30.76923077,0,0
24,2,0,0,-1,169,135943,0,4,100.0,0,0
174,2,2,0,8018,382,0,1,4,0.0,0,1
96,2,11,0,5049,64,282,0,7,20.0,0,0
84,2,0,0,5784,59,50100,1,4,0.0,0,1
32,2,0,0,4182,931,0,1,0,0.0,0,1
28,2,1,0,4715,750,61726,0,4,87.5,0,0
53,2,0,0,-1,0,0,1,3,92.85714286,0,0
31,2,0,0,3900,118,2892561,0,2,85.71428571,0,0
41,2,0,0,6260,2505,0,0,6,61.53846154,0,0
40,2,1,0,5886,1419,46830,0,4,55.0,0,0
27,2,1,0,-1,0,0,0,3,100.0,0,0
41,3,3,0,165,201,0,1,0,96.96969697,0,1
43,2,0,0,5640,204,2,0,10,65.21739129999999,0,0
89,3,1,0,-1,0,0,1,2,100.0,3,1
23,2,0,0,-1,-1,1062972,0,5,96.2962963,0,0
39,2,0,0,8520,2804,8,0,10,12.5,0,0
24,2,1,0,5159,1049,0,0,8,100.0,0,0
27,1,0,0,-1,0,19406,1,6,92.30769231,0,1
48,2,0,0,1466,6,0,1,0,0.0,0,1
48,2,3,0,6382,0,0,1,3,0.0,0,1
45,2,1,0,5509,335,1290,0,7,100.0,0,0
65,3,1,0,-1,0,0,1,0,100.0,0,1
68,4,0,0,4004,14,5828815,1,0,100.0,0,1
51,2,1,0,-1,357,448264,0,3,0.0,0,0
61,2,1,0,561,0,0,1,0,0.0,0,1
26,3,0,0,3154,134,8888670,0,4,54.54545455,0,0
39,2,0,0,3898,120,210090,0,2,37.5,0,0
26,2,0,0,3890,127,320352,0,3,71.42857143,0,0
66,3,0,0,7224,80,39563,1,5,44.44444444,1,0
29,2,0,0,1079,382,138859,0,0,0.0,0,1
57,3,0,0,4088,294,0,1,3,0.0,1,1
18,1,1,0,-1,0,0,0,2,100.0,0,0
90,3,0,0,1963,228,6417540,0,2,100.0,0,0
69,4,0,0,12805,0,2793,0,7,0.0,0,0
66,3,3,0,7354,316,1006585,0,5,0.0,0,0
33,1,0,0,7489,182,63,0,10,50.0,0,0
24,2,0,0,3166,122,0,0,1,58.33333333,0,0
28,1,1,0,5,360,0,1,0,0.0,0,1
98,1,4,0,-1,264,1027982,1,0,0.0,0,1
35,2,0,0,1950,242,341948,1,1,0.0,1,1
176,6,1,0,7967,68,7232787,1,2,100.0,1,1
38,2,0,0,6430,509,618,0,5,100.0,0,0
26,1,0,0,-1,112,0,0,0,0.0,1,1
48,2,0,0,-1,39,0,1,1,50.0,1,1
40,2,0,0,2604,318,0,1,0,100.0,0,1
44,4,0,0,-1,69,6482502,0,0,0.0,0,0
26,1,0,0,2179,13,0,1,0,100.0,0,1
53,3,0,0,343,23,0,1,0,0.0,1,1
90,2,4,0,7615,133,2190,0,5,47.36842105,0,0
51,3,0,0,4664,84,3317498,1,3,100.0,0,0
28,2,1,0,-1,0,163093,0,3,0.0,0,0
28,1,0,0,1557,0,6126546,0,4,100.0,0,0
63,1,0,0,-1,246,0,1,0,100.0,0,1
45,2,0,0,-1,293,7601391,1,3,0.0,1,1
40,2,1,0,847,248,0,1,0,100.0,1,1
37,2,1,0,97,268,0,1,0,0.0,0,1
56,4,3,0,5626,218,0,1,5,0.0,0,1
67,2,4,0,8823,306,24609,0,4,16.66666667,0,0
59,5,0,1,5626,217,0,1,5,0.0,0,1
59,2,2,0,3228,60,0,1,2,0.0,4,1
168,2,0,0,4967,146,0,1,1,50.0,0,1
23,2,0,0,7446,252,6418275,1,0,0.0,0,1
39,2,2,0,8149,251,133,0,6,66.66666667,0,0
51,2,0,0,5633,170,101301,0,4,57.14285714,1,0
60,5,0,1,5627,217,0,1,5,0.0,0,1
25,2,1,0,3319,0,0,1,0,0.0,0,1
63,3,0,0,3325,327,0,1,0,100.0,0,1
53,3,0,0,939,157,0,1,0,100.0,0,1
36,2,0,0,7299,370,2799686,0,5,0.0,0,0
81,3,5,0,4093,654,52436,0,4,58.82352941,0,0
64,2,1,0,2428,128,10149,1,5,88.88888889,2,1
50,5,0,0,10570,752,2069,0,7,100.0,0,0
55,1,0,0,7185,1945,20677,0,5,87.5,0,0
38,2,0,0,7991,2600,6413,0,4,83.33333333,0,0
21,3,0,0,-1,0,0,0,0,85.71428571,0,1
71,3,0,0,-1,4,8796499,1,0,100.0,0,1
119,2,7,0,7927,108,582,0,7,10.34482759,0,0
158,2,2,0,8019,381,0,1,4,7.692307692000001,0,1
23,2,0,0,5416,428,3183602,0,2,50.0,0,0
26,2,0,0,7071,37,760073,0,4,30.76923077,0,0
53,4,0,0,5614,230,0,1,5,0.0,0,1
70,3,0,0,1546,644,4639,1,2,91.66666667,0,1
114,6,1,0,-1,170,0,1,0,0.0,0,1
39,3,0,0,7296,374,122063,0,5,85.71428571,0,0
80,2,2,0,-1,0,0,1,0,0.0,0,1
61,1,4,0,1629,63,0,1,0,0.0,3,1
31,1,1,0,2730,191,54936,0,4,85.71428571,0,0
69,3,1,0,750,345,1493278,1,1,100.0,3,1
25,2,0,0,6142,433,1287255,0,2,81.81818182,0,0
19,1,0,0,931,165,0,0,0,62.5,0,1
90,5,0,0,359,7,0,1,1,0.0,1,1
76,3,1,0,7547,489,687004,0,3,50.0,0,0
25,3,0,0,-1,308,2676195,0,2,45.45454545,0,0
88,2,9,0,7413,257,2183,0,7,92.45283019,0,0
66,3,3,0,6708,1328,1815693,0,4,37.5,0,0
42,2,0,0,5634,210,0,0,5,100.0,0,0
29,2,1,0,3251,36,89484,0,3,92.85714286,0,0
37,2,0,0,3624,393,227086,0,2,33.33333333,0,0
41,2,2,0,9635,228,148,1,7,0.0,0,0
56,2,0,0,295,70,0,1,1,0.0,0,1
35,2,0,0,7296,373,0,0,5,7.142857143,0,0
41,2,0,0,5160,1048,9506221,0,8,100.0,0,0
37,2,0,0,1546,645,4669,1,2,11.11111111,0,1
27,2,0,0,2906,380,213039,0,5,100.0,0,0
33,2,0,0,4652,1558,1204909,0,4,75.0,0,0
31,2,0,0,-1,0,0,0,2,31.57894737,0,0
37,4,0,0,5616,228,0,1,5,0.0,0,1
32,3,1,0,7806,595,756841,0,5,66.66666667,0,0
51,3,1,0,7268,401,81918,0,4,57.14285714,0,0
73,3,0,1,205,0,0,1,0,100.0,0,1
39,2,0,0,5158,1050,0,1,8,0.0,0,1
48,4,2,0,5626,218,0,1,5,100.0,0,1
54,3,2,0,6635,304,0,1,0,100.0,1,1
26,2,1,0,724,0,23941,1,1,100.0,0,1
126,3,4,0,1659,168,2580873,1,0,9.090909091,0,1
19,2,0,0,1141,320,0,1,0,100.0,0,1
17,1,0,0,-1,1751,1564303,0,5,50.0,0,0
166,2,1,0,-1,0,10081771,1,2,33.33333333,0,1
20,2,0,0,1231,230,0,1,0,100.0,0,1
121,3,0,0,2527,30,346022,1,3,92.30769231,1,1
57,4,0,0,7737,298,136610,0,5,100.0,0,0
50,3,0,0,-1,0,1148672,0,1,84.61538462,0,1
45,3,0,0,7530,2696,23288,1,4,100.0,0,1
86,2,3,0,4631,118,1569597,1,1,100.0,0,1
120,2,2,0,8019,381,0,1,4,7.692307692000001,0,1
66,2,4,0,8578,919,214843,0,5,95.45454545,0,0
111,3,8,0,8759,115,1167,0,6,12.32876712,0,0
54,2,0,0,7826,209,386,1,6,0.0,0,1
59,3,0,0,2669,253,0,1,0,100.0,3,1
80,4,0,0,-1,0,0,1,0,0.0,1,1
53,2,2,0,9201,297,685,0,6,90.47619048,0,0
31,2,0,0,7603,67,277036,0,4,87.5,0,0
92,4,1,0,7004,300,0,1,2,0.0,3,1
299,5,1,0,7086,948,18263,1,3,0.0,0,1
29,2,0,0,7711,3611,657765,0,4,40.0,0,0
21,2,0,0,-1,221,0,0,0,100.0,0,0
75,2,0,0,3779,238,0,1,1,100.0,0,1
41,1,1,0,3579,803,57972,0,4,4.255319149,0,0
47,4,0,0,5616,228,0,1,5,0.0,0,1
54,3,1,0,7671,730,300,0,6,100.0,0,0
66,2,3,0,4486,991,2873,0,5,92.85714286,0,0
83,2,7,0,1925,267,2709,1,5,87.5,0,0
29,2,0,0,5091,0,189976,0,3,82.35294118,0,0
35,2,0,0,1036,59,3777965,0,0,64.51612903,0,0
39,2,0,0,-1,74,10696810,0,0,33.33333333,0,1
40,2,0,0,6141,433,1228386,1,3,33.33333333,1,1
415,2,1,0,-1,564,61742,1,4,50.0,0,1
52,2,0,0,59,305,0,1,0,100.0,1,1
36,2,0,0,2883,39,1205178,0,4,46.15384615,0,0
69,3,1,0,6298,276,8597551,1,3,0.0,3,1
30,2,0,0,3484,169,264470,0,4,28.57142857,0,0
45,2,1,0,-1,355,0,1,0,0.0,0,1
33,2,0,0,6732,208,0,0,2,80.0,0,0
30,2,1,0,2,363,0,1,0,0.0,0,1
57,2,4,0,2295,262,9943343,0,3,70.0,0,0
32,2,0,0,-1,252,0,0,2,50.0,0,0
44,2,1,0,1953,2430,4365,1,3,0.0,0,1
33,2,0,0,3809,209,0,1,0,0.0,0,1
22,2,0,0,-1,120,38,0,6,0.0,0,0
90,4,6,0,7450,585,388,1,8,0.0,0,0
71,4,0,0,4632,117,1571953,1,1,100.0,0,1
66,2,4,0,7412,258,2183,0,7,92.45283019,0,0
26,2,1,0,7347,322,366576,0,5,66.66666667,0,0
35,2,0,0,634,96,0,1,0,0.0,0,1
63,3,0,0,7208,256,6768507,0,3,83.33333333,0,0
98,7,0,1,8347,2975,1,1,10,0.0,0,1
31,2,0,0,5070,43,655109,0,4,0.0,0,0
121,2,13,0,8148,252,2030586,1,4,92.30769231,0,0
72,1,4,0,6645,294,4394,0,4,64.70588235,0,0
198,2,1,0,2612,309,0,1,2,50.0,0,1
53,2,1,0,6831,108,0,1,0,81.81818182,0,1
55,3,0,0,7200,1199,239609,0,4,91.66666667,0,0
27,1,0,0,36,328,0,1,0,100.0,0,1
91,2,1,0,-1,0,0,1,1,100.0,3,1
43,2,2,0,808,287,0,1,2,100.0,0,1
80,2,4,0,6747,192,270082,0,5,75.0,0,0
33,2,0,0,7134,901,12,0,7,100.0,0,0
66,2,0,0,10357,965,86683,1,5,0.0,0,0
26,2,0,0,3366,287,49758,0,5,1.754385965,0,0
103,3,0,0,1272,188,97974,1,2,66.66666667,0,1
56,2,0,0,6381,559,0,0,2,42.85714286,0,0
36,2,0,0,5518,325,1280998,0,2,40.0,0,0
83,3,4,0,5438,41,82590,1,4,80.0,3,0
67,6,0,0,2317,1336,0,1,0,100.0,0,1
33,2,2,0,2837,84,0,0,2,0.0,0,1
65,5,0,1,5614,230,3461918,1,5,0.0,0,1
32,3,0,0,-1,0,627905,0,3,77.77777778,0,0
36,2,2,0,784,311,2745991,1,0,0.0,0,1
36,3,0,0,2297,0,4070911,1,2,0.0,0,1
35,3,0,0,-1,0,3269595,0,3,50.0,0,0
27,2,0,0,6742,64,0,0,2,0.0,0,0
218,4,0,0,-1,0,0,1,0,0.0,3,1
53,2,1,0,6389,0,0,1,1,0.0,0,1
32,2,0,0,7448,587,3328366,0,8,23.80952381,0,0
30,2,1,0,1548,277,8316,1,2,0.0,0,1
83,2,5,0,2979,673,105571,0,2,83.33333333,0,0
36,2,1,0,7295,374,0,1,5,0.0,0,1
26,2,1,0,8966,1260,70,0,8,0.0,0,0
92,2,2,0,-1,174,0,1,0,100.0,0,1
23,1,0,0,3006,0,767115,1,7,18.18181818,0,1
207,3,1,0,7308,727,0,1,0,50.0,2,1
35,2,0,0,5273,570,0,0,7,50.0,0,0
32,2,0,0,3224,1524,450557,0,4,87.5,0,0
55,2,1,0,7391,278,6763,0,4,100.0,0,1
71,3,2,0,7260,1140,275271,0,3,96.15384615,0,0
39,2,1,0,5190,289,2774,0,6,10.71428571,0,0
60,2,0,0,3310,343,0,1,0,0.0,0,1
24,2,0,0,7531,139,1059151,0,4,93.10344828,0,0
76,2,5,0,8916,582,1359,0,7,36.66666667,0,0
22,2,0,0,7844,192,350844,0,5,66.66666667,0,0
31,1,0,0,-1,0,961966,0,0,0.0,0,1
43,1,0,0,1611,216,0,1,0,0.0,1,1
40,3,0,0,1338,487,0,1,0,100.0,1,1
33,3,0,0,-1,82,87417,0,4,66.66666667,0,0
102,4,7,0,8924,209,35823,0,5,0.0,3,0
74,4,0,0,1834,357,0,1,0,100.0,0,1
49,3,0,0,7224,182,7286,0,5,0.0,0,0
115,6,4,0,-1,0,2855528,1,2,100.0,0,1
20,2,0,0,7372,299,1260640,1,1,93.75,0,1
33,2,0,0,1878,314,0,0,3,0.0,0,0
25,2,0,0,8791,0,44991,0,5,0.0,0,0
97,2,2,0,2300,257,0,1,2,40.0,2,1
93,1,8,0,6056,192,41,0,8,20.0,0,0
80,3,0,0,6555,2941,0,1,2,0.0,0,1
120,3,9,0,12126,659,1001,0,7,100.0,0,0
37,2,0,0,8944,553,165781,0,5,100.0,0,0
56,3,1,0,-1,187,0,1,0,90.0,0,1
43,2,0,0,4873,0,0,1,2,0.0,0,1
66,2,0,0,-1,2538,280577,0,5,50.0,0,0
119,2,8,0,5517,326,9206,0,6,70.0,0,0
60,2,0,0,7646,24,0,1,0,0.0,0,1
44,3,2,0,7982,54,352,1,6,12.5,0,0
127,2,2,0,8347,2975,1,1,10,0.0,1,1
29,2,0,0,3695,688,5534473,0,4,54.54545455,0,0
85,2,8,0,7551,120,7947,0,6,30.0,0,0
61,3,0,0,6956,348,4595873,0,5,0.0,0,0
51,2,1,0,3710,307,0,1,3,0.0,3,1
56,4,2,0,5616,228,0,1,5,0.0,0,1
50,2,0,0,7130,905,12,0,7,100.0,0,0
33,2,1,0,-1,0,6767785,0,3,100.0,0,0
27,2,1,0,7533,159,1039344,0,5,100.0,0,0
97,3,1,1,-1,0,0,1,2,100.0,0,1
46,2,0,0,5637,207,2,0,10,56.0,0,0
28,2,0,0,2806,1210,866959,0,4,83.33333333,0,0
50,3,0,0,2732,190,0,1,2,0.0,0,1
98,1,2,0,-1,143,0,1,0,100.0,0,1
21,1,0,0,-1,0,0,1,0,0.0,0,1
44,2,0,0,7449,585,0,0,8,65.95744681,0,0
38,1,0,0,-1,350,0,1,0,66.66666667,0,1
139,5,1,0,4004,14,5828815,1,0,100.0,0,1
45,3,0,0,5287,192,37037,0,5,100.0,0,0
65,3,0,0,6397,542,0,1,2,100.0,0,1
62,5,0,0,359,7,0,1,1,0.0,1,1
22,1,0,0,7497,538,6111113,1,1,100.0,0,1
115,2,1,0,-2,330,57608,1,3,87.5,0,0
55,4,0,0,6073,136,0,1,0,0.0,1,1
25,2,0,0,1632,194,0,0,3,80.0,0,0
27,2,0,0,-1,0,858306,0,3,7.142857143,0,0
35,1,1,0,8130,3557,1229068,0,4,20.0,0,0
56,3,0,0,7232,438,570615,0,5,25.0,0,0
82,2,7,0,8892,240,67860,1,4,28.57142857,0,0
33,2,0,0,1080,16,2016291,0,1,87.5,0,0
45,4,0,0,372,358,0,1,1,0.0,0,1
62,3,0,0,6510,65,0,1,0,88.88888889,1,1
53,3,2,0,8096,3591,1202540,0,4,50.0,0,0
42,2,0,0,7297,372,2388565,0,5,0.0,0,0
53,2,0,0,2839,83,0,1,2,100.0,0,1
23,1,0,0,7600,71,4609841,0,4,50.0,0,0
29,2,0,0,3837,1641,73135,0,4,83.87096774,0,0
76,3,6,0,6045,165,46492,0,5,100.0,0,0
108,3,0,0,-1,0,1513583,0,4,0.0,0,1
47,3,0,0,1040,55,0,1,2,88.88888889,1,1
36,3,0,0,-1,620,3578462,1,0,0.0,0,1
61,1,0,0,-2,232,0,1,0,0.0,0,0
79,2,2,0,8905,227,2959,1,5,0.0,0,0
171,6,0,0,-1,315,3532151,1,0,100.0,1,1
24,2,0,0,-1,437,437144,0,3,100.0,0,0
29,2,0,0,8718,777,0,0,3,0.0,0,0
47,3,0,0,7132,903,12,1,7,100.0,0,0
62,4,1,0,-1,0,0,1,0,0.0,3,1
58,2,4,0,5976,232,10450377,0,3,77.27272727,0,0
65,2,0,0,9088,407,2223178,0,1,83.33333333,0,0
34,2,0,0,3024,263,10436415,0,2,60.0,0,0
91,3,0,0,-1,0,67041,1,5,100.0,0,1
25,2,0,0,6918,298,204706,0,4,85.71428571,0,0
46,2,1,0,8056,344,0,0,5,100.0,0,0
44,1,1,0,3455,198,0,1,0,100.0,0,1
91,2,0,0,7678,358,161679,1,4,0.0,0,1
23,2,0,0,3317,335,1009644,0,3,80.0,0,0
73,2,4,0,3063,224,795194,1,5,72.72727273,0,0
65,2,5,0,2055,136,356920,0,3,80.0,0,0
28,2,0,0,5719,70,4622653,0,3,47.61904762,0,0
70,2,0,0,5776,67,191068,0,5,68.75,0,0
34,3,0,0,1274,187,0,0,2,100.0,0,0
98,2,1,0,7402,268,7218,0,5,62.5,1,0
36,1,0,0,5171,307,176,0,7,3.03030303,0,0
25,2,0,0,5161,1047,0,0,8,100.0,0,0
40,2,1,0,12210,210,50,0,8,100.0,0,0
23,2,0,0,-1,0,0,0,2,75.0,0,0
30,3,0,0,-1,0,821790,0,4,75.0,0,0
66,3,1,0,11102,221,7396,0,6,0.0,0,0
67,5,0,0,-1,359,812786,1,1,52.38095238,1,1
47,3,0,0,187,179,0,1,0,0.0,0,1
26,2,1,0,-1,-1,0,0,1,50.0,0,0
35,2,0,0,4455,293,107741,0,4,53.125,0,0
30,1,1,0,2,363,0,1,0,88.23529412,0,1
45,2,0,0,466,264,0,0,0,100.0,0,1
48,3,0,0,1807,19,0,1,0,100.0,1,1
48,4,0,0,2797,124,0,1,1,100.0,1,1
34,2,0,0,1953,2430,4365,1,3,0.0,0,1
228,3,1,0,-1,281,1011133,0,1,50.0,0,0
58,3,0,0,3851,167,7163,1,7,0.0,0,1
73,3,0,0,-1,155,0,1,0,0.0,1,1
24,2,0,0,-1,0,2159444,0,3,94.11764706,0,0
27,2,0,0,2924,363,0,0,2,70.58823529,0,0
71,3,0,1,2294,1359,4441098,1,1,100.0,0,1
63,4,1,0,10674,285,23,1,8,100.0,0,0
47,2,1,0,160,205,5415205,1,1,100.0,2,1
103,3,11,0,4466,281,278090,0,5,66.66666667,0,0
32,2,0,0,-1,1038,0,0,4,62.5,0,0
159,3,2,0,1589,238,0,1,0,1.960784314,6,1
45,2,0,0,9169,326,599,0,7,68.42105263,0,0
52,2,0,0,1996,195,0,1,0,8.333333332999999,0,1
40,3,0,0,8144,621,12364,0,6,30.95238095,0,0
64,2,3,0,2223,333,159597,0,4,100.0,0,0
53,2,1,0,7587,449,988,0,5,100.0,0,0
51,3,2,0,3189,98,5346311,0,3,60.0,0,0
36,2,0,0,7299,370,0,0,5,50.0,0,0
48,4,0,0,5626,218,3528017,1,5,0.0,0,1
34,2,0,0,5892,2507,35,0,10,100.0,0,0
52,1,3,0,3730,1748,7994,1,5,62.5,0,0
50,3,0,0,8147,618,12601,0,6,30.95238095,0,0
92,2,1,0,2460,0,0,0,0,0.0,1,1
57,3,0,0,3257,0,4591292,1,1,93.75,1,1
41,1,1,0,4360,22,115625,1,5,92.85714286,0,0
39,1,2,0,-1,316,0,1,0,100.0,0,1
51,2,3,0,7129,175,8386524,1,1,100.0,0,1
66,3,0,0,9158,338,65,1,8,0.0,1,1
24,3,0,0,-1,0,0,0,2,100.0,0,0
50,3,1,0,-1,0,1383746,0,5,100.0,0,0
37,1,0,0,2102,90,0,1,0,0.0,0,1
117,4,0,0,4003,14,5828815,1,0,100.0,0,1
172,3,2,0,8346,2976,0,0,10,0.0,2,1
51,5,0,0,-1,0,0,1,0,10.0,1,1
68,2,0,0,8348,2974,1,1,10,66.66666667,0,1
20,2,0,0,8687,442,513818,0,4,50.0,0,0
101,2,9,0,2491,66,1315290,1,2,42.85714286,0,0
43,2,0,0,-1,0,562211,0,3,27.27272727,0,0
44,3,0,0,1546,644,4669,1,2,0.0,1,1
71,3,4,0,3814,204,0,1,3,66.66666667,0,0
76,4,3,0,4478,269,188429,1,2,100.0,0,1
35,2,0,0,5046,67,379,0,5,66.66666667,0,0
35,2,0,0,78,286,0,0,0,100.0,0,1
24,2,0,0,2160,32,2282602,0,1,25.0,0,0
86,2,2,0,3277,1106,8137075,1,2,100.0,0,1
42,2,0,0,1884,308,0,1,0,90.0,0,1
64,3,1,0,-1,0,1302838,0,5,100.0,0,0
28,3,0,0,7533,160,0,0,5,0.0,0,0
93,3,0,0,12124,661,1001,1,7,0.0,0,0
86,3,4,0,9803,2249,72,0,8,90.90909091,0,0
29,2,0,0,-1,189,866272,0,4,40.0,0,0
26,2,0,0,2406,147,297796,0,4,75.0,0,0
159,6,0,0,-1,0,10524904,1,0,35.71428571,2,1
95,3,0,0,5632,576,327612,1,4,0.0,0,0
35,2,0,0,5826,18,361265,0,5,95.23809524,0,0
29,2,1,0,8576,191,1715731,0,5,90.90909091,0,0
92,2,1,0,254,111,0,1,0,100.0,3,1
25,2,0,0,1677,515,220624,0,4,60.0,0,0
21,2,0,0,-1,0,633420,0,4,42.55319149,0,0
20,2,0,0,-1,0,815647,0,2,0.0,0,1
72,5,1,1,5670,173,885,1,6,100.0,1,1
25,3,0,0,8735,1492,289055,0,5,0.0,0,0
117,3,0,0,-1,1526,3638954,1,3,88.57142857,0,0
39,4,0,0,5309,534,111086,0,4,70.0,0,0
23,2,0,0,2018,174,172451,0,5,44.18604651,0,0
79,1,1,0,-1,0,0,1,0,0.0,0,1
75,2,0,0,6256,2509,689,0,6,64.28571429,0,0
110,4,0,0,1653,174,0,1,0,0.0,3,1
22,1,0,0,717,14,0,0,3,50.0,1,1
33,2,2,0,5161,1047,0,0,8,100.0,0,0
24,2,0,0,3219,69,1217415,0,3,100.0,0,0
27,1,1,0,-1,0,0,1,0,100.0,0,1
26,2,0,0,4655,823,8191,0,6,76.92307692,0,0
65,2,0,0,1407,53,0,1,0,0.0,1,1
23,2,0,0,3208,445,16692,0,5,21.05263158,0,0
39,3,0,0,723,8,0,0,0,100.0,0,1
31,2,0,0,7412,281,1561104,1,2,0.0,0,1
53,2,0,0,-1,0,0,1,0,0.0,0,1
51,3,0,0,-1,670,8902890,1,4,95.65217391,0,1
60,3,1,0,5440,38,0,1,2,0.0,0,0
20,2,0,0,1548,277,0,0,2,75.0,0,0
69,3,0,0,395,336,0,1,0,94.44444444,2,1
81,1,6,0,2496,60,408088,1,4,56.25,0,0
86,2,0,0,4547,201,147,0,7,0.0,0,0
44,2,1,0,6245,467,10830,0,5,85.0,0,0
127,2,7,0,5735,1204,8972,0,6,75.0,0,0
91,3,10,0,9346,3437,104142,1,4,0.0,0,0
71,5,3,0,5616,228,0,1,5,0.0,2,1
104,4,1,0,1015,80,1196152,1,2,0.0,0,1
199,3,5,0,-1,0,0,1,0,0.0,5,1
154,4,0,0,5616,228,0,1,5,0.0,0,1
29,2,0,0,4626,122,674594,0,4,20.0,0,0
43,2,3,0,6382,0,0,1,3,0.0,0,1
80,3,0,0,8583,184,274168,1,4,0.0,0,0
88,3,1,0,6340,599,293,0,5,100.0,0,0
51,3,0,0,7530,2696,23288,1,4,100.0,0,1
24,2,0,0,2139,418,2715,0,4,100.0,0,0
58,3,0,0,3140,148,0,1,3,95.91836735,1,1
88,2,0,0,4326,787,214323,1,3,100.0,0,1
51,4,2,0,5615,228,0,1,5,0.0,2,1
64,2,2,0,8347,2975,1,1,10,70.0,1,0
56,2,2,0,-1,0,0,1,4,90.90909091,0,0
30,2,0,0,2383,1269,0,0,2,60.0,0,0
71,2,4,0,4352,760,10826,0,5,70.0,0,0
43,2,0,0,2314,1339,0,1,0,0.0,0,1
81,2,4,0,4567,182,372555,0,3,44.11764706,0,0
45,3,1,0,86,279,0,1,0,0.0,0,1
95,3,6,0,9350,3433,105518,0,4,0.0,0,0
54,5,2,0,5626,218,0,1,5,0.0,0,1
48,3,0,0,6567,1102,12233,0,4,66.66666667,0,0
50,1,1,0,3220,68,0,1,1,0.0,3,1
58,2,0,0,7133,902,12,0,7,100.0,0,0
98,3,7,0,2255,302,2371046,0,4,54.54545455,0,0
73,4,3,0,7445,590,381,1,8,0.0,0,0
50,2,1,0,1,363,9657236,0,0,100.0,0,1
79,3,3,0,-1,0,968888,0,4,75.0,2,1
221,6,1,0,7323,347,3927593,1,4,0.0,0,0
47,2,0,0,-1,99,0,1,0,100.0,1,1
86,1,12,0,5798,45,1515,1,7,72.30769231,0,0
50,3,2,0,683,0,0,1,0,0.0,0,1
36,2,1,0,-1,355,0,1,0,0.0,1,1
115,3,2,0,4417,330,7639347,0,3,0.0,0,0
51,3,0,0,-1,0,1068316,1,4,63.63636364,1,0
43,2,1,0,-1,1091,0,1,0,0.0,2,1
100,2,5,0,4057,325,98,0,5,18.18181818,0,0
34,2,0,0,-1,259,3244226,0,2,30.0,0,0
33,2,0,0,1953,2430,4365,1,3,50.0,0,1
42,3,0,0,5941,267,0,1,0,100.0,0,1
109,2,9,0,8348,2973,1,0,10,70.0,0,0
72,2,0,0,7938,96,0,1,2,60.0,2,1
72,4,1,0,5858,351,0,1,0,81.81818182,0,1
105,3,5,0,5442,37,0,1,2,33.33333333,1,0
63,5,0,1,5627,217,0,1,5,0.0,0,1
27,2,1,0,3790,228,679696,0,3,75.75757576,0,0
77,2,6,0,9882,344,630,0,6,30.0,0,0
23,2,0,0,1057,38,0,0,0,0.0,0,1
30,2,0,0,3958,789,100148,0,4,66.66666667,0,0
61,3,3,0,2320,1697,35081,0,5,90.47619048,0,0
21,2,0,0,2653,634,0,0,0,100.0,0,0
92,2,7,0,6326,1710,272248,0,4,83.33333333,0,0
22,2,0,0,4541,2399,461428,0,3,8.333333332999999,0,0
88,1,1,0,244,122,0,1,0,100.0,3,1
41,2,1,0,9281,63,125,1,7,88.09523809999997,0,0
26,2,1,0,4875,1335,33632,0,4,50.0,0,0
61,3,0,0,5350,494,55182,0,4,30.0,0,0
74,2,5,0,6250,1786,11380,1,6,8.333333332999999,0,0
68,2,1,0,6259,2506,682,0,6,64.28571429,0,0
31,2,0,0,4771,342,144969,0,3,50.0,0,0
31,2,0,0,6044,1992,0,0,4,96.0,0,0
81,4,0,0,12710,0,2998,0,6,0.0,2,0
25,2,0,0,8596,189,572944,0,2,95.45454545,0,0
60,2,4,0,5132,347,1310,0,7,18.75,1,0
83,2,7,0,6598,342,1449,0,7,71.21212121,0,0
57,4,1,0,4193,189,0,1,2,0.0,5,1
63,3,0,0,1337,123,20989,1,6,100.0,0,1
38,2,0,0,6902,403,12299,0,4,0.0,0,0
30,2,1,0,3301,351,1027627,0,2,96.2962963,0,0
98,3,1,0,2618,220,0,1,0,100.0,3,1
23,2,0,0,-1,536,0,0,1,100.0,0,0
103,1,1,0,2047,145,0,1,0,85.71428571,3,1
27,2,0,0,5158,1050,6676220,0,8,50.0,0,0
32,2,0,0,4300,0,0,0,2,0.0,0,0
49,3,0,0,5525,318,23046,0,4,91.66666667,0,0
29,3,0,0,-1,499,214765,0,4,77.77777778,0,0
81,4,0,0,8763,368,8308,1,5,100.0,0,0
75,4,3,0,7450,585,388,0,8,0.0,0,0
161,3,0,0,7805,2421,6256,1,4,72.41379309999998,0,0
78,4,1,0,3992,25,5697976,1,0,100.0,0,1
60,4,0,0,-1,0,18999,0,5,33.33333333,0,0
34,1,0,0,3298,355,1074963,0,5,45.45454545,0,0
41,2,1,0,-1,0,77586,1,1,0.0,1,1
70,3,3,0,7996,2961,26817,1,5,100.0,0,0
23,2,0,0,8002,0,2985090,0,2,77.77777778,0,0
63,1,5,0,2095,96,565103,1,4,92.85714286,0,0
30,2,0,0,3333,319,188793,0,4,50.0,0,0
32,2,0,0,3795,1683,666437,0,5,50.0,0,0
130,4,2,0,-1,333,24,0,9,0.0,2,1
31,2,0,0,7298,371,236183,0,5,23.07692308,0,0
61,3,1,0,7295,374,0,1,5,0.0,0,1
28,1,0,0,388,343,0,1,0,0.0,0,1
42,2,0,0,5637,207,2,0,10,58.33333333,0,0
47,1,0,0,604,127,0,0,0,100.0,0,1
86,3,4,0,12126,659,1001,0,7,100.0,0,0
30,2,0,0,2567,355,0,0,0,100.0,0,0
40,2,0,0,1546,644,4639,1,2,66.66666667,0,1
36,3,0,0,5892,2508,35,1,10,100.0,0,1
77,3,0,0,1116,344,0,0,0,0.0,0,1
106,2,10,0,7077,593,0,0,2,54.83870968,0,0
154,2,0,0,4775,339,112056,0,5,100.0,1,0
56,3,0,0,7668,733,301,0,6,100.0,0,0
47,2,0,0,-1,0,0,1,2,100.0,1,1
28,2,0,0,2649,273,468198,0,4,80.0,0,0
32,2,0,0,8510,622,0,0,1,100.0,0,1
26,2,0,0,7446,252,3690514,1,0,0.0,0,1
20,1,0,0,-1,0,1285481,1,7,100.0,0,1
78,3,0,0,6679,260,37803,0,5,0.0,0,0
22,2,0,0,7011,1032,907586,0,4,94.28571429,0,0
41,2,2,0,804,291,0,1,2,100.0,0,1
61,2,0,0,6669,636,6843,1,5,64.70588235,0,0
71,3,0,0,7724,312,654,1,5,43.75,0,0
36,2,0,0,7810,2417,29611,0,4,80.0,0,0
84,4,4,0,7626,775,52273,0,5,29.41176471,1,0
56,4,0,0,-1,361,75006,1,5,0.0,1,0
32,2,0,0,7393,215,431555,0,4,77.77777778,0,0
152,4,4,0,-1,0,0,1,0,0.0,4,1
50,1,1,0,2867,55,12155,0,4,50.0,0,0
40,2,0,0,8518,2806,8,0,10,9.090909091,0,0
142,2,2,0,8018,382,0,1,4,0.0,0,1
63,4,1,0,10677,282,23,1,8,51.11111111,0,0
51,2,1,0,-1,0,998801,1,1,100.0,3,1
33,2,0,0,727,368,0,0,4,0.0,0,0
34,2,2,0,-1,0,77586,1,1,100.0,1,1
34,2,1,0,2054,502,288962,0,3,50.0,0,0
72,2,0,0,8348,51,7421,1,5,93.33333333,1,1
30,2,0,0,3395,258,1036970,0,4,43.58974359,0,0
18,1,0,0,4320,431,246860,0,4,75.0,0,0
35,3,0,0,-1,238,0,0,0,0.0,0,1
66,2,1,0,2455,0,0,1,0,100.0,2,1
32,2,0,0,4472,455,0,0,2,75.0,0,0
45,2,0,0,8520,2804,8,0,10,12.5,0,0
36,2,0,0,7295,374,10294744,1,5,0.0,0,1
21,1,0,0,-1,0,3523,1,9,1.886792453,0,1
34,2,0,0,1129,356,2209139,0,4,100.0,0,0
61,1,1,0,-1,0,0,1,0,0.0,2,1
28,2,0,0,7676,360,5849,0,4,100.0,0,0
20,1,1,0,1071,390,0,1,1,82.35294118,0,1
56,2,5,0,7419,1346,285,1,7,0.0,0,0
34,2,3,0,-1,0,78870,1,1,0.0,1,1
85,2,0,0,4456,290,0,1,1,8.333333332999999,1,1
44,2,0,0,3133,154,413788,1,4,0.0,0,0
60,2,0,0,8829,507,2635,0,6,89.28571429,0,0
37,2,0,0,7584,451,974,0,5,100.0,0,0
131,2,2,0,8019,381,0,1,4,7.692307692000001,0,1
68,3,1,0,2802,120,0,1,2,14.28571429,4,1
21,1,0,0,4956,162,168708,0,2,88.88888889,0,0
36,2,0,0,5161,1047,0,0,8,100.0,0,0
63,2,2,0,1784,43,0,1,0,0.0,0,1
23,2,0,0,8886,3533,160130,0,5,50.0,0,0
68,4,3,0,7466,570,167663,0,4,10.0,0,0
78,2,5,0,8900,232,108560,0,5,21.05263158,0,0
66,2,5,0,4487,991,2870,0,5,92.85714286,0,0
29,2,0,0,2012,180,1107250,0,4,21.42857143,0,0
66,2,1,0,-1,0,0,1,0,0.0,0,1
157,2,11,0,5051,62,283,0,7,20.0,0,0
23,2,0,0,3701,2142,116833,0,1,66.66666667,0,0
44,3,0,0,8922,1830,309153,1,3,0.0,0,1
59,3,0,0,8144,621,12364,0,6,30.95238095,0,0
66,3,0,0,6166,2600,1026621,0,4,0.0,0,0
55,2,2,0,8571,666,22056,0,5,100.0,0,0
31,2,0,0,2936,351,758604,0,3,0.0,0,0
29,2,0,0,5892,317,1609117,1,2,81.81818182,0,1
43,4,1,0,5615,228,0,1,5,0.0,2,1
50,3,2,0,4326,57,122153,0,3,80.0,0,0
36,3,0,0,-1,96,5552417,0,3,50.0,1,0
34,2,0,0,10524,2624,673,1,6,0.0,0,0
261,6,0,0,31,333,0,1,0,100.0,3,1
34,3,0,0,-1,0,0,0,0,100.0,0,1
27,2,0,0,3910,1933,0,1,1,100.0,0,1
37,2,0,0,6218,356,337,0,6,0.0,0,0
73,3,0,0,6053,157,14268,1,6,97.22222222,0,0
41,2,0,0,-1,0,0,1,0,60.0,0,1
86,2,1,0,760,336,0,1,0,100.0,3,1
21,2,0,0,5461,382,1435312,0,3,94.11764706,0,0
33,2,1,0,1720,107,1257570,0,2,80.0,0,0
122,16,2,0,-1,0,0,1,0,100.0,1,1
28,2,0,0,1588,238,1905203,0,2,0.0,0,0
41,3,0,0,96,268,0,1,0,100.0,0,1
39,2,0,0,7087,948,18105,1,3,0.0,0,1
213,4,3,0,8348,2973,1,0,10,0.0,1,1
34,2,0,0,6875,65,0,0,2,90.90909091,0,0
36,3,0,0,5129,349,743224,1,1,37.5,0,1
129,2,3,0,2500,57,0,1,2,14.28571429,5,1
59,5,0,0,5612,232,0,1,5,0.0,0,1
23,1,0,0,7,357,0,1,0,100.0,0,1
33,2,2,0,-1,262,0,0,0,88.88888889,1,1
24,1,0,0,-1,0,0,0,2,0.0,0,0
26,2,0,0,7068,1289,2788969,0,4,92.59259259,0,0
44,3,0,0,7158,149,2294,0,3,86.66666667,0,0
50,2,0,0,2305,252,541454,1,4,68.18181818,0,1
123,3,12,0,2411,145,174498,0,5,60.86956522,1,0
21,2,0,0,-1,0,745423,0,4,73.07692308,0,0
23,1,0,0,7682,354,0,0,2,15.0,0,1
55,1,0,0,7300,1100,24283,0,5,87.5,1,0
25,2,0,0,-1,0,3426017,0,4,80.0,0,1
46,4,1,0,5627,217,0,1,5,0.0,0,1
24,1,0,0,-1,0,136698,1,5,59.09090909,0,1
102,2,2,0,1706,120,4830221,1,2,100.0,2,1
32,1,0,0,-1,0,0,1,1,25.0,0,1
38,3,1,0,62,303,0,1,0,50.0,0,1
60,2,1,0,-1,75,0,1,0,0.0,4,1
29,2,0,0,2881,2596,5754,1,4,100.0,0,1
73,1,1,0,2381,1270,0,1,2,0.0,4,1
56,2,3,0,7128,176,8386524,1,1,81.81818182,0,1
55,3,0,0,-1,0,1035,1,6,85.71428571,0,0
23,2,0,0,6318,256,0,0,4,89.47368421,0,0
47,2,2,0,6196,1108,84671,0,5,100.0,1,0
74,3,3,0,7521,515,10660,0,5,30.76923077,0,0
50,3,0,0,4341,42,0,1,2,82.60869565,1,1
104,4,0,1,254,112,0,0,0,50.0,0,1
147,2,0,0,-1,177,0,1,0,83.33333333,2,1
34,2,0,0,1724,102,0,0,0,33.33333333,0,0
32,2,0,0,-1,0,7910366,0,2,85.71428571,0,0
80,3,6,0,8973,1913,10626,1,5,88.88888889,0,0
27,3,0,0,7936,100,47133,0,5,96.77419355,0,0
25,1,0,0,2197,6,0,1,0,0.0,0,1
38,3,1,0,7681,1085,295329,0,3,0.0,0,0
30,2,0,0,9161,335,960,1,6,66.66666667,0,0
61,4,0,0,9379,491,4068,1,5,0.0,0,0
32,3,0,0,-1,319,361673,0,2,100.0,0,0
68,3,0,0,-1,0,589615,0,5,0.0,0,0
60,2,1,0,3116,171,0,1,1,100.0,2,1
79,2,1,0,2295,1358,0,1,0,50.0,2,1
132,5,1,0,4003,14,5816617,1,0,100.0,0,1
85,4,0,0,913,183,0,1,2,100.0,0,1
49,3,1,0,6631,1404,1083895,0,2,64.70588235,0,0
37,1,0,0,2675,246,0,0,0,100.0,1,1
25,3,0,0,-1,0,2398123,0,2,100.0,0,0
21,1,1,0,2,363,0,1,0,50.0,0,1
32,2,0,0,4800,1775,134,0,6,84.21052632,0,0
115,2,2,0,8019,381,0,1,4,7.692307692000001,0,1
54,2,0,0,7159,147,2320,1,3,75.0,0,0
51,3,0,0,232,134,0,1,0,100.0,1,1
94,4,10,0,5051,51,4813,0,6,77.55102041,0,0
42,2,0,0,6256,2509,688,0,6,61.53846154,0,0
38,2,1,0,5158,1050,0,1,8,0.0,0,1
53,2,0,0,3747,528,774723,1,4,69.23076923,0,0
68,3,3,0,-1,2785,435362,0,5,50.0,0,0
82,2,2,0,9283,60,124,0,7,87.5,0,0
72,2,3,0,-1,0,0,1,0,100.0,2,1
26,2,0,0,5160,1048,0,0,8,100.0,0,0
72,3,1,0,495,236,0,1,2,4.918032787,2,1
24,2,0,0,7603,514,907,0,4,87.5,0,0
41,3,1,0,13,0,0,1,0,100.0,0,1
82,2,0,0,8348,2973,1,1,10,0.0,1,1
65,2,0,0,8348,2974,1,1,10,0.0,0,1
29,2,0,0,1350,111,19778,1,6,33.33333333,0,1
40,2,0,0,6802,137,1577923,1,2,100.0,0,0
60,3,1,0,4670,443,0,0,4,100.0,0,0
45,2,1,0,7914,485,2450,0,6,0.0,0,0
27,2,0,0,7424,611,29440,0,3,50.0,0,0
47,3,0,0,7501,169,628638,0,5,0.0,0,0
40,4,0,0,-1,0,0,1,0,0.0,0,1
72,3,1,0,6006,2759,0,1,2,0.0,2,0
36,2,0,0,1561,630,0,0,0,0.0,1,1
32,1,1,0,-1,0,47038,0,5,100.0,0,0
40,1,0,0,4058,324,0,1,3,100.0,1,1
52,3,0,0,-1,98,0,1,4,0.0,0,0
109,2,8,0,9896,694,180,0,8,0.0,1,0
109,4,2,0,-1,0,93245,1,3,0.0,1,1
361,3,0,0,187,178,0,1,0,73.33333333,6,1
55,1,0,0,5233,246,10313348,1,3,0.0,0,1
43,4,0,0,7050,254,1222496,1,2,81.81818182,1,1
27,2,0,0,5901,672,58597,0,4,64.70588235,0,0
123,9,0,0,-1,0,105946,1,4,100.0,0,1
58,2,3,0,6622,683,181216,1,4,25.0,0,0
44,2,0,0,7298,371,0,0,5,18.18181818,0,0
24,3,0,0,2544,13,2369609,0,3,90.90909091,0,0
57,3,0,0,7939,825,33059,0,5,100.0,0,0
359,22,0,0,1709,482,0,1,2,0.0,2,1
23,2,0,0,867,593,0,0,0,100.0,0,1
25,2,0,0,4169,1674,79428,0,6,50.0,0,0
113,2,1,0,8347,2975,1,1,10,37.5,1,1
25,2,0,0,2901,1115,324756,0,5,70.96774194,0,0
25,2,0,0,7048,257,576752,0,4,0.0,0,0
33,2,0,0,2835,86,0,1,2,18.18181818,0,1
57,2,0,0,6340,600,293,0,5,100.0,0,0
69,4,1,0,5804,769,0,1,2,100.0,3,1
34,2,0,0,7081,588,311717,0,4,53.33333333,0,0
73,3,0,0,9129,732,15733,0,5,100.0,0,0
23,2,0,0,4329,265,158136,0,4,100.0,0,0
135,2,2,0,8018,382,0,1,4,0.0,0,1
35,2,1,0,2837,84,0,1,2,0.0,0,1
73,1,3,0,6056,192,41,0,8,20.0,0,0
77,3,1,0,916,179,0,1,0,0.0,1,1
45,2,0,0,3094,1655,408089,0,4,100.0,1,1
31,2,0,0,4991,122,239038,0,6,64.28571429,0,0
75,2,5,0,10674,285,23,0,8,100.0,0,0
64,1,4,0,5349,2320,10753,0,5,8.695652174,0,0
31,2,0,0,1170,290,0,1,0,100.0,0,0
45,2,1,0,9074,1883,15117,0,5,93.33333333,0,0
47,2,0,0,-1,0,0,1,0,7.317073171,1,1
61,3,0,0,7351,319,22839,0,5,75.0,0,0
23,2,0,0,5445,34,6496,0,5,0.0,0,0
26,2,0,0,5029,85,2839278,0,3,0.0,0,0
78,4,0,1,-1,0,3940522,1,1,100.0,0,1
39,2,0,0,6962,343,211607,0,5,85.71428571,0,0
46,3,0,0,4182,200,9974,1,5,0.0,1,1
22,2,0,0,9163,333,210636,0,5,50.0,0,0
87,4,1,1,919,541,0,1,0,100.0,2,1
64,2,0,0,8833,503,2717,0,6,89.28571429,0,0
57,2,0,0,7619,129,2192,0,5,52.94117647,0,0
63,2,0,0,5056,422,0,0,1,0.0,1,1
190,5,11,0,4564,185,7504096,1,4,83.33333333,0,1
32,1,0,0,496,234,493686,1,0,33.33333333,0,1
25,2,0,0,6964,1071,318509,0,4,67.74193548,0,0
263,13,0,1,2660,3183,0,1,4,0.0,2,1
80,3,5,0,7292,377,1008,0,6,75.0,0,0
30,1,0,0,-1,388,0,0,3,88.88888889,0,0
28,2,1,0,4460,287,0,0,2,83.33333333,0,0
24,1,0,0,-1,0,134401,1,5,0.0,0,1
26,1,0,0,519,212,0,1,0,100.0,0,1
46,2,0,0,3534,484,0,1,1,7.142857143,2,1
63,3,0,0,6391,183,0,1,2,0.0,0,1
22,2,0,0,1112,348,2209849,0,3,50.0,0,0
84,2,8,0,5136,342,1300,0,7,18.75,2,0
70,2,3,0,8030,3292,6256,0,5,100.0,1,0
45,5,0,0,5613,231,0,1,5,0.0,0,1
119,1,8,0,5,360,0,1,0,100.0,0,1
58,2,0,0,4941,172,0,1,0,0.0,0,1
121,5,0,0,3992,25,5697976,1,0,100.0,0,1
53,3,1,0,8833,299,6042,0,5,100.0,0,0
21,1,0,0,-1,0,3523,1,9,100.0,0,1
21,2,0,0,3851,88,328255,0,4,37.5,0,0
186,2,2,0,-1,-1,0,1,2,88.88888889,3,1
51,3,3,0,3164,124,1323816,0,4,55.55555556,0,0
20,1,0,0,4,361,0,1,0,100.0,0,1
22,2,0,0,-1,110,442024,0,5,100.0,0,0
41,3,2,0,7189,116,490968,1,2,81.81818182,1,1
124,4,1,0,3993,24,5707171,1,0,100.0,0,1
30,2,0,0,269,96,0,1,2,100.0,0,0
60,2,0,0,6255,2510,688,0,6,64.28571429,0,0
75,1,0,0,2192,365,0,1,0,85.71428571,0,1
19,2,0,0,-1,0,1145762,0,3,92.30769231,0,0
123,5,1,1,4609,139,0,1,3,50.0,4,1
65,2,1,0,580,151,0,1,0,0.0,0,1
24,2,1,0,3987,395,834691,0,2,66.66666667,0,0
73,1,5,0,8121,1375,6950,0,6,62.85714286,0,0
16,1,0,0,4050,0,0,0,1,100.0,0,0
44,2,1,0,7480,1651,628,0,7,0.0,0,0
57,2,0,0,7615,134,2188,0,5,52.94117647,0,0
37,2,2,0,4544,204,976135,0,5,88.46153846,0,0
51,3,1,0,2072,119,1453088,1,4,0.0,0,1
103,2,1,0,1570,256,5697557,1,1,100.0,2,1
28,2,0,0,164,201,0,1,0,0.0,0,1
59,2,0,0,1834,358,0,1,0,100.0,0,1
33,1,1,0,1077,19,2739155,0,2,100.0,0,1
28,2,0,0,3252,1496,659809,0,4,100.0,0,0
64,4,1,0,10678,281,23,1,8,100.0,0,0
88,2,0,0,5442,37,8797,0,5,96.2962963,0,0
79,2,5,0,9120,376,4277015,0,5,27.27272727,0,0
35,1,2,0,1220,251,0,1,2,0.0,2,1
44,2,1,0,9226,1832,771,1,6,90.69767442,1,0
57,3,0,0,7069,236,77644,0,5,100.0,0,0
35,3,0,0,4827,287,0,0,1,71.42857143,0,0
32,2,0,0,-1,467,2773089,0,4,50.0,0,0
48,2,1,0,523,573,8721545,0,3,42.85714286,0,1
36,2,0,0,1015,80,0,1,0,100.0,1,1
66,1,2,0,1756,1897,0,0,2,66.66666667,0,0
114,5,1,1,4621,127,0,1,3,50.0,4,1
24,2,0,0,2705,217,211021,0,2,33.33333333,0,0
72,1,0,0,431,299,8509505,1,0,60.0,0,1
39,2,0,0,6076,1960,0,1,2,100.0,0,1
55,3,0,0,-1,0,0,1,0,0.0,0,1
28,2,0,0,8350,50,1312,0,6,78.26086957,0,0
79,3,1,0,2618,220,0,1,0,100.0,3,1
27,2,1,0,2307,250,0,1,0,0.0,0,1
51,2,6,0,5885,1420,183,0,6,90.0,0,0
63,2,6,0,7421,1344,286,0,7,0.0,0,0
35,3,1,0,7,358,0,1,0,0.0,1,1
27,2,0,0,3737,281,50580,0,5,60.0,0,0
31,2,1,0,2529,1122,0,0,2,100.0,0,0
36,2,0,0,7298,371,5498369,0,5,14.28571429,0,0
21,2,0,0,7501,190,408392,0,3,34.14634146,0,0
34,1,0,0,1400,61,0,1,0,62.5,0,1
24,2,0,0,5637,0,511701,0,5,0.0,0,0
62,4,0,0,5627,217,0,1,5,0.0,0,1
43,4,1,0,-1,0,0,1,0,0.0,0,1
46,2,1,0,3029,257,2349295,0,4,60.0,0,0
30,2,0,0,3303,350,2894528,0,2,75.0,0,0
21,2,0,0,2598,144,0,0,4,70.0,0,0
58,1,3,0,1857,335,0,1,0,100.0,4,1
40,3,1,0,2188,3,15984,1,5,100.0,0,1
20,2,0,0,5351,128,8732354,0,3,60.0,0,0
63,2,0,1,2188,4,0,1,0,100.0,0,1
92,2,1,0,3828,555,0,1,2,100.0,0,1
29,2,0,0,-1,0,8061018,0,2,33.33333333,0,0
63,3,0,0,7156,151,2250,1,3,73.68421053,0,0
54,2,0,0,6340,600,291,1,5,100.0,0,0
61,2,1,0,7616,133,2190,0,5,50.0,0,0
66,3,1,1,91,274,0,1,3,100.0,1,1
33,2,0,0,37,0,0,1,0,0.0,0,1
90,3,0,0,-1,0,9273,0,5,50.0,0,0
41,2,0,0,-1,0,1009,0,7,95.23809524,0,0
33,2,0,0,-1,0,297716,1,3,70.0,0,0
77,3,0,0,6426,149,1886126,0,5,0.0,0,0
79,2,0,0,4377,0,0,1,1,0.0,0,1
96,2,1,0,244,122,0,1,0,100.0,3,1
49,2,2,0,7351,162,152882,0,3,85.29411765,0,0
106,3,1,0,8391,1717,0,0,3,0.0,0,0
73,2,1,0,1819,372,0,1,0,100.0,1,1
53,5,2,0,5616,228,0,1,5,0.0,0,1
30,2,0,0,7297,372,613996,0,5,0.0,0,0
50,4,1,0,-1,0,0,1,0,100.0,3,1
41,5,0,0,5568,0,104444,1,3,0.0,0,1
27,2,0,0,6112,98,157596,0,5,92.10526316,0,0
25,2,0,0,7106,563,0,0,3,100.0,0,0
86,2,1,0,-1,1090,0,1,0,0.0,2,1
48,3,0,0,6490,84,4053232,0,3,86.95652174,0,1
34,2,2,0,7299,370,0,0,5,0.0,0,0
26,2,0,0,6140,0,1177815,0,3,83.33333333,0,0
32,1,0,0,-1,0,31757,0,5,100.0,0,0
123,2,2,0,8019,381,0,1,4,0.0,0,1
59,3,1,0,6889,51,0,1,3,0.0,0,0
26,2,0,0,2651,271,386861,0,4,100.0,0,0
27,2,1,0,1844,348,6577026,1,0,85.18518519,0,1
18,2,0,0,-1,322,96708,0,3,90.47619048,0,0
63,1,0,0,-1,220,495795,0,5,100.0,0,0
109,2,8,0,4428,1780,1059659,0,4,88.23529412,1,0
51,2,0,0,2046,1606,0,0,2,0.0,0,1
102,3,6,0,12123,662,1006,0,7,100.0,0,0
52,2,0,0,4288,94,218205,1,5,100.0,0,0
69,3,0,0,7471,200,0,1,2,70.0,1,1
218,3,1,0,-1,24,0,1,0,50.0,4,1
34,2,0,0,8516,2808,8,0,10,22.22222222,0,0
39,2,0,0,6606,333,899,1,5,87.09677419,0,1
26,2,0,0,4161,221,405645,0,4,100.0,0,0
32,2,0,0,7906,3416,9378,0,6,94.73684211,0,0
28,2,0,0,-1,193,0,0,1,100.0,0,0
158,4,7,0,3157,860,0,1,1,100.0,2,1
58,2,0,0,-1,0,0,1,1,0.0,0,1
57,3,4,0,5911,297,86615,0,5,81.81818182,0,0
243,14,1,0,328,38,0,1,0,0.0,3,1
130,5,1,0,3992,25,5697976,1,0,100.0,0,1
23,1,1,0,5,360,0,1,0,100.0,0,1
43,1,0,0,7192,113,0,1,2,0.0,0,1
30,2,0,0,1967,225,7158525,0,2,100.0,0,0
41,3,1,0,284,82,0,1,0,10.73825503,0,1
24,2,0,0,10048,161,31916,0,5,72.0,0,0
41,2,0,0,1335,125,0,1,0,50.0,0,1
35,2,0,0,7299,370,0,0,5,0.0,0,0
40,3,0,0,3791,595,279260,1,3,0.0,1,1
43,2,0,0,1967,2416,4657,1,3,0.0,0,1
48,3,0,0,8145,620,12364,0,6,30.95238095,0,0
41,2,0,0,3340,313,0,1,2,0.0,0,1
31,2,0,0,134,231,0,1,0,0.0,0,1
32,2,0,0,5157,1051,0,1,8,0.0,0,1
54,2,1,0,7119,3473,32633,1,4,7.692307692000001,0,0
27,2,0,0,7421,0,728979,0,3,44.44444444,0,0
73,4,1,0,5160,1048,114,1,8,0.0,0,0
28,2,0,0,-1,335,28560,0,5,75.6097561,0,0
33,3,0,0,-1,175,143848,0,2,100.0,0,0
49,2,3,0,9396,100,6879,1,6,92.30769231,0,0
37,2,0,0,606,124,1172123,0,2,50.0,0,1
28,2,0,0,7092,578,0,0,4,28.57142857,0,0
91,2,1,0,3815,568,0,1,2,100.0,0,1
38,2,0,0,199,166,0,1,2,0.0,0,1
80,2,0,0,-1,-1,0,1,0,0.0,0,1
43,2,2,0,7298,371,1382862,0,5,31.25,0,0
50,2,1,0,3072,215,0,1,0,100.0,1,1
23,2,0,0,5731,0,10466422,0,3,90.90909091,0,0
49,1,1,0,4175,216,0,1,0,0.0,2,1
35,2,0,0,7027,643,15325,0,7,100.0,0,0
52,2,0,0,7130,905,12,0,7,100.0,0,0
60,1,2,0,2300,257,0,1,2,40.0,2,1
55,4,2,0,4565,184,7521365,1,4,83.33333333,0,1
111,2,1,0,2048,144,0,1,0,3.846153846,3,1
111,2,5,0,3346,306,23006,0,4,76.92307692,0,0
87,3,0,0,8407,723,9678243,1,1,0.0,0,1
27,2,0,0,4106,276,8362,0,5,63.63636364,0,0
25,1,0,0,396,335,0,1,0,0.0,0,1
54,2,1,0,2541,0,0,1,3,0.0,0,1
29,2,0,0,5231,247,0,0,7,95.65217391,0,0
27,2,0,0,3237,51,713698,0,2,17.64705882,0,0
86,4,0,0,-1,301,0,1,0,0.0,0,1
37,2,0,0,6217,357,337,0,6,0.0,0,0
57,1,1,0,2130,70,0,1,0,0.0,3,1
86,3,1,0,-1,0,0,1,2,100.0,3,1
50,3,0,0,3151,136,0,1,3,95.91836735,0,1
43,3,0,0,7157,149,2272,1,3,86.66666667,0,0
24,2,1,0,1976,216,1029187,0,2,100.0,0,0
72,1,3,0,6137,72,0,1,4,52.38095238,0,0
33,2,0,0,-1,928,784246,0,1,11.11111111,0,0
33,2,0,0,-1,341,0,1,2,0.0,0,1
40,3,0,0,1338,122,22211,1,6,100.0,0,1
30,2,0,0,2975,312,0,1,0,0.0,0,1
73,3,2,0,3228,60,0,1,2,0.0,4,1
47,2,2,0,9121,375,48,1,7,14.28571429,0,0
84,3,0,0,8143,282,704437,0,3,0.0,0,0
42,2,0,0,5939,634,670999,0,4,85.41666667,0,1
100,2,6,0,7615,134,2188,0,5,50.0,0,0
94,2,1,0,8217,182,213,0,8,88.46153846,0,0
59,3,1,0,-1,0,0,1,0,0.0,2,1
27,2,0,0,-1,0,0,1,1,80.0,0,0
27,2,0,0,5028,2642,9583,0,6,100.0,0,0
65,5,0,0,1804,23,0,1,0,100.0,1,1
33,1,1,0,-1,165,2087703,0,2,100.0,0,0
24,2,0,0,-2,129,167733,0,2,42.30769231,0,0
29,3,0,0,-1,732,3520923,0,1,100.0,0,0
24,2,0,0,3091,1658,0,0,0,83.33333333,0,0
103,1,1,0,2048,144,0,1,0,3.846153846,3,1
39,2,0,0,8517,2807,8,0,10,26.66666667,0,0
91,2,6,0,1546,280,9488655,1,1,0.0,0,0
43,2,0,0,7133,902,12,0,7,100.0,0,0
30,2,0,0,3066,2047,3617,0,7,87.5,0,0
45,2,0,0,7874,162,1457,0,5,42.10526316,0,0
22,1,0,0,-1,0,0,1,0,0.0,0,1
38,2,0,0,8431,2160,0,1,5,100.0,0,0
59,3,0,0,8919,214,332188,1,4,33.33333333,0,0
62,4,0,0,2335,222,0,1,2,0.0,2,1
61,1,3,0,9052,79,2790,0,7,50.0,1,0
37,2,0,0,6153,1164,0,1,3,0.0,0,1
62,1,0,0,4812,393,287489,0,2,73.33333333,0,0
31,2,0,0,9325,1266,1394,0,6,66.66666667,0,0
23,2,0,0,1059,36,629814,0,4,76.0,0,0
55,7,0,0,1,364,0,1,0,75.0,0,1
22,2,0,0,7542,374,543661,0,3,70.83333333,0,0
50,2,1,0,7839,197,606,0,6,31.25,0,0
29,1,0,0,1899,292,507771,1,1,94.91525424,2,1
31,2,0,0,111,253,2847770,0,0,100.0,0,1
64,4,0,0,-1,0,15992,0,4,0.0,0,0
41,2,0,0,7132,903,12,0,7,100.0,0,0
46,2,0,0,2824,827,0,1,0,23.52941176,0,1
65,2,0,0,603,127,0,1,2,0.0,0,1
61,3,3,0,6708,231,67890,0,5,20.93023256,0,0
78,2,0,0,4377,0,0,1,1,0.0,0,1
58,5,0,1,5627,217,0,1,5,0.0,0,1
39,2,2,0,-1,0,0,0,2,0.0,0,0
21,2,0,0,8854,0,330836,0,4,100.0,0,0
37,4,0,0,129,236,0,1,0,0.0,0,1
36,2,0,0,7419,616,0,1,3,0.0,0,1
53,1,2,0,5484,2186,1338,0,7,61.53846154,0,0
32,2,0,0,-1,83,461672,0,4,88.88888889,0,0
35,2,0,0,7298,371,0,1,5,50.0,0,1
164,2,1,0,1282,0,0,1,0,0.0,2,1
48,3,0,0,3,362,0,1,0,83.33333333,1,1
99,3,3,0,7455,3131,0,0,5,66.66666667,0,0
83,3,1,0,5119,724,41424,0,4,96.62921348,0,0
54,2,0,0,1731,96,2301844,1,2,0.0,0,1
32,2,0,0,5058,786,77435,0,4,75.0,0,1
32,2,0,0,2329,228,3474559,0,1,75.0,0,0
121,5,0,0,4004,14,5828815,1,0,100.0,0,1
54,3,0,0,-1,669,8902890,1,4,95.65217391,0,1
51,3,2,0,2791,131,9050107,1,0,100.0,2,1
43,2,0,0,6867,72,306936,1,4,94.11764706,0,1
32,1,0,0,3493,159,0,1,0,0.0,0,1
35,2,2,0,-1,0,77586,1,1,100.0,1,1
55,5,1,0,5616,228,0,1,5,0.0,3,1
53,2,0,0,6672,633,6923,1,5,64.70588235,0,0
57,2,0,0,7133,901,12,0,7,100.0,0,0
32,2,0,0,5092,2944,969082,0,4,28.94736842,0,0
96,2,1,0,4609,139,0,1,3,50.0,4,1
486,10,13,0,-2,341,0,1,0,100.0,0,1
78,5,1,1,342,23,0,1,0,0.0,0,1
89,1,5,0,2041,150,493547,1,3,64.28571429,0,0
37,2,0,0,4108,275,0,0,2,6.666666667,0,0
59,2,0,0,7615,133,2188,0,5,50.0,0,0
71,2,3,0,7199,129,1778,0,5,100.0,0,0
54,3,0,0,9293,205,148445,0,5,79.31034483,0,0
59,4,0,0,12648,0,4424,0,5,0.0,0,0
51,3,2,0,5910,298,86615,0,5,81.81818182,0,0
76,2,1,0,175,190,0,1,0,100.0,4,1
61,2,0,0,12210,209,50,0,8,100.0,0,0
29,2,0,0,7246,1884,1115708,0,4,60.0,0,0
71,2,3,0,7617,131,2187,0,5,52.94117647,0,0
45,1,1,0,1726,101,167115,1,4,100.0,0,1
104,2,10,0,8434,696,3790,0,6,86.66666667,0,0
38,2,0,0,8965,1261,70,1,8,0.0,0,0
51,2,1,0,4,361,0,1,0,88.23529412,0,1
85,2,1,0,8215,185,216,0,8,88.46153846,0,0
34,2,0,0,6512,427,0,0,2,52.38095238,0,0
52,4,1,1,560,170,0,1,2,100.0,0,1
76,2,4,0,9504,357,2040,0,6,100.0,0,0
35,3,0,0,7975,0,326461,1,5,100.0,0,0
41,2,0,0,4041,0,0,1,0,0.0,1,1
31,2,2,0,4567,181,1077782,0,3,75.0,0,0
110,2,13,0,5339,140,11068,0,6,32.69230769,0,0
75,4,2,0,5160,1048,115,1,8,0.0,0,0
33,2,0,0,7296,373,875896,0,5,0.0,0,0
69,2,2,0,1884,307,0,1,0,12.5,2,1
32,2,1,0,7298,371,0,0,5,36.36363636,0,0
42,3,2,0,-1,0,4248,0,5,68.75,0,0
46,2,0,0,5160,1048,0,0,8,100.0,0,0
52,3,0,0,5290,189,1547,1,5,100.0,0,0
40,3,0,0,2241,315,0,1,3,100.0,1,1
60,3,0,0,-1,1802,837228,1,0,21.73913043,0,1
20,1,0,0,-1,0,1083622,1,7,0.0,0,1
40,2,1,0,86,279,0,1,0,0.0,0,1
44,2,0,0,2724,198,0,1,0,0.0,0,1
27,2,0,0,5958,250,0,0,2,0.0,0,0
44,1,0,0,261,104,8774851,1,0,60.0,0,1
42,2,1,0,7296,373,603548,0,5,22.22222222,0,0
49,3,1,0,8157,608,2390594,1,4,100.0,1,1
39,1,0,0,-1,230,0,1,0,0.0,0,1
19,2,0,0,1733,94,0,1,0,100.0,0,1
64,5,1,0,-1,96,0,1,1,100.0,0,1
52,2,2,0,6298,642,5126,0,6,0.0,0,0
42,3,2,0,657,74,0,1,0,0.0,0,1
22,2,0,0,3122,166,1237904,0,5,88.88888889,0,0
52,2,0,0,6681,259,12866,0,5,87.5,0,0
59,2,4,0,5511,333,1300,0,7,100.0,0,0
51,2,2,0,2155,36,0,0,0,0.0,0,1
61,2,2,0,6977,327,1264128,0,4,66.66666667,0,0
51,2,1,0,3747,1732,0,0,2,0.0,2,1
49,1,0,0,-1,0,4956499,1,2,100.0,0,0
102,2,1,0,3632,21,0,1,0,0.0,3,1
41,3,0,0,1337,123,20989,1,6,100.0,0,1
103,3,11,0,8759,51,5347,1,5,84.84848485,0,0
93,3,1,0,62,303,0,1,0,50.0,0,1
26,1,0,0,-1,0,1782754,1,1,88.88888889,1,0
59,2,1,0,2249,307,0,1,0,100.0,2,1
36,1,0,0,1276,184,0,1,1,95.23809524,0,1
51,2,0,0,7131,904,12,0,7,100.0,0,0
47,3,0,0,-1,0,0,1,2,41.66666667,0,1
62,2,0,0,3910,108,0,1,0,4.87804878,1,1
28,2,1,0,4502,245,73540,0,3,62.5,0,0
48,1,0,0,5057,786,106451,0,5,0.0,0,0
63,2,1,0,7618,130,2192,0,5,50.0,0,0
36,2,0,0,8520,2804,8,0,10,12.5,0,0
77,2,3,0,5224,984,136,0,8,58.82352941,0,0
51,1,0,0,2120,437,0,1,0,0.0,0,1
17,2,0,0,5273,205,244512,0,3,85.18518519,0,0
84,3,7,0,2079,842,3621446,0,4,0.0,0,0
33,2,0,0,2479,78,707722,0,2,100.0,0,0
122,3,2,0,7836,200,13186,0,5,100.0,0,0
60,1,1,0,-1,0,6104856,1,1,0.0,3,1
38,3,0,0,6255,319,1416696,1,0,81.81818182,1,1
26,2,0,0,2308,249,512629,0,2,63.63636364,0,0
34,2,0,0,142,222,0,1,0,0.0,0,1
43,3,1,0,7715,335,0,1,2,100.0,0,1
203,4,0,0,8347,2975,1,0,10,0.0,1,1
30,2,0,0,-1,0,378774,0,3,100.0,0,0
69,4,0,0,4924,190,321794,0,4,75.0,0,0
44,2,3,0,5908,1030,14227,0,5,93.75,0,0
64,3,4,0,4027,355,0,0,3,89.47368421,0,0
32,2,0,0,5701,872,763318,0,3,40.0,0,0
32,2,0,0,-1,335,0,1,0,40.0,0,1
68,4,1,0,1015,80,1196152,0,2,0.0,1,1
49,2,0,0,2573,1078,0,1,0,100.0,0,1
25,1,1,0,537,194,0,1,0,92.30769231,0,1
552,3,16,0,7154,881,0,1,3,9.090909091,0,1
29,2,0,0,1535,290,1758310,0,4,55.55555556,0,0
82,1,7,0,4949,164,6019,0,7,79.16666667,0,0
91,5,0,1,899,562,0,1,0,0.0,0,1
23,2,0,0,3916,101,2819002,0,1,85.71428571,0,0
28,2,0,0,8934,0,8858690,1,2,0.0,0,0
26,2,0,0,7685,386,1096263,0,3,0.0,0,0
32,2,0,0,112,252,2851324,0,0,100.0,0,1
49,2,2,0,8941,192,33,1,7,100.0,0,0
129,5,1,0,3509,144,6974,0,2,0.0,0,1
54,1,3,0,3017,270,0,1,4,0.0,0,0
49,3,0,0,187,179,0,1,0,0.0,0,1
27,2,0,0,3419,248,2320287,0,2,20.83333333,0,0
20,1,0,0,-1,0,600126,0,3,66.66666667,0,0
15,1,0,0,7650,0,665238,0,4,57.14285714,0,0
30,2,0,0,-1,0,531106,0,4,100.0,0,0
113,3,0,0,7603,797,14674,1,5,100.0,1,0
21,1,0,0,-1,0,0,1,0,100.0,0,1
23,2,0,0,9173,1053,3535732,0,5,100.0,0,0
23,2,0,0,2695,226,4046162,0,4,100.0,0,0
83,1,11,0,4160,222,240533,0,5,20.0,0,0
46,2,0,0,7131,904,12,0,7,100.0,0,0
48,2,0,0,8708,1883,3629,0,5,100.0,0,0
75,4,0,0,12203,890,22046,0,5,0.0,0,0
31,2,2,0,8422,1803,471755,0,3,95.83333333,0,0
78,4,2,0,5626,218,0,1,5,0.0,0,1
50,2,2,0,3639,13,0,1,0,100.0,0,1
32,3,0,0,-1,0,9627807,0,4,80.0,0,0
33,2,0,0,4537,1818,1099626,0,3,100.0,0,0
43,3,0,0,4973,141,460221,1,4,100.0,0,0
37,2,0,0,3052,3157,538542,0,4,93.75,0,0
31,2,0,0,3596,1151,244386,0,4,80.0,1,0
24,2,0,0,3469,184,207870,0,4,94.44444444,0,0
25,2,0,0,2652,635,0,0,1,23.33333333,0,0
26,2,0,0,4489,258,0,0,3,90.90909091,1,1
68,2,6,0,7611,1154,3706,0,7,94.11764706,0,0
35,2,1,0,7233,72,461551,1,4,28.57142857,0,0
23,1,0,0,-1,0,0,0,0,0.0,0,0
39,3,0,0,1338,122,22211,0,6,100.0,0,1
28,2,0,0,9803,2249,73,1,8,90.47619048,0,0
56,3,0,0,9239,259,13076,1,5,0.0,0,0
28,2,0,0,5093,21,0,0,3,87.5,0,0
74,3,1,0,7100,205,3866,1,6,100.0,1,1
66,1,0,0,4757,5,0,1,0,0.0,1,1
71,2,1,0,778,318,0,1,0,42.85714286,3,1
77,4,1,0,5160,1048,115,1,8,0.0,0,0
24,2,0,0,6240,2160,0,0,3,0.0,0,0
57,2,0,0,-1,0,0,1,0,75.0,0,1
38,2,1,0,1080,381,136428,1,0,0.0,0,1
84,3,0,0,8872,2450,1883895,1,4,0.0,0,0
243,5,5,0,1658,0,0,1,2,100.0,2,1
43,3,0,0,7159,147,2336,1,3,86.66666667,0,0
31,2,0,0,2925,361,9400344,0,4,60.0,0,0
49,3,1,0,3339,1409,7115751,1,2,0.0,1,1
42,2,1,0,-1,135,0,1,0,100.0,1,1
79,2,0,0,5783,61,50436,1,4,0.0,0,1
25,2,0,0,2756,165,2112856,0,3,50.0,0,0
123,5,0,0,4003,15,5816617,1,0,100.0,0,1
51,3,2,0,3229,59,0,1,0,0.0,0,1
73,3,1,1,2783,139,0,1,0,75.0,1,1
41,2,0,0,-1,1305,226699,0,3,96.42857143,0,0
56,1,5,0,-1,0,0,1,0,100.0,2,1
53,3,2,0,-1,50,13812,0,5,33.33333333,0,0
19,1,1,0,8,357,0,1,0,91.66666667,0,1
106,4,3,0,-1,146,0,1,0,0.0,1,1
34,4,1,0,-1,0,0,1,0,100.0,1,1
52,4,0,1,1087,8,0,1,0,0.0,0,1
72,2,0,0,4376,0,0,1,1,0.0,0,1
34,2,0,0,6220,355,113965,0,4,75.0,0,0
74,2,1,0,2539,383,2025445,1,3,75.0,3,1
58,4,0,0,1527,298,3830391,0,1,82.60869565,2,1
99,1,0,0,227,138,0,1,0,100.0,0,1
68,3,3,0,5193,286,0,1,0,16.66666667,0,1
77,2,4,0,3952,66,2586888,0,3,57.14285714,0,0
77,3,0,0,7840,1290,3993,1,5,0.0,0,0
105,3,1,1,284,447,0,1,0,87.5,3,1
47,2,0,0,6668,636,6843,0,5,64.70588235,0,0
40,2,0,0,8683,82,0,1,0,0.0,0,1
54,2,0,0,-1,1133,318914,1,2,0.0,0,1
25,2,1,0,1038,58,3186834,0,1,81.25,0,0
178,4,8,0,2777,144,0,1,0,60.0,0,1
35,2,0,0,3044,242,247225,1,2,33.33333333,0,1
43,2,0,0,7621,50,56198,0,6,72.0,0,1
59,2,2,0,8465,1397,326140,1,4,50.0,0,0
59,1,0,0,3763,254,0,1,1,0.0,1,1
17,1,0,0,-1,896,0,0,0,100.0,0,1
40,2,0,0,5159,1049,0,0,8,0.0,0,0
24,2,0,0,2910,12,142338,0,4,68.75,0,0
60,2,2,0,7957,1173,0,1,2,0.0,0,0
68,3,2,0,-1,0,0,1,2,0.0,3,1
51,3,2,0,8973,1913,10626,1,5,88.88888889,0,0
52,4,0,0,5627,216,0,1,5,0.0,0,1
52,2,0,0,7132,903,12,0,7,100.0,0,0
69,2,0,0,7837,1294,4114,0,5,0.0,0,0
39,2,0,0,6260,2505,684,0,6,61.53846154,0,0
41,3,0,0,8466,665,16226,0,5,89.18918919,0,0
34,2,0,0,8768,1092,180067,0,5,60.0,0,0
68,2,0,0,7133,902,12,0,7,100.0,0,0
40,2,1,0,3262,26,383748,1,4,0.0,0,1
33,1,3,0,0,364,0,1,0,0.0,0,1
48,2,1,0,8645,119,11963,1,5,94.28571429,0,0
210,2,0,0,3750,268,0,1,2,50.0,2,1
66,3,1,0,2074,118,4484551,1,2,0.0,3,1
61,3,0,0,4110,273,6595652,0,3,100.0,0,0
58,3,3,0,8455,309,413,0,7,94.11764706,0,0
31,2,0,0,3179,1203,131196,0,5,41.66666667,0,0
51,2,1,0,6070,140,14420,0,5,26.92307692,0,0
45,3,0,0,5454,2947,1885,0,5,100.0,0,0
117,2,8,0,4057,325,98,0,5,11.11111111,0,0
25,2,0,0,2484,72,1283116,0,2,0.0,0,0
61,3,0,0,-1,0,8844492,1,2,90.0,0,1
49,4,1,1,-1,550,0,1,2,0.0,1,1
69,3,3,0,7919,116,5638,1,6,86.95652174,0,0
64,2,0,0,-1,124,0,1,0,0.0,0,1
34,2,0,0,-1,983,3481179,0,3,63.33333333,0,0
28,2,0,0,8571,1291,98707,0,5,88.88888889,0,0
61,3,3,0,4378,369,73732,0,4,87.5,0,0
35,2,0,0,-1,2648,0,1,0,100.0,0,1
23,2,0,0,4307,1170,84997,0,3,78.57142857,0,0
26,2,0,0,7380,290,0,0,4,50.0,0,0
65,5,0,1,5627,217,3532926,1,5,0.0,0,1
28,2,0,0,5078,36,2617136,0,4,60.0,0,0
37,2,1,0,1771,55,0,1,0,100.0,0,1
21,1,0,0,-1,176,8876061,1,3,0.0,0,1
34,1,0,0,1369,91,0,1,0,100.0,0,1
30,2,0,0,1527,299,775330,0,2,100.0,0,0
78,3,0,0,2105,1547,0,1,0,71.42857143,1,1
30,2,1,0,7062,242,1760637,1,1,81.81818182,0,1
58,3,1,0,7726,309,7010277,1,2,0.0,0,1
49,2,2,0,7836,200,600,0,6,31.25,0,0
64,3,0,0,9806,0,66583,0,5,0.0,0,0
61,3,1,0,3671,527,0,1,2,55.55555556,1,1
22,2,0,0,6111,96,0,0,2,90.90909091,0,0
27,1,0,0,5090,753,0,1,0,0.0,0,1
19,1,0,0,-1,0,407033,0,3,100.0,0,0
52,2,0,0,2390,167,1634,0,6,81.81818182,0,0
69,3,3,0,8778,2908,372124,0,5,77.77777778,0,0
41,2,2,0,7133,902,12,0,7,100.0,0,0
60,3,0,0,3358,1755,2330327,0,5,11.11111111,0,0
43,2,0,0,19,345,0,0,0,62.5,0,1
33,2,0,0,1918,273,5268681,0,3,50.0,0,0
43,2,0,0,5640,204,2,0,10,72.22222222,1,0
24,1,0,0,-1,169,138139,1,5,100.0,0,1
43,2,0,0,8516,2808,8,0,10,23.52941176,0,0
112,12,0,0,1837,355,0,1,0,100.0,0,1
26,2,0,0,1731,95,532418,0,4,50.0,1,0
49,1,1,0,4629,119,0,1,2,0.0,3,1
44,2,1,0,3778,3161,6315,0,7,0.0,1,0
62,2,3,0,2238,1415,289244,0,4,78.57142857,0,0
84,3,1,0,6416,158,187558,1,4,83.33333333,0,0
70,3,0,0,7379,291,893829,0,4,0.0,0,0
17,1,0,0,5819,0,10594355,0,3,66.66666667,0,0
35,3,0,0,5178,1031,0,0,3,37.5,0,0
75,3,0,0,-1,0,2634,1,7,66.66666667,0,0
43,2,0,0,6256,2509,689,0,6,61.53846154,0,0
24,2,0,0,-1,0,428294,0,3,77.27272727,0,0
230,3,1,0,-1,63,0,1,0,100.0,5,1
94,2,1,1,5838,6,8227812,1,2,100.0,3,1
23,2,0,0,5763,0,2374842,0,3,100.0,0,0
23,2,0,0,2475,82,3234267,0,3,90.625,0,0
40,2,0,0,-12,378,0,1,0,20.0,1,1
61,2,1,0,216,150,0,1,0,100.0,2,1
73,4,0,0,7802,516,0,1,5,0.0,0,1
76,5,0,0,359,7,0,1,1,0.0,1,1
127,3,4,0,7087,948,18105,1,3,0.0,0,1
23,2,1,0,-1,0,5473793,0,2,0.0,0,0
51,2,2,0,1448,13,485297,1,2,25.0,0,1
53,2,0,0,3709,309,106159,0,2,100.0,0,0
63,2,3,0,-1,573,6734931,0,1,60.0,3,1
57,2,4,0,3192,96,180227,0,3,80.0,0,0
55,2,4,0,-1,635,283306,0,4,33.33333333,0,0
33,3,0,0,4911,203,0,0,4,35.71428571,0,0
25,2,0,0,3837,180,0,0,3,86.36363636,0,0
142,5,0,0,5613,231,0,1,5,33.33333333,0,1
58,3,0,0,12561,0,13684,0,6,100.0,0,0
39,2,0,0,1950,242,341948,1,1,0.0,1,1
28,3,0,0,7063,241,767936,1,2,81.81818182,1,1
46,3,0,0,9803,2249,72,0,8,92.30769231,0,0
79,4,1,0,10676,282,23,1,8,100.0,0,0
25,2,1,0,5380,98,415941,0,4,91.66666667,0,0
46,3,2,0,-1,3140,0,1,2,100.0,0,1
85,3,0,0,4258,125,0,1,1,0.0,2,1
44,2,1,0,333,33,0,1,0,0.0,0,1
32,2,0,0,-1,0,49987,0,3,67.85714286,0,0
50,2,1,0,6656,649,90283,0,5,81.25,0,0
126,4,1,0,3993,25,0,1,0,100.0,0,1
129,2,4,0,-2,100,0,1,0,0.0,1,1
49,3,0,0,2613,308,6251197,1,0,0.0,1,1
26,2,0,0,4005,13,294088,0,2,81.81818182,0,0
55,4,2,0,2179,12,0,1,0,66.66666667,0,1
59,2,3,0,7986,2690,13887,0,6,33.33333333,0,0
65,2,2,0,4761,717,5067,0,7,42.85714286,0,0
25,2,0,0,6290,0,460823,0,3,100.0,0,0
47,3,0,0,7452,218,968408,0,3,100.0,0,0
71,3,0,0,5044,69,380,0,5,66.66666667,0,0
75,3,0,0,5516,327,798,0,3,100.0,0,1
48,2,0,0,-1,651,0,1,0,0.0,0,1
47,1,1,0,3208,93,0,1,0,50.0,3,1
47,2,0,0,5090,388,55262,0,5,100.0,0,0
65,2,5,0,8881,616,12978,0,6,100.0,0,0
50,2,0,0,829,632,0,1,0,18.18181818,0,1
21,2,0,0,-1,537,435701,0,2,100.0,0,0
153,5,2,0,5613,231,9298906,1,5,33.33333333,0,1
21,2,0,0,4574,174,2552376,0,3,96.42857143,0,0
49,2,0,0,643,88,0,1,0,100.0,1,1
62,3,3,0,8904,3515,1499,0,7,6.666666667,0,0
35,2,0,0,2420,137,0,1,0,0.0,0,1
41,3,0,0,4634,480,8237707,1,0,0.0,1,1
18,1,0,0,958,138,1379977,1,0,74.19354839,1,1
26,1,0,0,2555,2,0,1,0,25.0,0,1
34,3,0,0,2886,35,0,1,0,0.0,0,1
97,5,0,0,2920,2,0,1,1,33.33333333,1,1
46,3,2,0,5942,266,3524124,0,0,0.0,0,1
59,3,0,0,7083,952,17964,1,3,0.0,0,1
53,2,0,0,6669,636,6844,1,5,64.70588235,0,0
45,2,1,0,9205,293,690,0,6,90.47619048,0,0
61,3,3,0,4300,83,846519,1,5,29.41176471,0,0
23,3,0,0,-1,216,2470539,0,3,11.41304348,0,0
48,1,0,0,2521,35,632751,1,7,0.0,0,1
48,2,0,0,1822,0,1917321,1,2,85.18518519,1,1
36,2,0,0,171,194,6322841,0,0,80.0,0,1
47,2,3,0,6382,0,0,1,3,0.0,0,1
49,2,2,0,6171,403,117262,1,5,1.941747573,0,0
34,2,0,0,1479,347,0,1,1,0.0,0,1
41,2,0,0,385,19,0,1,0,100.0,0,1
48,2,0,0,6073,137,14284,0,5,31.03448276,0,0
26,3,0,0,-1,740,1187803,0,3,100.0,0,0
22,2,0,0,-1,0,2070017,0,3,66.66666667,0,0
72,4,0,0,12873,0,4114,1,6,100.0,0,0
22,2,0,0,8453,3234,3749732,0,2,96.77419355,0,0
91,2,8,0,3955,1523,3213,0,4,75.0,0,0
93,3,0,0,3596,57,286175,0,4,100.0,0,0
97,3,0,0,-1,0,0,1,0,100.0,0,1
41,3,0,0,-1,35,0,1,0,0.0,0,1
21,3,0,0,-1,0,2657084,0,2,50.0,0,0
67,1,0,0,4757,5,0,1,0,0.0,1,1
24,1,0,0,-1,0,10656,1,6,75.0,0,1
56,3,1,0,-1,0,0,1,0,60.0,0,1
18,1,0,0,-1,0,4139578,0,2,90.90909091,0,0
47,2,1,0,9202,296,684,0,6,90.47619048,0,0
44,2,0,0,6260,2505,683,0,6,61.53846154,0,0
25,2,0,0,-1,148,14483,0,4,87.80487805,1,0
58,5,0,0,12121,0,20493,0,6,0.0,0,0
267,14,0,1,2658,3185,0,1,4,0.0,0,1
32,2,0,0,6389,185,0,0,3,86.66666667,0,0
85,5,0,0,3729,289,0,1,2,100.0,2,1
61,2,0,0,9156,340,65,1,8,33.33333333,1,1
46,2,0,0,7132,903,12,0,7,100.0,0,0
66,2,2,0,1266,195,0,1,0,88.88888889,3,1
81,5,0,1,5627,217,0,1,5,0.0,0,1
40,2,0,0,6259,2506,682,0,6,61.53846154,0,0
69,3,0,0,3317,336,0,1,2,0.0,1,1
32,3,1,0,284,82,0,1,0,10.73825503,0,1
102,1,3,0,971,854,4716690,1,3,100.0,1,1
30,2,0,0,3465,188,1022937,0,3,91.66666667,0,0
29,2,0,0,-1,-1,34164,0,5,50.0,0,0
38,2,0,0,5529,314,5776915,1,3,27.5862069,1,1
346,2,6,0,296,70,0,1,0,0.0,1,1
26,2,0,0,3377,275,599013,1,3,0.0,0,1
19,1,1,0,10,354,0,1,0,0.0,0,1
47,4,0,0,5627,217,0,1,5,0.0,0,1
110,1,2,0,3053,233,0,1,2,87.5,4,1
48,2,1,0,177,189,0,1,0,0.0,2,1
50,3,0,0,3151,137,0,1,3,95.91836735,0,1
37,3,0,0,-1,820,3286659,0,0,100.0,0,0
25,2,0,0,2134,58,909720,0,3,57.14285714,0,0
46,3,0,0,-1,0,2488533,1,2,85.0,0,1
43,2,0,0,7134,900,12,0,7,100.0,0,0
39,2,1,0,6996,308,1063779,1,1,81.81818182,0,1
27,2,0,0,7325,345,87260,0,3,7.142857143,0,0
46,1,1,0,6326,614,644,0,10,42.85714286,1,0
30,1,0,0,2388,0,0,1,0,0.0,0,1
28,2,0,0,1523,302,3075756,0,1,75.0,0,0
58,3,0,0,2668,253,0,1,0,100.0,3,1
40,2,0,0,9204,294,688,0,6,90.47619048,0,0
48,4,1,0,7,358,0,1,0,0.0,1,1
31,1,0,0,-1,0,0,1,1,25.0,0,1
40,2,1,0,-1,0,77586,1,1,0.0,1,1
24,2,0,0,1079,1478,122264,0,4,0.0,0,0
84,3,0,0,5201,1374,62156,1,3,72.72727273,0,0
26,1,0,0,384,346,0,0,0,75.0,0,1
54,2,3,0,9283,60,124,0,7,77.77777778,0,0
30,2,0,0,-1,1395,0,0,4,0.0,0,0
58,1,4,0,5154,324,1499,0,5,16.66666667,0,0
25,2,0,0,5010,103,0,1,1,0.0,0,1
47,2,0,0,5751,93,3753,0,5,4.0,0,0
54,2,0,0,2388,168,1625,0,6,72.72727273,0,0
87,5,0,0,1301,160,0,1,0,97.22222222,0,1
50,2,1,0,5701,2333,109494,0,5,83.33333333,0,0
34,2,0,0,3737,281,805233,0,4,90.0,0,0
35,2,0,0,5159,1049,0,1,8,0.0,0,1
72,3,1,0,7693,342,54756,0,5,100.0,0,0
65,3,0,0,2719,933,296455,1,1,0.0,0,1
113,2,1,0,8346,2976,1,1,10,33.33333333,1,1
33,2,0,0,8052,348,3775557,0,4,83.33333333,0,0
86,2,0,0,3101,186,0,1,4,28.57142857,2,1
68,2,3,0,6126,-1,14444,0,4,18.18181818,0,0
79,2,1,0,3259,28,0,1,2,100.0,0,1
37,3,0,0,-1,1692,0,0,0,66.66666667,0,0
20,3,0,0,-1,0,0,1,0,100.0,0,1
31,2,0,0,3533,120,0,0,4,54.83870968,0,0
32,2,0,0,6674,631,1789478,0,4,75.0,0,0
73,7,2,0,5616,228,5528499,1,5,0.0,1,1
36,3,0,0,-1,59,1961966,0,3,57.14285714,0,0
49,3,0,0,2292,265,134706,0,4,0.0,0,1
27,2,0,0,1812,15,0,0,3,92.85714286,0,0
29,2,0,0,-1,991,7339056,0,4,18.18181818,0,0
45,2,0,0,-1,3234,36388,1,5,0.0,0,0
44,2,0,0,9205,293,690,0,6,90.47619048,0,0
45,2,0,0,5569,3562,0,1,0,75.0,0,1
58,1,4,0,3715,667,198408,1,4,97.22222222,1,0
102,3,9,0,8759,734,945,0,8,95.45454545,0,0
61,3,0,0,5378,100,0,1,2,88.88888889,0,0
30,1,2,0,1,363,0,1,0,0.0,0,1
21,1,0,0,-1,604,211436,0,5,72.72727273,0,0
90,3,6,0,2625,296,346466,1,3,94.44444444,0,0
188,4,9,0,2362,194,173942,1,1,0.0,0,1
66,3,0,0,6136,804,39984,0,4,93.10344828,0,0
36,2,0,0,8969,1257,70,0,8,0.0,0,0
48,3,0,0,7528,873,0,1,0,100.0,4,1
48,4,0,0,6036,174,5034121,1,4,0.0,0,1
142,5,0,0,5616,228,0,1,5,33.33333333,0,1
32,2,0,0,6828,111,0,0,1,94.59459459,0,0
34,1,0,0,1433,1123,0,1,0,0.0,0,1
28,2,0,0,804,291,0,1,2,100.0,0,1
95,3,1,0,1797,395,0,1,0,100.0,2,1
46,2,0,0,6070,140,14420,0,5,25.92592593,0,0
66,4,0,0,5616,228,0,1,5,0.0,0,1
122,2,3,0,8019,381,0,1,4,0.0,0,1
43,2,1,0,9109,22,57349,0,6,85.0,0,0
18,2,0,0,8710,283,106251,0,5,57.14285714,0,0
124,4,1,1,4609,139,0,1,3,50.0,4,1
95,2,7,0,-1,0,7974,1,6,90.90909091,0,0
55,2,2,0,2986,0,0,1,0,0.0,0,1
26,1,0,0,672,59,1173510,1,3,0.0,0,1
54,2,1,0,7814,951,2521,0,6,83.33333333,0,0
34,2,1,0,1602,224,0,0,0,97.61904762,0,1
38,2,0,0,3220,67,0,0,3,75.0,0,0
38,3,0,0,1901,290,0,1,0,0.0,1,1
47,3,0,0,2535,387,3245304,1,4,0.0,0,1
61,2,0,0,12210,210,50,0,8,100.0,0,0
59,4,1,0,3936,1176,891715,1,3,78.57142857,0,1
66,5,2,0,5616,228,0,1,5,0.0,1,1
55,4,1,0,76,288,0,1,0,0.0,0,1
127,2,15,0,7764,272,32,0,5,67.85714286,0,0
37,2,0,0,2286,0,0,0,1,75.0,0,0
58,5,0,0,5616,228,0,1,5,0.0,0,1
51,3,0,0,7083,952,17964,1,3,0.0,0,1
18,1,0,0,-1,0,1276401,0,3,66.66666667,0,0
21,2,0,0,8458,1037,595432,0,5,59.375,0,0
37,2,0,0,1950,241,341948,1,1,0.0,2,1
83,3,1,0,3340,678,0,1,0,100.0,5,1
17,1,0,0,-1,0,170804,0,2,50.0,0,0
204,2,6,0,7968,3354,892,0,7,40.0,0,1
27,2,1,0,563,167,0,0,2,100.0,0,1
44,2,0,0,3378,274,3100263,1,4,0.0,0,1
25,2,0,0,8884,0,0,1,2,0.0,0,1
68,1,3,0,3327,1056,12214,0,4,100.0,0,0
116,2,13,0,7767,269,33,1,5,66.66666667,0,0
29,2,0,0,7296,373,0,0,5,46.66666667,0,0
30,2,0,0,4913,201,0,0,3,28.57142857,0,0
35,2,0,0,7299,370,3199234,0,5,20.0,0,0
42,1,4,0,-1,0,0,1,0,100.0,0,1
44,3,0,0,5987,38,202433,1,3,60.0,0,0
23,2,0,0,2545,12,0,0,2,75.0,0,0
85,2,7,0,9285,59,121,0,7,85.29411765,0,0
93,2,0,0,2192,365,0,1,0,75.0,0,1
45,3,0,0,3379,274,0,0,0,0.0,0,1
16,1,0,0,3198,89,3342642,0,3,33.33333333,0,0
34,2,1,0,-2,169,0,1,1,17.64705882,0,0
48,4,0,0,962,2690,272827,1,1,0.0,0,1
45,1,0,0,5948,260,98000,1,6,90.0,0,0
55,2,1,0,7120,3471,33254,1,4,7.692307692000001,0,0
302,5,1,0,7086,948,18263,1,3,0.0,0,1
44,2,2,0,1374,87,4026793,1,2,100.0,2,1
25,2,1,0,2485,72,268961,0,2,86.66666667,0,0
32,2,1,0,4,361,0,1,0,88.23529412,0,1
56,5,2,0,5612,232,0,1,5,0.0,0,1
37,2,0,0,6591,348,309164,0,4,55.55555556,0,0
28,2,0,0,1179,282,1168950,0,3,12.5,0,0
52,1,0,0,3270,18,0,1,0,33.33333333,1,1
115,3,1,0,2047,144,0,1,0,85.71428571,3,1
75,2,5,0,9133,1459,2439,0,7,0.0,0,0
49,2,0,0,6163,1507,92602,1,5,85.71428571,0,0
45,2,3,0,5886,1418,184,0,6,72.72727273,0,0
85,2,2,0,3277,1106,8137075,1,2,100.0,0,1
33,1,1,0,6753,3109,2305,1,8,100.0,0,1
36,2,0,0,-1,468,0,1,3,60.0,0,1
21,2,0,0,686,45,0,1,0,100.0,0,1
61,5,3,0,5627,217,0,1,5,0.0,1,1
96,2,1,0,8347,2975,1,1,10,66.66666667,0,1
167,3,1,0,7087,948,18105,1,3,0.0,0,1
76,1,5,0,-1,69,0,0,5,21.875,0,0
57,2,0,0,1082,14,0,1,2,0.0,0,1
19,1,0,0,1856,336,0,0,0,0.0,0,0
125,2,1,0,322,43,126941,1,0,0.0,4,1
66,2,3,0,647,84,1530583,1,1,16.66666667,0,1
52,2,3,0,6382,0,0,1,3,0.0,0,1
29,2,0,0,1986,206,8007474,0,2,88.23529412,0,0
34,2,0,0,7296,373,0,0,5,0.0,0,0
38,2,0,0,7164,141,173889,0,2,83.33333333,0,0
30,2,0,0,-1,1399,1564669,0,3,33.33333333,0,0
62,2,1,0,7445,590,0,0,8,68.88888889,0,0
26,2,0,0,2634,2479,5403,0,2,0.0,0,1
938,3,0,0,16,0,0,1,0,100.0,0,1
83,4,1,0,5659,184,889,1,6,22.22222222,0,1
39,3,1,0,-1,374,0,1,3,0.0,0,1
112,2,8,0,5668,540,76725,0,5,3.846153846,0,0
43,3,0,0,8246,154,16925,1,4,66.66666667,0,0
52,5,2,0,5627,217,0,1,5,0.0,0,1
29,2,0,0,323,43,0,1,0,0.0,0,1
71,2,0,0,1834,358,0,1,0,100.0,0,1
60,2,1,0,8145,255,89705,0,5,57.89473684,0,0
59,2,0,0,7605,1161,15306,0,5,96.0,0,0
121,3,1,0,-1,71,0,1,0,100.0,1,1
27,2,0,0,-1,0,138069,0,5,100.0,0,0
41,2,1,0,3251,37,421761,1,4,6.25,0,1
38,2,0,0,869,956,0,0,0,100.0,0,1
129,2,2,0,1109,352,0,1,0,3.846153846,2,1
37,3,0,0,4521,226,7668130,1,2,0.0,0,1
79,4,0,0,12377,0,20423,0,5,0.0,0,0
58,4,1,0,5616,228,0,1,5,0.0,0,1
47,1,1,0,2521,35,632751,1,7,0.0,0,1
52,3,0,0,7304,366,148,0,5,100.0,0,0
48,2,1,0,3891,127,0,0,10,14.28571429,0,0
55,2,3,0,615,115,13523,1,2,100.0,1,1
55,2,3,0,7506,895,65678,0,5,100.0,0,0
33,1,0,0,-1,1000,0,1,0,0.0,0,1
74,2,3,0,5211,1728,202714,1,4,7.692307692000001,0,1
41,3,3,0,6133,76,28448,0,5,43.47826087,0,0
29,2,0,0,6735,2396,185802,0,3,23.91304348,0,0
27,2,0,0,1013,83,0,1,2,100.0,0,1
334,10,2,0,5590,2811,0,1,3,100.0,3,1
37,2,0,0,2914,7,1680589,0,2,16.66666667,0,0
109,2,10,0,5207,1368,13244,0,5,87.5,0,0
33,2,0,0,-1,0,317,0,5,100.0,0,0
26,1,0,0,2139,0,309382,1,7,33.33333333,0,1
96,2,1,0,4842,271,9602,0,5,0.0,0,1
60,3,3,0,-1,0,8523,1,5,100.0,0,0
78,3,4,0,-1,0,77959,1,4,90.0,0,0
39,2,0,0,1546,645,4669,1,2,66.66666667,0,1
52,2,0,0,5728,115,0,1,0,0.0,1,1
80,3,8,0,3459,193,324208,0,4,55.55555556,0,0
29,2,0,0,5160,1048,0,0,8,50.0,0,0
44,3,0,0,1546,645,4669,1,2,0.0,1,1
32,2,0,0,4995,118,561890,0,2,88.88888889,0,0
113,2,1,0,8347,2974,1,1,10,33.33333333,1,1
100,3,0,0,4099,284,0,1,0,100.0,4,1
44,3,0,0,3015,272,443326,1,4,100.0,1,1
52,3,0,0,2817,105,0,1,0,100.0,0,1
24,2,0,0,4875,238,7896,0,4,61.53846154,0,0
65,2,7,0,3063,2415,430644,0,4,54.54545455,0,0
49,2,2,0,1613,214,0,1,0,0.0,2,1
49,2,1,0,-1,0,998801,1,1,100.0,3,1
132,3,3,0,7764,272,32,0,5,0.0,0,1
32,2,1,0,2646,1372,1518041,0,3,0.0,0,0
19,2,0,0,-1,162,166944,0,5,91.42857143,0,0
54,2,1,0,3374,278,249487,0,5,77.77777778,0,0
59,4,1,0,8195,2032,8063233,1,4,100.0,0,1
82,2,6,0,4401,347,0,0,2,48.48484848,0,0
64,2,0,0,7838,1292,4087,0,5,0.0,0,0
155,5,2,0,5614,230,0,1,5,33.33333333,0,1
51,2,0,0,7132,903,12,0,7,100.0,0,0
24,2,0,0,3097,191,2457400,0,2,66.66666667,0,0
43,3,0,0,1859,333,0,1,2,100.0,0,1
23,2,0,0,1936,255,62777,0,6,87.5,0,0
83,1,2,0,1969,223,0,1,0,42.85714286,0,1
25,2,0,0,6831,58,0,0,2,100.0,0,0
64,1,4,0,1573,252,239536,1,4,90.0,0,0
33,3,0,0,-1,236,0,0,3,85.71428571,0,1
56,2,3,0,2137,785,11284,1,4,60.0,0,0
87,2,6,0,254,1207,35612,1,1,100.0,1,1
24,2,0,0,2480,77,5257779,0,4,42.85714286,0,0
107,2,9,0,8027,3295,6195,1,5,100.0,1,0
30,2,0,0,8386,1840,453826,0,4,95.83333333,0,0
148,5,1,0,4166,216,0,1,4,0.0,5,1
36,2,0,0,1802,24,0,1,0,100.0,0,1
69,2,0,0,1975,217,0,1,0,100.0,0,1
100,3,1,0,518,213,4427853,1,0,100.0,2,1
39,2,2,0,3573,2270,15987,0,6,0.0,0,0
56,2,0,0,1574,252,0,1,0,0.0,0,1
53,2,1,0,6302,273,0,1,2,0.0,3,1
50,3,0,0,4979,134,315959,1,2,77.77777778,0,1
49,3,0,0,484,0,0,1,0,100.0,1,1
26,2,0,0,2644,277,0,1,1,0.0,0,1
30,2,0,0,3270,18,0,1,0,100.0,0,1
111,2,9,0,7616,132,2190,0,5,52.94117647,0,0
21,2,0,0,-1,0,1465448,0,3,100.0,0,0
25,2,0,0,3624,402,699776,0,3,95.23809524,0,0
60,1,0,0,2532,389,0,1,0,100.0,0,1
28,2,0,0,6272,302,804801,0,4,83.33333333,0,0
33,1,0,0,5621,223,0,1,1,0.0,0,1
99,1,2,0,1706,120,4830221,1,2,100.0,2,1
29,1,4,0,554,542,0,1,0,0.0,0,1
50,2,0,0,6055,1616,116833,1,5,76.47058824,0,0
34,2,0,0,6202,373,7701846,0,5,50.0,0,0
20,1,0,0,920,0,11781,1,6,91.66666667,0,1
56,3,0,0,3640,12,0,1,0,100.0,0,1
28,3,0,0,8493,274,1973,0,6,0.0,1,1
69,4,0,0,645,86,0,1,2,0.0,1,1
41,3,0,0,-1,989,8161447,1,3,80.0,0,1
40,4,1,0,-1,0,0,1,1,0.0,0,1
18,1,0,0,8770,360,1100059,0,4,66.66666667,0,0
32,2,0,0,7297,372,8925548,0,5,72.41379309999998,0,0
54,2,4,0,5887,1418,184,0,6,77.77777778,0,0
34,2,0,0,6255,319,1416696,1,0,81.81818182,0,1
28,2,0,0,1054,771,18736,0,3,0.0,0,0
39,3,1,0,7142,162,8441470,1,1,100.0,0,1
22,1,1,0,-1,245,0,0,2,50.0,0,1
50,2,1,0,7123,3469,34048,0,4,7.692307692000001,0,0
29,2,0,0,-1,116,1274420,0,4,100.0,0,0
53,2,1,0,554,0,0,1,0,0.0,0,1
76,1,0,0,5106,7,0,1,0,0.0,0,1
65,3,4,0,2604,317,3035738,0,4,11.11111111,0,0
55,2,0,0,5850,359,0,1,0,0.0,0,1
53,3,0,1,1605,221,0,1,0,0.0,0,1
37,2,0,0,7505,531,2244720,0,4,66.66666667,0,0
57,2,0,0,3861,156,0,1,4,0.0,0,1
66,2,6,0,2341,215,36313,0,4,89.18918919,0,0
37,1,0,0,-1,0,63706,0,6,25.0,0,1
138,2,0,0,-1,124,0,1,0,83.33333333,2,1
27,2,0,0,3394,1719,100826,0,3,45.45454545,0,0
57,5,2,0,5614,230,3340968,1,5,33.33333333,0,1
27,2,0,0,5382,97,0,0,3,20.0,0,0
131,3,1,0,7588,812,27719,1,6,0.0,1,1
58,2,0,0,7130,905,12,0,7,100.0,0,0
33,2,0,0,3965,53,0,0,2,12.5,0,0
27,2,0,0,1416,44,0,0,2,100.0,0,0
21,2,0,0,2179,376,2521464,0,3,66.66666667,0,0
132,5,1,0,5037,441,1984172,1,3,0.0,0,0
49,2,3,0,4079,1399,767,0,5,0.0,0,0
34,2,1,0,50,315,0,1,0,80.0,0,1
38,2,0,0,7132,903,12,0,7,100.0,0,0
78,3,5,0,7292,377,1010,0,6,75.0,0,0
45,2,0,0,7132,902,12,0,7,100.0,0,0
23,1,0,0,2704,0,2715729,0,5,50.0,0,0
58,3,3,0,7226,79,52480,0,5,77.77777778,0,0
37,2,3,0,-1,0,77586,1,1,0.0,2,1
51,2,2,0,9900,691,187,0,8,0.0,0,0
39,2,1,0,7600,71,4133,0,6,87.17948718,1,0
25,2,0,0,2995,292,395612,1,1,100.0,0,1
49,1,6,0,4202,180,7191477,1,4,100.0,0,0
253,3,4,0,-1,0,0,0,0,100.0,4,1
61,3,2,0,6300,275,128102,0,5,33.33333333,0,0
82,2,7,0,9284,1675,154918,0,5,66.66666667,0,0
80,2,2,0,9318,910,13,1,7,0.0,0,0
55,3,1,0,7516,2711,38038,0,4,0.0,0,0
129,2,1,0,8018,382,5178465,1,4,7.692307692000001,0,1
39,2,0,0,7134,901,12,0,7,100.0,0,0
56,2,0,0,6669,636,6844,1,5,64.70588235,0,0
54,2,1,0,5809,2225,228,0,7,10.0,0,0
27,2,0,0,4174,208,0,0,3,88.88888889,0,0
27,2,0,0,1469,357,0,1,0,100.0,0,1
34,2,0,0,5223,256,865185,0,2,0.0,0,0
21,1,0,0,4923,191,0,0,3,50.0,0,0
50,2,0,0,6070,140,14592,0,5,25.0,0,0
90,2,5,0,-1,0,172375,0,5,68.42105263,0,0
48,2,1,0,779,317,0,1,0,22.22222222,0,1
22,1,0,0,-1,0,3536,1,9,100.0,1,1
56,3,3,0,6865,74,271260,1,2,81.81818182,0,1
90,2,0,0,1877,315,0,1,1,100.0,0,1
213,4,6,1,-1,0,1768405,1,2,66.66666667,1,1
31,2,0,0,5160,1048,0,0,8,66.66666667,0,0
28,2,0,0,-1,314,2537042,0,4,25.0,0,0
35,2,1,0,7296,373,5320327,0,5,8.333333332999999,0,0
65,2,2,0,7814,221,55134,0,4,41.17647059,0,0
108,3,1,0,-1,0,0,1,2,100.0,3,1
43,3,0,0,-1,0,0,1,0,0.0,0,1
28,2,0,0,2786,136,702387,0,3,33.33333333,0,0
123,5,0,0,3992,25,5707171,1,0,100.0,0,1
47,3,0,0,3770,247,0,1,2,0.0,1,1
73,3,1,0,3420,597,0,1,0,0.0,3,1
23,2,0,0,7308,361,2217046,0,4,83.33333333,0,0
67,3,3,0,-1,179,0,1,0,0.0,0,1
28,2,0,0,5466,13,1642644,0,3,66.66666667,0,0
26,2,0,0,-1,484,0,0,2,88.88888889,0,1
24,2,0,0,7747,288,9814,0,6,72.30769231,0,0
43,2,0,0,5232,246,0,0,7,90.0,0,0
69,2,1,0,7618,131,2188,0,5,50.0,0,0
30,2,0,0,5159,1049,1488031,0,8,100.0,0,0
37,3,0,0,967,129,0,1,0,0.0,1,1
47,3,2,0,7083,952,17964,1,3,0.0,0,1
31,1,0,0,8130,3557,1229068,0,4,18.75,0,0
26,2,0,0,5908,2721,1345725,0,2,40.0,0,0
32,1,0,0,5085,3375,0,0,3,8.955223881,0,0
56,2,0,0,2347,209,242805,1,2,0.0,0,0
70,3,0,0,-1,781,1106852,1,4,0.0,0,0
50,3,3,0,7128,176,8386524,1,1,81.81818182,0,1
35,1,0,0,7489,182,63,0,10,50.0,0,0
48,2,0,0,-1,0,0,1,0,0.0,0,1
26,1,0,0,-1,0,795896,0,2,25.0,0,0
105,4,0,0,5942,632,94313,1,3,77.77777778,0,0
123,2,9,0,7446,588,0,0,8,65.95744681,0,0
141,2,2,0,8018,382,0,1,4,0.0,0,1
30,2,0,0,2910,11,2751403,0,4,66.66666667,0,0
20,1,0,0,-1,0,244548,0,2,79.48717949,0,0
39,2,0,0,-1,0,318619,1,2,0.0,0,1
28,2,0,0,3544,473,0,0,2,95.12195122,0,0
32,2,0,0,4107,276,666841,0,4,100.0,0,0
72,1,1,0,3523,130,6293523,1,1,100.0,0,1
29,1,0,0,3232,420,0,0,0,0.0,0,1
45,1,0,0,-1,155,8116481,1,0,100.0,0,1
29,2,0,0,1579,247,5247508,0,3,57.14285714,0,0
37,2,1,0,4711,1864,592208,0,4,93.33333333,0,0
52,5,0,0,5616,228,0,1,5,0.0,0,1
76,8,0,0,8415,371,0,1,2,0.0,1,1
30,1,0,0,3829,1650,0,1,0,40.0,0,1
46,2,0,0,6260,2505,683,0,6,61.53846154,0,0
64,2,1,0,4668,81,0,1,0,50.0,2,1
58,3,2,0,4824,289,396309,0,4,88.46153846,0,0
42,3,0,0,5441,401,436375,1,3,0.0,0,1
153,4,9,0,9127,303,1317,1,2,0.0,1,1
85,2,6,0,4964,895,62075,0,5,42.85714286,0,0
111,2,1,0,8347,2975,1,1,10,33.33333333,1,1
62,1,3,0,-1,164,842241,0,4,100.0,0,0
39,3,0,0,58,307,0,1,0,100.0,0,1
76,3,3,0,1256,205,0,1,3,50.0,1,1
24,2,0,0,-1,0,751879,0,3,94.44444444,0,0
33,2,0,0,3775,242,5639332,0,2,0.0,0,0
29,2,0,0,-1,0,0,1,0,87.5,0,1
33,1,0,0,7689,711,0,0,4,12.90322581,0,0
21,1,1,0,-1,0,8057895,0,1,100.0,0,0
103,1,1,0,6683,256,0,0,5,50.0,0,0
83,2,6,0,6788,2708,296349,1,3,33.33333333,0,0
33,2,0,0,-1,0,5776415,1,2,50.0,0,1
50,3,0,0,-1,575,0,1,1,0.0,0,1
31,1,0,0,315,51,0,0,0,0.0,0,1
27,2,0,0,3153,135,9482009,0,3,77.77777778,0,0
85,2,1,0,4284,99,0,1,1,66.66666667,2,1
26,2,0,0,-1,1667,351713,0,3,93.33333333,0,0
30,2,0,0,3295,358,1759878,0,4,61.53846154,0,0
55,2,3,0,5657,91,11681,0,5,30.0,0,0
29,2,0,0,-1,0,0,0,5,71.42857143,0,0
32,2,0,0,1747,79,1146509,1,4,0.0,0,1
78,2,6,0,8292,473,19,0,7,50.0,0,0
29,2,0,0,1725,102,427885,0,3,85.71428571,0,0
437,7,2,0,4798,316,2956421,0,4,100.0,3,1
49,2,4,0,7422,1343,286,1,7,0.0,0,0
45,4,0,0,4202,181,0,1,0,80.0,0,1
58,2,0,0,3924,459,736894,0,3,37.5,0,0
70,4,2,0,5616,228,0,1,5,0.0,0,1
55,2,2,0,5184,294,1078203,0,4,0.0,0,0
46,2,2,0,-1,1804,23249,1,6,33.33333333,0,0
44,3,0,0,-1,329,0,1,0,0.0,0,1
32,2,0,0,-1,0,196420,0,4,60.0,0,0
74,3,2,0,553,177,0,1,2,0.0,2,1
28,2,0,0,7296,373,0,0,5,28.57142857,0,0
27,1,0,0,895,0,0,1,0,0.0,0,1
109,3,10,0,8278,121,6030,1,6,83.05084746,0,0
39,1,2,0,-1,0,0,0,2,50.0,0,0
37,3,0,0,-1,1263,62673,1,3,60.0,0,0
30,2,1,0,1796,30,678863,0,2,71.42857143,0,0
24,2,0,0,8843,288,8453855,0,3,100.0,0,0
37,2,0,0,-1,0,1980,0,5,77.77777778,0,0
47,2,0,0,3368,285,0,1,1,0.0,0,1
68,1,0,0,-1,0,0,1,1,100.0,3,1
55,5,0,0,5627,217,0,1,5,0.0,0,1
22,2,0,0,-1,0,135685,0,3,100.0,0,0
22,2,0,0,-1,0,375554,0,4,100.0,0,0
36,4,0,0,7856,0,18244,1,4,0.0,0,1
70,2,0,0,8347,2975,1,1,10,0.0,1,1
32,2,0,0,7299,370,0,0,5,0.0,0,0
34,1,1,0,7967,68,0,1,1,100.0,0,1
22,2,0,0,3894,124,210556,0,2,0.0,0,0
29,2,0,0,-1,0,1487897,0,4,66.66666667,0,0
57,1,3,0,2520,36,632001,1,7,0.0,0,1
26,2,0,0,-1,327,0,1,0,0.0,0,1
41,3,0,0,8049,351,1590,0,5,90.90909091,0,0
99,4,1,0,5670,174,881,0,6,7.317073171,0,1
24,2,0,0,184,182,0,0,2,100.0,0,0
97,1,1,0,72,292,0,1,0,0.0,3,1
107,7,6,0,-1,0,0,1,2,100.0,1,1
58,3,1,0,1993,0,10422666,1,0,33.33333333,5,1
140,3,4,0,0,364,0,1,0,100.0,0,1
57,3,3,0,3926,457,12829,0,4,100.0,0,0
30,2,0,0,5231,247,0,0,7,95.83333333,0,0
40,3,0,0,55,309,0,1,0,100.0,1,1
52,2,0,0,7299,370,0,0,5,25.0,0,0
33,2,0,0,5159,1049,7280414,0,8,100.0,0,0
21,1,0,0,-1,288,0,1,0,100.0,0,1
142,2,2,0,8018,382,0,1,4,44.44444444,0,1
38,2,0,0,6375,200,86031,0,4,0.0,0,0
30,2,0,0,3502,150,535644,0,4,100.0,0,0
37,3,0,0,8534,233,249228,0,6,0.0,0,0
80,4,3,0,-1,0,102713,0,5,0.0,0,0
28,2,0,0,4662,87,369654,0,3,88.63636364,0,0
35,2,0,0,8971,525,43534,1,6,50.0,0,0
26,2,0,0,7446,252,0,1,1,0.0,0,1
33,2,0,0,5161,1047,0,0,8,100.0,0,0
55,3,0,0,-1,3057,52062,1,3,0.0,0,1
47,2,2,0,1633,193,149347,1,2,0.0,0,1
64,3,1,0,-1,105,7955434,1,0,60.0,3,1
43,3,0,0,1272,188,0,0,0,0.0,0,1
42,1,0,0,5085,3375,0,0,3,7.462686567,0,0
160,2,1,0,8019,381,0,1,4,7.692307692000001,0,1
103,1,9,0,2747,904,337414,0,5,66.66666667,0,0
56,4,1,0,5616,228,0,1,5,0.0,0,1
20,2,0,0,2208,0,0,0,0,0.0,0,1
46,3,0,0,532,198,0,1,0,75.0,0,1
34,2,0,0,5160,1048,0,0,8,100.0,0,0
83,3,0,0,2292,265,134706,0,4,0.0,0,1
37,2,0,0,7083,952,17964,1,3,0.0,0,1
84,2,1,0,535,194,0,1,3,80.0,4,1
16,2,0,0,-1,-1,81531,0,4,0.0,0,0
21,2,0,0,8396,734,1194,0,6,0.0,0,0
84,3,0,0,6811,1955,1500702,1,5,0.0,0,0
41,2,0,0,232,133,0,1,0,100.0,0,1
32,2,0,0,2024,167,0,0,2,85.0,0,0
22,2,0,0,3875,508,884585,0,4,94.44444444,0,0
36,3,0,0,5784,425,51109,0,5,40.0,0,0
36,2,0,0,8965,1261,70,0,8,0.0,0,0
55,1,2,0,3228,60,0,1,2,0.0,4,1
90,3,1,0,-1,0,0,1,3,100.0,0,1
33,3,0,0,-1,0,946388,0,4,94.73684211,0,0
169,6,1,0,360,6,8262494,1,0,90.0,1,1
126,3,0,0,12127,658,1005,0,7,0.0,1,0
46,3,0,0,8048,352,1586,0,5,90.19607843,0,0
65,2,1,0,7121,3470,33109,1,4,7.692307692000001,0,0
46,2,2,0,2838,83,0,1,2,54.54545455,0,0
83,2,5,0,9120,741,24073,0,5,0.0,0,0
74,3,4,0,7226,79,52982,0,5,77.77777778,1,0
164,3,5,1,-1,540,0,1,0,66.66666667,1,1
40,2,0,0,8075,2050,14837,0,5,5.8823529410000015,0,0
135,2,1,0,8018,382,0,1,4,44.44444444,0,1
263,2,1,0,7408,1358,28769,0,5,100.0,0,1
127,4,1,0,4003,14,5828815,1,0,100.0,0,1
34,2,2,0,5160,1048,0,0,8,50.0,0,0
24,2,0,0,1340,120,1624160,0,2,50.0,0,0
22,2,0,0,4527,220,0,0,4,100.0,0,0
84,3,5,0,3242,46,0,1,2,100.0,2,1
68,6,0,0,1723,468,0,1,2,100.0,0,1
49,2,1,0,-1,0,393662,1,2,0.0,0,1
27,2,1,0,5232,246,9478551,0,7,92.30769231,0,0
51,3,0,0,6810,70,0,1,0,100.0,0,1
31,2,0,0,5161,1047,830227,0,8,80.0,0,0
19,1,0,0,3154,134,37405,1,7,0.0,0,1
82,4,3,0,7446,589,383,1,8,0.0,0,0
61,3,1,0,7519,517,10681,0,5,30.76923077,0,0
60,2,1,0,7122,3470,33428,1,4,7.692307692000001,0,0
43,2,0,0,5640,204,2,0,10,56.0,0,0
80,6,0,0,552,0,3672187,1,0,93.33333333,1,1
26,2,0,0,1838,3275,1440134,0,4,14.28571429,0,0
59,2,1,0,454,0,0,1,0,0.0,0,1
47,2,0,0,-1,216,510056,0,4,42.85714286,0,0
77,2,4,0,7223,51,405472,0,2,87.5,0,0
49,2,1,0,7724,311,6808988,0,3,86.95652174,0,0
31,3,0,0,296,70,0,0,0,0.0,0,1
35,2,0,0,7297,372,0,0,5,12.5,0,0
30,1,0,0,-1,235,0,0,2,71.42857143,1,0
50,2,1,0,6507,797,6917791,1,4,100.0,0,0
42,3,0,0,-1,0,0,1,0,0.0,0,1
41,1,2,0,3171,117,0,1,3,0.0,1,0
30,2,0,0,-1,1026,0,0,2,89.65517241,0,0
86,1,6,0,5658,185,3453085,0,4,72.72727273,0,0
113,2,7,0,3157,860,0,1,1,100.0,1,1
27,2,0,0,5879,329,0,0,1,86.11111111,0,0
42,3,1,0,3830,188,0,1,2,92.30769231,0,0
30,2,0,0,4593,156,361415,0,4,28.57142857,0,0
557,5,24,0,6589,350,30,1,4,33.33333333,1,0
93,3,1,0,1016,79,1211946,1,2,0.0,0,1
37,2,0,0,6431,509,618,0,5,100.0,0,0
91,3,7,0,7887,879,2606,0,5,100.0,0,0
34,2,0,0,7298,371,0,0,5,9.090909091,0,0
34,2,0,0,-1,0,0,1,1,100.0,1,1
23,2,0,0,-1,0,261325,0,3,96.15384615,0,0
24,1,0,0,-1,0,132629,1,5,0.0,0,1
29,2,0,0,5105,373,7531072,0,4,71.42857143,0,0
34,2,0,0,2085,107,156886,0,2,64.70588235,0,0
48,2,1,0,9639,224,149,1,7,12.5,0,0
86,3,0,0,152,214,5008870,1,0,75.0,0,1
54,4,3,0,5626,218,0,1,5,0.0,0,1
94,3,0,0,-1,0,0,1,0,0.0,1,1
26,2,0,0,-1,0,0,1,0,0.0,0,1
59,3,1,0,-1,317,0,0,0,0.0,1,1
34,1,0,0,7,357,0,1,0,60.0,0,1
57,4,3,0,5626,218,0,1,5,0.0,0,1
48,3,0,0,5350,1224,26325,0,5,100.0,0,0
48,4,0,0,7928,2298,12091,1,4,77.77777778,0,1
47,3,0,0,-1,237,1876,0,7,87.5,0,0
29,3,0,0,-1,3127,142439,0,3,0.0,0,0
55,1,1,0,1521,305,0,1,0,0.0,1,1
128,1,11,0,9689,1632,31719,0,5,100.0,0,0
40,3,0,0,-1,-1,150879,1,5,100.0,0,0
29,2,1,0,3103,184,191279,0,4,28.57142857,0,0
173,5,1,0,8348,2974,0,0,10,0.0,0,1
74,2,0,0,2305,252,541454,1,4,68.18181818,0,1
35,1,0,0,7187,1944,20789,0,5,87.5,0,0
50,2,1,0,7119,3473,32633,1,4,7.692307692000001,0,0
40,2,1,0,9399,1558,15,1,9,58.06451613,0,0
31,2,0,0,-1,30,0,0,2,69.23076923,0,0
74,2,0,0,3921,96,0,1,0,50.0,0,1
59,3,1,0,4520,227,0,1,0,47.05882353,2,1
74,2,3,0,10234,356,1286,0,6,15.78947368,0,0
26,2,0,0,-1,0,923184,0,5,100.0,0,0
93,3,1,0,8837,660,671,0,7,100.0,0,0
26,2,0,0,4937,3464,0,0,2,83.33333333,0,0
40,2,1,0,4243,139,882816,0,3,44.44444444,0,0
86,3,1,0,7015,289,40986,1,3,100.0,0,1
32,3,0,0,816,280,0,0,4,75.0,0,1
78,3,1,0,2786,0,0,1,0,33.33333333,4,1
58,3,0,0,8019,1111,0,1,3,61.53846154,0,1
89,3,1,0,-1,63,0,1,0,100.0,5,1
40,3,1,0,7142,162,8441470,1,1,100.0,0,1
56,2,0,0,235,130,0,1,3,0.0,1,1
81,1,1,0,98,267,0,1,0,100.0,0,1
107,3,0,0,5034,71,0,1,2,100.0,0,1
26,2,1,0,-1,0,0,0,2,83.33333333,0,0
46,5,0,0,5613,231,0,1,5,0.0,1,1
80,3,2,0,50,314,0,1,0,0.0,0,1
25,2,0,0,5948,990,211508,0,4,9.523809524,0,0
25,2,0,0,1758,69,0,0,2,90.90909091,0,0
25,2,0,0,4103,280,35724,0,5,100.0,0,0
441,3,3,0,7087,948,18105,1,3,0.0,0,1
19,2,0,0,-1,49,1853658,0,2,12.5,0,0
59,1,2,0,4594,155,125414,0,5,80.64516129,0,0
42,1,1,0,-1,723,0,1,0,0.0,2,1
34,2,1,0,-1,185,389161,0,3,76.47058824,0,0
44,2,1,0,340,25,0,1,0,50.0,1,1
66,3,3,0,-1,321,4194715,0,3,47.36842105,0,0
26,2,0,0,105,259,1566145,1,0,0.0,0,1
18,1,0,0,1127,0,0,0,3,50.0,0,0
123,5,8,1,6316,2815,6412,0,6,0.0,0,1
41,1,2,0,295,71,0,1,0,33.33333333,2,1
60,3,0,0,7133,902,12,1,7,100.0,0,0
63,2,3,0,8932,201,108957,1,4,94.87179487,0,0
72,2,6,0,-1,670,0,0,0,100.0,0,0
21,1,0,0,-1,0,211827,0,2,88.23529412,0,0
26,2,1,0,7759,280,39678,0,3,77.5,0,0
92,2,7,0,2613,308,788754,0,3,81.81818182,1,0
46,4,0,0,359,7,0,1,1,0.0,0,1
62,4,3,0,0,364,0,1,0,100.0,0,1
33,2,0,0,7448,587,0,1,8,65.95744681,0,0
39,2,0,0,8348,2974,1,1,10,0.0,2,1
28,1,0,0,-1,64,0,1,0,0.0,0,1
56,3,5,0,4481,267,627184,0,5,42.85714286,0,0
196,3,20,0,-1,215,3461289,0,0,50.0,0,1
26,2,0,0,7415,254,38008,0,6,90.0,0,0
42,2,2,0,1535,655,4641,1,2,90.0,1,1
63,3,1,0,-1,136,0,1,3,0.0,1,1
24,2,0,0,2695,591,1453975,0,1,100.0,0,0
60,2,0,0,7133,902,12,0,7,100.0,0,0
58,4,2,0,12184,0,4150,1,5,0.0,0,0
60,2,8,0,7420,1345,285,0,7,0.0,0,0
64,3,0,0,7578,81,2639822,0,5,33.33333333,0,0
45,2,3,0,2299,257,0,1,2,82.60869565,0,0
27,2,0,0,5330,1609,243844,0,5,96.0,0,0
263,3,0,0,7083,952,17964,1,3,0.0,2,1
53,3,2,0,-1,0,0,1,0,60.0,1,1
49,2,3,0,9285,59,121,1,7,77.77777778,0,0
46,2,1,0,-1,225,340,1,7,95.0,0,0
44,3,0,0,-1,0,632297,0,1,100.0,0,0
80,1,7,0,2699,953,12157,0,4,26.66666667,2,0
46,1,1,0,3208,93,0,1,0,50.0,3,1
50,3,0,0,5207,636,27218,0,5,66.66666667,0,0
34,2,0,0,1400,61,5664469,0,3,100.0,0,0
159,9,1,0,1620,207,2363,1,4,23.07692308,0,1
42,3,0,0,7083,952,17964,1,3,0.0,0,1
27,2,0,0,1985,0,0,0,2,66.66666667,0,0
45,3,0,0,8149,616,12761,0,6,30.95238095,0,0
50,3,3,0,4081,301,0,1,0,0.0,0,1
61,1,1,0,-1,0,6104856,1,1,0.0,3,1
41,2,3,0,5886,1419,184,0,6,88.88888889,0,0
32,2,0,0,3919,1559,1841877,0,4,55.55555556,0,0
57,3,0,0,5396,83,0,0,4,0.0,0,0
61,3,0,0,6056,154,0,0,3,100.0,0,0
122,5,0,0,4003,14,5816617,1,0,100.0,0,1
42,3,0,0,-1,23,0,1,0,0.0,1,1
20,2,0,0,7740,295,420949,0,2,0.0,0,0
29,2,0,0,7297,372,0,0,5,9.090909091,0,0
62,2,0,0,127,238,0,1,0,50.0,1,1
43,4,3,0,5614,230,0,1,5,50.0,0,1
39,2,0,0,6334,240,16251,0,4,50.0,0,0
105,3,5,0,1454,372,0,1,0,0.0,0,1
140,3,0,0,-1,0,31306,1,5,0.0,0,0
74,2,5,0,6613,692,127814,0,4,89.65517241,0,0
27,2,1,0,479,252,766225,0,1,90.0,0,1
22,2,0,0,-1,0,5750434,0,3,87.5,0,0
13,1,0,0,5442,36,13336,0,4,100.0,0,0
44,2,0,0,8348,2974,1,1,10,0.0,2,1
30,2,0,0,6956,348,1026485,0,3,75.0,0,0
72,4,0,0,8345,2976,1,0,10,66.66666667,0,0
101,2,0,0,2176,38,77953,0,3,0.0,0,0
29,2,1,0,7365,141,624160,0,5,93.75,0,0
26,2,0,0,5159,1049,0,0,8,100.0,0,0
40,2,0,0,5891,2508,35,0,10,100.0,0,0
35,1,2,0,-1,343,0,1,2,0.0,0,0
68,4,0,0,4003,14,5816617,1,0,100.0,0,1
31,3,1,0,2381,541,721319,0,3,90.90909091,0,0
41,4,0,0,-1,0,0,1,0,0.0,1,1
99,2,0,0,8347,2975,1,1,10,33.33333333,1,1
28,2,0,0,5340,138,9876852,1,2,83.33333333,0,0
53,2,0,0,7616,132,2190,1,5,50.0,0,0
23,2,0,0,4781,151,547473,0,4,60.0,0,0
34,2,1,0,5394,85,365936,0,5,62.5,0,0
67,1,0,0,507,223,519579,1,0,33.33333333,0,1
49,2,0,0,6435,1234,323,0,7,18.18181818,0,0
74,3,0,0,1528,298,0,1,0,100.0,1,1
206,3,0,0,7905,819,155,1,7,0.0,0,1
174,8,3,0,-2,191,0,1,0,100.0,2,1
28,2,0,0,3726,292,123374,0,5,100.0,0,0
60,2,1,0,667,0,0,1,0,0.0,0,1
64,2,1,0,5062,781,0,1,1,100.0,3,1
29,1,0,0,4912,202,10421238,0,2,57.14285714,0,0
62,3,3,0,8047,353,1577,0,5,89.36170213,0,0
261,6,0,0,31,334,0,1,0,100.0,1,1
68,2,3,0,5409,1165,9424,0,6,0.0,0,0
165,4,6,1,-1,553,0,1,0,66.66666667,1,1
62,2,3,0,4582,167,134900,0,4,30.0,0,0
29,2,0,0,2087,469,6125655,0,2,66.66666667,0,0
56,2,0,0,8347,2975,1,1,10,50.0,2,1
33,2,0,0,1953,2430,4360,1,3,0.0,0,1
443,2,2,0,2615,307,0,1,2,33.33333333,0,1
23,1,0,0,-1,0,0,1,0,0.0,0,1
42,2,0,0,-1,197,569875,1,5,100.0,0,0
47,2,2,0,2887,399,596193,0,4,42.85714286,0,0
43,3,0,0,7160,146,2336,1,3,86.66666667,0,0
126,1,2,0,1589,238,0,1,0,1.960784314,6,1
71,2,2,0,4375,7,654847,0,4,100.0,0,0
70,2,3,1,4260,123,0,1,4,0.0,4,1
33,2,0,0,1950,242,341948,1,1,0.0,1,1
80,3,1,1,-2,274,0,1,3,11.11111111,0,1
42,6,0,0,1629,197,2884517,1,1,100.0,0,1
19,1,0,0,3153,135,37934,1,7,0.0,0,1
20,1,0,0,1002,459,0,0,2,97.91666667,0,0
56,2,0,0,1393,68,0,0,0,100.0,1,1
65,3,0,0,1079,382,710503,0,6,100.0,0,1
60,2,0,0,1612,579,0,1,0,100.0,0,1
36,2,0,0,8546,3508,5685,0,6,60.0,0,0
49,4,0,0,8296,2660,450746,0,3,90.0,0,1
111,3,2,1,4609,139,0,1,3,50.0,4,1
44,4,0,0,5627,217,0,1,5,0.0,1,1
69,3,2,0,4852,262,0,0,3,0.0,0,0
65,2,1,0,-1,0,9421973,1,1,7.142857143,3,1
29,2,0,0,2457,100,721902,0,3,80.0,0,0
29,2,0,0,3938,79,539425,0,4,90.90909091,0,0
43,2,0,0,9203,294,688,0,6,90.47619048,0,0
29,3,0,0,257,109,0,0,0,0.0,0,1
63,1,4,0,5484,2185,1338,0,7,61.53846154,0,0
65,2,0,0,7131,904,12,0,7,100.0,0,0
34,2,0,0,7296,373,0,1,5,0.0,0,0
23,2,0,0,8645,121,3133254,0,4,97.34513274,0,0
28,2,0,0,1662,164,312044,0,4,55.55555556,0,0
48,2,2,0,9283,60,124,0,7,78.57142857,0,0
41,2,1,0,6388,27,0,1,0,100.0,1,1
25,2,0,0,-1,0,0,0,3,100.0,0,0
40,2,0,0,9202,296,687,0,6,90.47619048,0,0
40,1,0,0,4465,1012,20110,0,7,50.0,0,0
76,4,1,0,3992,25,5707171,1,0,100.0,0,1
30,2,0,0,2523,33,3308718,0,2,100.0,0,0
58,2,3,0,3514,3425,5294,0,5,57.14285714,0,0
38,2,0,0,6220,353,6192,0,5,100.0,0,0
57,3,2,0,5469,10,637659,1,5,0.0,0,0
64,2,1,0,8217,182,213,0,8,88.46153846,0,0
47,2,1,0,9174,322,623,0,7,68.42105263,0,0
66,4,0,0,3654,0,1664096,1,1,92.85714286,1,1
34,2,0,0,2948,233,12791,0,5,0.0,0,0
96,1,9,0,9032,193,690,0,5,20.0,0,0
64,3,2,0,-1,1539,844062,1,4,95.0,0,0
35,2,0,0,4826,288,203194,1,4,100.0,0,0
63,4,0,0,8916,215,14605,1,5,0.0,0,1
35,2,0,0,-1,312,0,0,3,80.0,0,0
106,3,7,0,-1,3135,0,0,5,69.23076923,0,0
39,1,0,0,-1,117,0,1,0,100.0,0,1
40,2,0,0,2737,0,0,1,0,66.66666667,0,1
33,2,0,0,8826,306,53473,0,5,50.0,0,0
115,4,0,0,4003,14,5816617,1,0,100.0,0,1
77,3,0,0,7858,0,586042,1,4,0.0,1,1
108,2,4,0,6588,352,30,1,4,33.33333333,1,1
23,2,0,0,2963,0,390840,0,4,25.0,0,0
23,2,0,0,8899,233,0,0,3,60.0,0,0
170,5,3,0,723,0,0,1,0,0.0,2,1
62,4,0,0,5643,0,0,1,1,100.0,0,1
39,1,0,0,268,97,0,1,0,50.0,0,1
131,5,1,0,4004,14,5828815,1,0,100.0,0,1
115,2,13,0,4060,322,99,0,5,20.0,0,0
74,3,2,0,6801,504,73306,0,5,13.95348837,0,0
33,1,0,0,-2,201,7524,0,3,92.30769231,0,0
44,4,0,0,443,288,0,1,0,100.0,0,1
27,2,0,0,8492,639,1121373,0,4,100.0,0,0
53,5,0,1,5627,217,0,1,5,0.0,1,1
39,3,0,0,-1,0,0,1,2,85.71428571,0,0
18,2,0,0,2559,2188,247607,0,2,40.0,0,0
59,1,1,0,1422,39,0,1,0,0.0,3,1
83,3,1,0,8814,316,6840689,0,3,0.0,0,0
30,2,0,0,7297,372,2885582,0,5,10.0,0,0
24,1,0,0,3585,67,909893,0,6,62.5,0,0
28,1,0,0,313,53,0,0,0,25.0,0,1
22,2,0,0,6455,849,892596,0,4,75.0,0,0
56,3,3,0,-1,260,40123,0,4,40.0,0,0
72,3,1,0,740,721,0,1,0,100.0,3,1
63,3,4,0,11046,278,545,0,6,90.0,0,0
29,2,0,0,-1,0,60221,0,4,84.375,0,0
34,2,0,0,4981,1227,105063,0,4,91.30434783,0,0
55,2,2,0,3924,1555,181574,0,3,75.0,0,0
137,5,0,1,31,333,0,1,0,100.0,1,1
64,5,2,0,5627,216,0,1,5,0.0,0,1
53,3,0,1,-1,0,0,1,0,100.0,0,1
51,3,0,0,2411,146,0,1,0,0.0,0,1
47,3,0,0,8519,2805,8,0,10,12.5,0,0
42,3,0,0,4537,212,0,1,0,0.0,0,1
58,2,3,0,8399,731,7804106,0,2,0.0,0,0
44,2,0,0,7618,130,2192,0,5,47.36842105,0,0
44,1,0,0,4652,97,0,1,0,100.0,0,1
44,3,0,0,308,0,0,1,0,100.0,0,1
96,2,8,0,3501,882,3551602,0,1,53.33333333,0,0
68,3,1,0,4334,0,1041293,1,2,0.0,0,1
136,5,1,0,1536,655,4558,1,2,83.33333333,0,1
395,2,6,0,6426,2526,381,1,5,0.0,2,1
23,1,0,0,1629,0,0,1,1,100.0,0,1
66,4,0,0,12844,0,565,1,6,0.0,0,0
26,1,0,0,1613,214,0,0,2,81.81818182,0,1
51,3,0,0,2604,318,0,1,0,100.0,2,1
144,3,1,0,389,342,0,1,2,100.0,3,1
79,6,2,0,-1,81,0,1,3,0.0,2,1
22,2,0,0,1,363,0,1,0,0.0,0,1
56,2,0,0,6257,2508,689,0,6,61.53846154,0,0
55,2,3,0,7296,373,0,1,5,33.33333333,0,1
80,3,0,0,2105,1547,0,1,0,71.42857143,0,1
54,2,1,0,2499,58,8547,1,2,100.0,0,1
35,2,0,0,-1,335,0,1,0,100.0,0,1
91,3,5,0,-1,0,6431,0,6,95.45454545,0,0
211,2,3,0,-1,0,0,1,0,50.0,2,1
24,2,0,0,-1,0,0,0,3,0.0,0,0
527,2,0,0,2694,227,2182328,0,4,100.0,2,1
69,2,1,0,5,360,0,1,0,100.0,1,1
33,2,0,0,-1,382,2992243,0,4,100.0,0,0
48,2,0,0,2943,343,0,1,1,0.0,0,1
29,1,1,0,2,363,0,1,0,50.0,0,1
74,1,1,0,4687,61,0,1,0,55.0,0,1
39,2,0,0,959,137,0,1,0,0.0,0,1
54,3,1,0,1532,659,4691,1,2,95.45454545,0,1
35,2,1,0,9241,256,0,0,5,16.66666667,0,1
78,3,0,0,3310,343,0,1,0,0.0,2,1
53,3,2,0,6606,3256,67137,0,4,33.33333333,0,0
49,2,1,0,4010,1468,16114,0,5,33.33333333,0,0
26,2,0,0,1499,326,1216719,0,2,27.27272727,0,0
37,2,0,0,4737,11,0,0,0,8.0,0,0
89,3,6,0,7993,2964,26739,0,5,100.0,0,0
33,2,0,0,2629,658,0,1,0,0.0,0,1
71,4,0,0,12790,0,2419,0,5,100.0,0,0
49,3,0,0,1776,51,2402905,0,3,66.66666667,1,1
61,3,0,0,-1,329,0,1,1,0.0,2,1
78,2,0,0,7926,109,428453,0,3,87.09677419,0,0
54,5,0,0,5615,228,0,1,5,0.0,0,1
32,2,0,0,6265,310,0,0,0,20.0,0,0
43,3,1,0,-1,0,0,1,0,100.0,1,1
55,3,1,0,286,0,0,1,0,0.0,0,1
30,2,0,0,7299,370,1741827,0,5,0.0,0,0
47,3,0,0,5659,184,889,1,6,100.0,0,1
44,4,2,0,5616,228,0,1,5,0.0,0,1
64,2,1,0,-1,253,0,1,0,100.0,3,1
71,3,0,1,268,98,0,1,0,100.0,0,1
85,2,0,0,431,299,8509505,1,0,50.0,0,1
33,2,0,0,3598,54,0,1,3,0.0,0,1
77,3,1,0,1645,182,145369,0,2,28.57142857,0,0
80,2,8,0,1759,0,8326,1,5,14.28571429,0,0
37,1,0,0,6365,209,33777,0,5,81.25,0,0
97,2,7,0,7005,300,150317,1,4,28.57142857,0,0
17,2,0,0,-1,64,0,0,0,66.66666667,0,0
30,2,0,0,5226,252,257847,0,5,100.0,0,0
32,2,0,0,7297,372,0,1,5,0.0,0,0
18,1,0,0,2322,234,1342641,0,2,90.0,0,0
54,2,0,0,3672,346,0,1,0,0.0,1,1
30,2,0,0,-1,0,8078909,0,1,24.0,0,0
28,2,0,0,7295,374,10352326,1,5,0.0,0,1
66,6,0,0,5627,217,0,1,5,50.0,0,1
75,5,2,1,5626,218,0,1,5,0.0,1,1
114,2,10,0,7915,485,2460,0,6,0.0,0,0
69,2,4,0,3213,75,395589,0,5,66.66666667,0,0
36,3,0,0,-1,0,11312,0,4,0.0,0,0
46,2,0,0,2305,252,541454,1,4,68.18181818,0,1
44,1,1,0,2188,368,0,1,0,100.0,0,0
35,2,0,0,11039,3571,178542,0,5,100.0,0,0
215,4,0,0,-1,0,0,1,0,0.0,3,1
34,3,0,0,595,136,0,1,0,100.0,0,1
103,3,0,1,5674,170,0,1,2,20.0,1,1
24,3,0,0,8369,762,1212797,0,4,50.0,0,0
52,2,0,0,7132,902,12,0,7,100.0,0,0
36,2,0,0,3639,14,246250,0,3,100.0,0,0
60,5,0,0,-1,0,0,1,0,100.0,0,1
46,4,2,0,5616,228,0,1,5,0.0,0,1
49,4,0,0,-1,0,0,1,1,100.0,0,1
60,3,1,0,7297,372,0,1,5,0.0,0,1
196,3,2,0,1096,364,0,1,0,0.0,2,1
35,2,0,0,-1,2638,0,1,0,100.0,0,1
33,2,0,0,-1,52,0,0,1,0.0,0,0
74,2,0,0,4752,362,0,1,2,100.0,1,1
74,2,1,0,1250,210,0,1,0,75.0,3,1
189,3,0,0,1086,0,0,1,0,0.0,1,1
61,3,0,0,5122,357,0,1,5,50.0,0,0
73,4,0,1,-1,301,8119106,1,2,0.0,0,1
69,2,3,0,3320,333,1038201,1,1,97.2972973,0,1
26,2,1,0,-1,0,0,1,0,100.0,1,1
41,2,0,0,7296,373,0,0,5,0.0,0,0
120,4,0,0,4003,15,5816617,1,0,100.0,0,1
43,4,0,0,5021,0,578487,1,3,0.0,1,1
27,2,0,0,6655,1745,76289,0,4,75.0,0,0
79,2,0,0,227,139,0,1,0,0.0,1,1
113,3,0,0,3452,200,377801,1,4,100.0,0,0
56,2,2,0,4508,240,0,1,2,60.0,0,0
123,2,0,0,4379,0,0,1,0,84.0,0,1
28,2,0,0,4319,64,632846,0,4,50.0,0,0
35,2,0,0,4097,2112,84541,0,4,60.0,0,0
112,3,1,1,2713,209,0,1,0,88.88888889,4,1
66,2,4,0,5087,26,436109,1,4,62.5,0,0
40,2,0,0,-1,251,0,1,3,100.0,0,0
70,3,0,0,3317,335,0,1,2,0.0,1,1
53,2,3,0,2847,1901,6004,0,6,100.0,0,0
31,2,1,0,6253,321,279484,1,1,81.81818182,0,1
70,5,2,0,5627,217,0,1,5,0.0,0,1
26,1,0,0,2122,68,125062,1,6,4.761904762,0,1
17,1,0,0,4182,201,81417,0,3,100.0,0,0
69,4,1,0,-1,0,393662,1,2,0.0,0,1
67,2,2,0,3962,1517,838069,0,3,100.0,0,0
49,5,0,0,-1,0,0,1,0,89.47368421,1,1
46,2,0,0,7989,2237,77303,0,5,100.0,0,0
46,2,1,0,3381,272,0,1,0,0.0,0,1
110,16,0,0,1837,355,0,1,0,100.0,0,1
18,1,0,0,2442,115,1127025,0,1,80.48780488,0,1
97,2,1,0,-1,0,0,1,2,2.631578947,0,1
105,3,5,0,1453,372,0,1,0,0.0,0,1
32,2,0,0,5613,230,0,1,5,0.0,0,1
101,3,4,0,8047,352,1579,0,5,89.36170213,0,0
31,2,0,0,3385,632,325437,0,3,91.30434783,0,0
25,2,0,0,-1,0,82502,0,6,61.53846154,0,0
53,3,0,0,7199,1931,2264,0,5,57.14285714,0,0
56,3,0,0,620,111,0,1,0,0.0,0,1
62,2,0,0,1546,644,4639,1,2,66.66666667,0,1
48,2,1,0,157,208,5376297,1,1,100.0,2,1
43,2,0,0,6256,2509,688,0,6,61.53846154,0,0
60,4,1,0,12873,0,1943,0,5,0.0,0,0
126,3,16,0,4661,3010,1100689,1,3,65.38461538,0,0
54,2,0,0,1953,2430,4365,1,3,0.0,0,1
47,3,0,0,7130,905,12,1,7,100.0,0,0
32,3,1,0,607,0,0,0,0,4.545454545,0,1
106,3,2,0,-1,0,0,1,0,100.0,4,1
68,5,3,0,5616,228,0,1,5,0.0,3,1
52,2,0,0,785,310,0,1,1,100.0,1,1
22,2,0,0,1863,694,0,0,4,66.66666667,0,0
158,3,0,0,1692,134,0,1,1,75.0,1,1
45,3,1,0,4054,1425,38621,0,5,90.47619048,0,0
68,4,0,0,3992,25,5707171,1,0,100.0,0,1
57,4,0,0,-1,0,0,1,0,100.0,1,1
115,4,1,1,4608,140,0,1,3,50.0,5,1
32,2,0,0,7297,373,0,0,5,0.0,0,0
64,2,4,0,7909,491,939,1,6,100.0,0,0
237,3,1,0,3,362,0,1,0,100.0,1,1
57,3,1,0,6339,1331,204101,0,5,100.0,0,0
22,2,0,0,7424,0,5697494,0,2,55.55555556,0,0
65,5,3,0,5615,228,0,1,5,0.0,3,1
78,2,0,0,4522,591,0,1,0,50.0,0,1
53,2,0,0,1953,2430,4365,1,3,0.0,0,1
22,3,0,0,-1,0,0,1,0,0.0,0,1
35,2,0,0,6225,349,6330,0,5,100.0,0,0
68,6,0,0,-1,2381,0,1,2,100.0,0,1
65,2,1,0,7615,133,2188,0,5,52.94117647,0,0
77,4,0,0,2,0,0,1,0,79.62962963,0,1
29,2,0,0,3363,289,685801,1,3,0.0,0,1
111,3,4,0,9033,462,148846,1,5,38.88888889,0,0
47,1,0,0,2520,36,632001,1,7,0.0,0,1
68,6,0,1,-1,263,4509050,1,0,100.0,1,1
67,2,0,0,33,331,0,1,0,100.0,0,1
86,2,2,0,1546,644,4669,1,2,81.81818182,1,1
235,4,4,0,1615,212,2145026,1,1,64.70588235,3,1
117,2,5,0,326,40,0,1,0,0.0,0,1
19,2,0,0,-1,316,0,0,0,100.0,0,1
112,1,0,0,5964,245,0,1,0,100.0,0,1
62,2,3,0,2060,132,197464,0,3,95.0,0,0
46,2,0,0,6900,1865,11507,1,5,61.11111111,0,0
68,4,0,0,4003,15,5816617,1,0,100.0,0,1
45,3,2,0,5910,298,86075,0,5,81.81818182,0,0
30,2,1,0,1967,2416,4657,1,3,0.0,0,1
78,4,0,0,7086,948,18263,1,3,0.0,0,1
53,2,0,0,2229,328,54473,0,4,96.55172414,1,0
123,1,0,0,-1,192,0,1,0,100.0,0,1
132,2,1,0,8019,381,2897450,1,4,7.692307692000001,0,1
64,2,0,0,7841,1290,3990,0,5,0.0,0,0
20,2,0,0,5527,1046,2974,0,4,94.11764706,0,0
24,3,0,0,-1,0,5663319,0,2,100.0,0,0
98,4,0,1,-1,0,3128353,0,0,60.0,1,1
71,2,1,0,502,228,7105475,1,3,0.0,2,1
31,2,1,0,-1,0,803787,0,5,33.33333333,0,0
39,3,0,0,4275,108,124500,0,3,40.0,0,1
44,1,0,0,8991,1966,236,0,8,100.0,0,0
23,2,1,0,2271,651,4898186,0,1,78.26086957,0,0
112,1,13,0,5014,3037,10118,0,5,42.85714286,1,0
55,3,0,0,-1,94,0,1,3,33.33333333,1,1
33,2,0,0,3144,874,28224,0,3,83.33333333,0,0
77,2,0,0,4036,346,6651974,1,0,66.66666667,0,1
64,1,8,0,5797,47,1518,0,7,72.30769231,0,0
81,1,4,0,4462,286,903902,0,4,100.0,0,0
49,3,0,0,3934,84,0,0,4,0.0,0,0
29,3,0,0,-1,0,79863,1,1,66.66666667,0,1
39,2,0,0,3329,323,0,1,0,0.0,0,1
36,2,1,0,8881,616,23490,0,4,96.2962963,0,0
25,1,0,0,3753,265,0,1,1,0.0,1,1
98,4,0,1,254,112,0,0,0,50.0,0,1
44,2,0,0,-1,285,6720896,1,2,0.0,0,1
78,3,1,0,1546,644,4669,1,2,90.90909091,0,1
70,2,3,0,-1,236,53113,0,5,80.95238095,0,0
22,2,0,0,2968,684,1766695,0,4,40.0,0,0
88,2,1,0,330,401,0,1,0,100.0,2,1
50,3,3,0,4782,331,56709,0,5,88.88888889,0,0
127,3,4,0,1669,157,1963491,1,0,9.090909091,0,1
23,3,0,0,-1,0,2879434,0,2,77.77777778,0,0
117,3,5,0,8319,101,43198,1,4,0.0,1,0
70,2,3,0,9171,1786,56231,0,5,33.33333333,0,0
22,2,0,0,1440,386,0,0,2,33.33333333,0,0
45,2,0,0,6257,2508,689,0,6,61.53846154,0,0
66,3,3,0,7714,1417,7303,1,5,66.66666667,0,0
64,3,0,0,4212,170,0,1,0,0.0,0,1
79,2,1,0,454,277,7864522,1,0,83.33333333,0,1
44,2,2,0,3573,2270,15941,0,6,0.0,0,0
132,3,1,0,7764,272,32,0,5,0.0,1,1
85,1,9,0,4739,1836,5460,0,5,66.66666667,0,0
41,2,0,0,2674,247,0,0,0,84.0,1,1
113,1,10,0,2796,126,2878564,0,4,100.0,0,0
75,4,0,0,8916,215,14605,1,5,0.0,1,1
30,2,0,0,6818,121,469319,1,1,81.81818182,0,1
34,2,0,0,8941,191,815305,0,5,0.0,0,0
55,2,2,0,4491,987,2900,0,5,92.85714286,0,0
30,2,1,0,4987,126,0,0,2,90.90909091,0,0
52,2,2,0,5333,146,574,0,6,9.523809524,0,0
125,1,10,0,8012,1848,7856,0,6,50.0,0,0
50,3,0,0,3140,148,0,1,3,95.91836735,1,1
74,3,2,0,4178,205,0,1,0,0.0,2,1
38,2,0,0,7130,904,12,0,7,100.0,0,0
75,3,0,0,7336,2890,52443,0,5,100.0,0,0
42,2,0,0,7298,371,3638733,0,5,38.0952381,0,0
81,4,0,0,12238,0,2578,1,5,40.0,0,0
42,1,0,0,2805,117,0,1,4,64.70588235,0,0
26,3,0,0,-1,147,0,0,1,50.0,0,0
48,2,0,0,7133,902,12,0,7,100.0,0,0
196,2,4,0,1543,283,0,1,0,100.0,3,1
35,2,0,0,5895,2504,35,0,10,100.0,0,0
37,2,0,0,-1,0,0,1,2,0.0,0,1
24,1,0,0,3112,1271,3727610,0,0,0.0,0,1
32,3,1,0,91,274,7383488,0,0,77.77777778,0,1
100,3,5,0,8875,257,353569,1,4,0.0,0,0
60,4,0,0,-2,248,2475593,1,2,0.0,1,1
40,2,0,0,2740,181,1225906,0,3,73.52941176,0,0
28,2,0,0,8519,2805,8,0,10,12.5,0,0
27,2,0,0,4493,254,1433036,0,4,100.0,0,0
38,2,0,0,-1,167,40489,1,4,6.666666667,0,0
21,2,0,0,5855,353,325865,0,4,100.0,0,0
30,2,0,0,3952,65,3862928,0,4,100.0,1,0
79,4,0,0,-1,366,4439212,1,2,83.33333333,1,1
35,2,0,0,-1,0,0,1,2,0.0,0,1
119,4,0,0,4003,14,5828815,1,0,100.0,0,1
49,2,2,0,819,276,0,1,2,100.0,0,1
32,2,0,0,672,0,0,0,0,100.0,0,1
20,2,0,0,5451,27,2139,0,4,62.5,0,0
77,2,4,0,145,221,0,1,0,0.0,1,1
34,3,0,0,7,357,0,1,0,100.0,0,1
385,4,2,1,804,291,0,1,2,100.0,1,1
32,2,0,0,5904,1766,0,0,4,100.0,0,0
74,3,0,0,5200,1374,62156,1,3,42.85714286,0,0
20,2,0,0,-1,0,146147,0,5,57.14285714,0,0
44,2,1,0,7130,905,12,0,7,100.0,0,0
65,3,1,0,5376,467,1617573,1,0,100.0,0,1
34,2,0,0,5208,636,24006,1,4,75.0,0,1
25,2,0,0,5800,3330,9158,0,5,50.0,0,0
36,2,0,0,9178,318,25939,0,4,80.95238095,0,0
62,2,5,0,6931,374,175929,0,3,57.14285714,0,0
126,2,1,0,8018,382,0,1,4,0.0,0,1
79,3,0,0,8751,14,19173,0,5,0.0,0,0
22,2,0,0,3289,1824,283700,0,3,86.36363636,0,0
19,1,0,0,-1,89,3128738,1,4,10.0,0,1
69,2,5,0,7835,2392,10619,0,6,78.94736842,1,0
30,2,0,0,7295,374,10238442,1,5,0.0,0,1
76,6,0,0,4197,185,0,1,1,100.0,2,1
28,2,0,0,1468,0,3722367,0,0,50.0,0,0
50,2,1,0,4250,132,0,1,1,0.0,0,1
85,1,11,0,3108,180,1230682,0,3,66.66666667,0,0
71,5,0,0,-1,0,1137000,1,1,0.0,0,1
51,1,1,0,4261,122,0,1,0,14.28571429,3,1
47,3,1,0,4519,228,0,1,1,0.0,3,1
51,1,1,0,4004,44,0,1,2,100.0,4,1
58,3,6,0,5913,295,86462,0,5,81.81818182,0,0
58,5,0,0,-1,0,65780,1,5,0.0,0,0
36,2,0,0,3759,623,158056,0,4,77.27272727,0,0
49,3,0,0,5407,1532,457648,0,4,0.0,0,0
14,1,0,0,-1,0,141124,0,4,31.25,0,0
30,2,0,0,5208,270,828436,0,3,25.0,0,0
55,1,4,0,2619,302,840734,0,4,66.66666667,0,0
54,3,3,0,-1,0,1817866,0,2,87.5,0,0
34,3,0,0,-1,0,0,0,1,92.30769231,0,0
105,2,7,0,6304,271,876586,0,3,64.70588235,0,0
46,2,3,0,7128,176,8386524,1,1,81.81818182,0,1
66,2,1,0,7835,201,600,1,6,29.03225806,0,0
60,3,0,0,3245,43,0,1,0,60.0,1,1
24,3,0,0,-1,241,0,0,4,100.0,0,0
56,2,2,0,143,222,0,1,0,0.0,0,1
83,3,3,0,6944,360,2280470,0,3,42.85714286,0,0
34,2,0,0,2332,225,462435,0,2,95.0,0,0
39,2,0,0,7298,371,0,0,5,0.0,0,0
34,2,0,0,2303,253,654119,0,3,100.0,0,0
60,3,0,0,2751,535,6688,0,4,88.88888889,0,0
41,1,1,0,6342,963,0,1,0,33.33333333,3,1
66,3,0,0,9047,813,3346,0,6,25.0,0,0
43,3,0,0,5166,313,121741,0,4,80.0,0,0
23,2,0,0,5071,176,1355602,0,3,77.77777778,0,0
52,1,2,0,2310,247,436286,0,4,28.57142857,0,0
24,2,0,0,1472,0,1294925,0,2,81.81818182,0,0
63,2,2,0,5223,985,136,0,8,58.82352941,0,0
34,2,0,0,2374,0,0,0,2,87.5,0,0
39,1,0,0,1975,217,0,1,0,0.0,0,1
131,5,1,0,3993,25,5707171,1,0,100.0,0,1
40,3,0,0,5311,290,2070267,1,2,100.0,0,1
21,3,0,0,-1,0,109257,0,4,95.0,0,0
60,2,0,0,5062,1878,323394,0,5,71.42857143,0,0
53,2,0,1,2139,0,309382,1,7,0.0,0,1
38,3,0,0,6672,29829,482006,1,4,84.21052632,0,0
40,3,0,0,8922,1830,309153,1,3,0.0,0,1
25,2,0,0,-1,550,499165,0,4,66.66666667,0,0
46,2,0,0,-1,299,218745,0,4,80.0,0,0
46,1,0,0,2310,247,0,1,2,0.0,2,1
33,2,0,0,3153,135,9482009,0,3,77.77777778,0,0
314,9,4,0,8347,2973,1,1,10,0.0,5,1
42,4,0,0,1497,0,3512368,1,2,100.0,1,1
35,3,0,0,-1,0,0,1,0,0.0,1,1
57,4,1,0,5615,228,0,1,5,0.0,2,1
40,3,0,0,8145,619,12421,0,6,30.95238095,0,0
34,2,0,0,3704,1409,0,0,2,8.695652174,0,0
32,3,0,0,8220,546,970759,0,3,50.0,0,0
41,3,0,0,7196,1934,2202,0,5,57.14285714,0,0
28,2,1,0,975,121,0,0,0,0.0,0,0
70,3,1,0,1841,351,399894,1,1,100.0,2,1
57,2,0,0,7130,905,12,0,7,100.0,0,0
212,2,0,0,2587,334,23325,1,4,0.0,0,1
53,5,2,0,5627,217,0,1,5,0.0,0,1
27,2,0,0,-1,0,4090060,0,4,11.11111111,0,0
29,2,0,0,6170,770,567796,1,3,0.0,1,1
70,1,0,0,265,101,0,1,0,66.66666667,0,1
38,2,0,0,7295,374,0,1,5,0.0,1,1
21,2,0,0,3036,615,525784,0,3,100.0,0,0
22,2,0,0,4789,324,596396,0,3,97.05882353,0,0
64,2,2,0,6245,330,25149,1,5,65.38461538,1,0
96,3,0,0,193,173,0,0,0,66.66666667,0,1
35,3,0,0,-1,15,0,0,2,100.0,0,0
66,5,0,0,834,261,2151511,1,1,0.0,0,1
27,2,0,0,-1,0,494382,0,4,44.44444444,0,0
26,2,0,0,6150,59,22700,0,5,25.0,0,0
27,2,0,0,6061,148,0,1,2,0.0,0,1
50,3,0,0,6558,381,0,0,4,88.88888889,0,1
21,1,0,0,2352,205,2353032,1,4,10.0,0,1
54,2,0,0,477,253,0,0,0,83.33333333,0,1
36,1,0,0,774,0,0,1,0,0.0,1,1
21,1,1,0,44,0,3169370,0,2,13.63636364,0,0
21,2,0,0,5859,1080,52365,0,2,0.0,0,0
27,1,0,0,2864,0,0,0,2,94.11764706,0,0
25,2,0,0,8104,1356,412763,0,3,66.66666667,0,0
46,3,0,0,1546,645,4669,1,2,5.263157895,0,1
23,1,0,0,-1,0,1144129,0,4,77.77777778,0,0
51,2,0,0,-1,0,14117,1,5,0.0,0,0
42,2,1,0,8346,2976,1,0,10,66.66666667,0,0
67,5,2,0,5616,228,0,1,5,0.0,0,1
44,2,0,0,685,45,0,1,0,100.0,3,1
96,4,0,0,-1,0,90238,1,2,0.0,0,1
32,1,0,0,626,104,0,0,0,40.0,0,1
44,2,1,0,7586,449,982,0,5,100.0,0,0
41,2,1,0,1535,655,4641,1,2,33.33333333,0,1
45,3,1,0,-1,0,2643194,1,2,0.0,1,1
27,3,0,0,8165,601,6420236,0,4,71.42857143,0,0
24,2,0,0,8493,172,434529,0,4,77.77777778,0,0
119,4,1,0,3826,192,0,1,0,22.22222222,0,1
36,2,0,0,7298,371,0,0,5,0.0,0,0
25,2,0,0,7400,330,13297,0,4,72.41379309999998,0,0
42,2,0,0,5160,1048,0,0,8,100.0,0,0
36,2,0,0,-1,0,972151,0,3,82.60869565,0,0
29,3,0,0,9984,243,219920,1,4,100.0,0,0
62,2,4,0,7282,0,2527650,0,3,0.0,0,1
36,3,0,0,9103,393,628316,0,2,0.0,0,0
75,3,0,0,-1,0,0,1,0,0.0,1,1
33,2,0,0,5789,54,19754,1,3,0.0,0,1
31,2,0,0,3555,98,0,0,3,0.0,0,0
67,2,0,0,-1,246,0,1,0,100.0,0,1
140,2,2,0,8018,382,0,1,4,7.692307692000001,0,1
72,2,5,0,6986,1780,11508,0,5,100.0,0,0
98,1,0,0,217,149,0,1,0,100.0,0,1
84,5,0,1,959,867,37229,1,2,0.0,0,1
20,2,0,0,-1,0,2742425,0,4,75.0,0,0
49,3,0,0,8145,620,12421,0,6,30.95238095,0,0
24,2,0,0,3374,278,0,1,1,0.0,0,1
22,2,0,0,5066,1142,448940,0,4,100.0,0,0
63,2,1,0,2048,144,0,1,3,0.0,3,1
28,2,0,0,7296,373,0,0,5,0.0,0,0
54,2,4,0,5117,362,39877,0,5,82.14285714,0,0
35,2,0,0,6860,2270,8832,0,5,100.0,0,0
56,2,0,0,7562,838,1696,1,7,45.45454545,0,0
73,2,0,0,-1,259,533432,0,3,66.66666667,1,1
20,2,0,0,-1,0,0,0,3,100.0,0,0
63,1,1,0,2199,357,0,1,2,100.0,2,1
16,2,0,0,-1,3449,2261956,0,3,50.0,0,0
26,2,0,0,94,271,0,0,2,66.66666667,0,0
39,3,0,0,7130,905,12,1,7,100.0,0,0
42,3,0,0,8264,136,0,1,3,0.0,0,0
33,2,0,0,3873,1605,409632,0,2,0.0,0,0
34,3,0,0,5576,267,127665,0,5,100.0,0,0
70,2,3,0,-1,103,0,1,0,0.0,0,0
80,4,2,0,7448,587,385,0,8,0.0,0,0
64,5,0,0,5627,217,0,1,5,0.0,0,1
30,2,0,0,4283,99,2053110,0,4,60.0,0,0
98,1,0,0,217,149,0,1,0,100.0,1,1
61,1,4,0,3461,1286,205761,0,5,66.66666667,0,0
69,2,0,0,7296,374,0,1,5,46.15384615,0,1
75,3,4,0,7912,-1,12440,1,5,89.47368421,0,0
77,1,7,0,5484,2185,1338,0,7,61.53846154,0,0
68,3,4,0,4621,127,4864847,0,3,100.0,0,0
25,2,1,0,560,170,0,1,2,0.0,0,1
86,1,11,0,5522,321,1512,0,8,66.66666667,0,0
85,3,0,0,2113,78,0,1,1,93.33333333,1,1
50,3,0,0,-1,86,0,1,0,0.0,0,1
81,5,2,0,5627,217,0,1,5,50.0,0,1
45,3,0,0,17,348,0,1,0,100.0,0,1
70,3,0,0,5136,343,47077,1,2,75.0,0,1
17,1,0,0,-1,0,2301881,1,0,0.0,0,1
43,2,0,0,-1,263,328722,0,2,42.85714286,1,0
59,4,0,0,3480,172,0,1,0,100.0,1,0
37,1,1,0,1744,83,0,0,2,0.0,2,1
89,4,1,0,8759,691,12435,0,7,0.0,0,0
32,2,0,0,7327,342,3007593,1,1,81.81818182,0,1
99,2,6,0,1064,31,10419771,1,0,100.0,0,1
32,1,0,0,2452,104,364581,0,4,41.17647059,0,0
22,1,0,0,-1,0,3507,1,9,100.0,0,1
32,2,0,0,5638,205,2,0,10,56.0,0,0
37,2,0,0,3927,90,2274330,0,0,0.0,1,1
46,3,0,0,-1,0,0,1,0,100.0,1,1
52,2,0,0,5301,542,0,1,0,0.0,0,1
54,4,0,0,5985,954,269852,0,4,0.0,0,0
72,2,4,0,175,190,0,1,0,75.0,0,0
40,2,0,0,1943,249,0,1,0,0.0,2,1
23,2,0,0,1986,936,200581,0,3,16.66666667,0,0
135,7,1,0,531,200,0,1,0,75.0,3,1
43,2,3,0,7420,1345,285,1,7,0.0,0,0
55,2,0,0,2345,212,237648,1,2,57.14285714,0,0
140,3,5,0,1113,346,0,1,0,100.0,0,1
42,3,1,0,7052,253,1720,0,7,75.0,0,0
29,2,0,0,4880,599,739559,0,4,87.5,0,0
77,3,0,0,11554,133,609,1,7,100.0,0,0
28,2,0,0,1890,302,25136,0,3,50.0,0,0
46,2,0,0,3756,991,0,1,0,0.0,1,1
27,2,0,0,2208,713,802734,0,3,33.33333333,0,0
42,2,1,0,5138,706,0,1,4,25.0,2,1
44,2,2,0,8152,248,132,0,6,69.23076923,0,0
47,2,1,0,8520,2804,8,1,10,12.5,0,0
44,4,0,0,5616,228,0,0,5,0.0,0,1
29,2,0,0,6062,148,3210107,0,6,100.0,0,0
35,2,0,0,8516,2808,8,0,10,22.22222222,0,0
46,2,0,0,1546,644,4669,1,2,66.66666667,0,1
50,2,0,0,-1,0,0,1,0,0.0,0,1
72,1,1,0,4398,350,0,1,2,0.0,3,1
18,2,0,0,-1,0,0,0,4,100.0,0,0
44,4,0,0,4040,0,9784585,1,2,100.0,0,1
50,2,0,0,1581,1705,6331231,1,0,0.0,2,1
79,2,5,0,5041,803,112884,0,4,90.0,0,0
145,2,3,0,8019,381,0,1,4,7.692307692000001,0,1
112,2,13,0,5111,2925,7362,0,4,0.0,1,0
48,4,0,0,1302,159,0,1,0,74.19354839,0,1
57,5,2,0,5627,217,0,1,5,0.0,0,1
21,2,0,0,-1,0,282482,0,3,100.0,0,0
62,3,1,0,-1,591,173291,1,3,0.0,0,0
58,2,1,0,-1,0,641733,1,2,0.0,3,1
99,3,0,0,6663,1737,53189,1,5,0.0,0,0
77,3,0,0,-1,223,0,1,2,0.0,0,1
54,3,1,0,10674,285,23,1,8,100.0,0,0
24,2,0,0,2177,15,4711881,0,4,74.07407407,0,0
37,3,0,0,302,63,0,1,0,80.0,0,1
27,2,0,0,7505,167,1324178,0,5,66.66666667,0,0
35,2,0,0,5160,1049,0,0,8,0.0,0,0
396,19,10,0,2961,690,277981,1,1,0.0,4,1
114,7,2,0,724,0,23941,1,1,100.0,1,1
41,2,0,0,5160,1048,0,1,8,100.0,0,0
72,3,0,0,7339,2887,48563,0,5,100.0,0,0
79,3,7,0,3040,612,520131,0,4,50.0,0,0
51,4,0,0,7729,306,0,1,2,0.0,0,1
159,3,6,1,-1,540,0,1,0,66.66666667,1,1
33,3,0,0,-1,211,0,0,1,50.0,0,0
18,1,0,0,3620,43,0,1,2,0.0,0,1
22,3,0,0,-1,0,570549,0,5,100.0,0,0
25,2,0,0,3241,46,1730088,0,2,66.66666667,0,0
45,2,0,0,2364,193,5220539,0,4,75.86206897,0,0
44,2,0,0,6904,1861,11691,1,5,61.11111111,0,0
19,2,0,0,-1,316,0,1,0,100.0,0,1
23,2,0,0,-1,0,1342598,0,2,95.0,0,0
51,2,0,0,7634,36,54115,1,6,72.0,0,1
46,2,1,0,2130,62,17451,1,4,16.66666667,0,0
32,2,0,0,8519,2805,8,0,10,12.5,0,0
78,2,4,0,4209,173,4303407,0,4,77.77777778,1,0
26,1,0,0,2188,369,0,1,0,0.0,1,1
35,2,0,0,-1,0,858992,0,2,83.33333333,0,0
51,2,0,0,6038,901,87821,0,5,44.44444444,0,0
28,2,0,0,6510,430,0,0,0,100.0,0,0
52,3,3,0,1546,645,4669,1,2,66.66666667,1,1
40,2,1,0,2348,208,250649,1,2,57.14285714,0,0
40,2,2,0,6598,24,0,1,2,0.0,0,0
115,2,1,0,-1,0,6211376,1,0,100.0,1,1
55,3,0,0,5228,250,5819959,0,7,0.0,0,0
37,2,0,0,85,279,7809609,0,0,66.66666667,0,0
25,2,0,0,5904,1766,0,0,4,100.0,0,0
48,2,2,0,3841,176,170987,0,3,100.0,0,0
42,2,0,0,8520,2804,8,0,10,12.5,0,0
27,2,0,0,50,315,7782791,0,3,87.5,0,0
48,2,0,0,534,196,7375648,1,1,0.0,0,1
32,2,0,0,7299,370,33345,0,5,25.0,0,0
33,2,0,0,5551,152,109866,0,5,100.0,0,0
28,2,0,0,5160,1048,0,1,8,75.0,0,0
83,1,1,0,687,409,0,1,0,71.73913043,1,1
51,2,0,0,5509,335,1290,1,7,100.0,0,0
58,3,2,0,6697,1975,774224,0,4,83.33333333,0,0
112,3,2,0,5182,297,2693631,0,3,0.0,0,0
35,2,1,0,2838,84,0,1,2,0.0,0,1
62,3,0,0,7754,3569,48945,0,5,63.63636364,0,0
101,3,1,0,4609,139,0,1,3,50.0,4,1
57,2,0,0,6337,603,291,0,5,100.0,0,0
64,4,0,0,4943,901,0,1,2,0.0,1,1
71,4,1,0,-1,0,1316,1,6,100.0,0,0
45,2,0,0,6259,2506,682,0,6,61.53846154,0,0
22,2,0,0,-1,0,264503,0,3,84.61538462,0,0
210,8,0,1,6206,3,1510312,1,4,80.0,1,1
56,3,0,0,-1,0,0,1,0,100.0,2,1
206,3,1,0,2018,0,7405079,1,0,100.0,3,1
20,2,0,0,-1,0,182725,0,4,0.0,0,0
25,3,0,0,2346,0,924427,0,1,44.44444444,0,0
49,2,1,0,9200,298,685,0,6,90.47619048,0,0
125,2,8,0,8217,2009,8686,0,5,100.0,0,0
68,5,0,0,2204,352,598345,1,1,100.0,1,1
26,2,0,0,6515,1886,68739,0,5,50.0,0,0
22,2,0,0,7535,135,1269923,0,5,0.0,0,0
74,4,0,0,395,335,0,1,0,100.0,1,1
51,5,0,0,5613,230,0,1,5,0.0,0,1
47,1,0,0,4255,128,213286,1,5,91.66666667,0,0
51,2,0,0,7417,252,0,1,3,100.0,1,1
50,2,0,0,-1,1793,3986413,0,0,86.36363636,0,0
84,3,4,0,10158,0,516692,1,4,0.0,0,0
50,3,0,0,-1,0,294804,0,4,0.0,0,0
49,3,0,0,6714,225,10628,0,5,85.71428571,0,0
44,2,1,0,5095,1479,11056,0,5,100.0,0,0
50,2,2,0,8571,666,22192,0,5,100.0,0,0
30,2,0,0,7296,373,0,0,5,0.0,0,0
31,2,0,0,1759,68,983336,0,2,66.66666667,0,0
34,2,0,0,7586,449,988,0,5,100.0,0,0
42,2,0,0,684,47,0,1,0,85.71428571,2,1
95,7,1,0,-1,340,0,1,0,0.0,0,1
39,3,0,0,570,161,0,1,2,0.0,0,1
19,1,0,0,-1,0,1583366,0,3,86.95652174,0,0
59,2,1,0,7617,131,2187,0,5,52.94117647,0,0
45,5,0,0,5616,227,0,1,5,0.0,0,1
63,2,0,0,4926,187,0,1,2,100.0,0,1
501,2,0,0,985,110,4473276,0,0,100.0,0,1
61,3,1,0,-1,136,0,1,3,0.0,1,1
94,3,5,0,9098,0,5745,1,5,0.0,0,0
38,3,0,0,-1,0,0,0,3,100.0,0,0
29,2,0,0,3486,167,0,0,2,60.0,0,0
75,6,2,0,1628,198,3025118,1,1,100.0,0,1
49,2,0,0,4284,98,0,1,3,83.33333333,0,0
44,2,0,0,7299,370,0,0,5,0.0,0,0
45,2,0,0,9204,294,688,0,6,90.47619048,0,0
35,3,0,0,5572,271,122785,0,5,100.0,0,0
57,2,3,0,4170,213,3316475,0,3,85.71428571,0,0
85,3,5,0,9085,46,399658,1,5,0.0,1,0
194,4,4,1,3333,320,0,1,2,100.0,4,1
40,2,2,0,7083,952,17964,1,3,0.0,0,1
63,2,3,0,5249,2056,107075,0,4,66.66666667,0,0
75,2,1,0,5927,7,0,1,1,0.0,3,1
27,2,0,0,-1,272,0,1,1,0.0,0,1
59,2,0,0,7133,902,12,0,7,100.0,0,0
74,2,0,0,-1,0,0,1,0,50.0,0,1
27,2,0,0,-1,1050,567830,0,2,94.73684211,0,0
47,3,0,0,5055,59,0,1,0,0.0,1,1
70,2,1,0,8348,2974,1,1,10,0.0,1,1
32,2,0,0,5347,131,0,0,5,0.0,0,0
21,1,0,0,-1,0,3523,1,9,16.66666667,0,1
54,2,1,0,7122,3470,33428,1,4,7.692307692000001,0,0
146,4,0,0,5616,228,0,1,5,0.0,0,1
37,2,0,0,4484,1360,262,1,4,100.0,0,1
26,2,0,0,2600,0,0,0,3,73.58490566,0,0
98,2,2,0,3078,209,0,1,0,0.0,2,1
28,2,0,0,-1,0,152850,0,5,66.66666667,0,0
22,2,0,0,2575,0,29000,0,3,92.30769231,0,0
24,2,0,0,2131,1886,2019323,0,3,14.81481481,0,0
23,2,0,0,5852,356,76924,1,1,0.0,0,1
34,2,1,0,-1,3153,1316824,0,5,88.23529412,0,0
28,2,0,0,2442,0,691147,0,2,60.0,0,0
32,2,0,0,-1,61,5082757,0,4,70.0,0,0
78,4,2,0,2996,290,0,1,0,100.0,1,1
51,5,0,0,1144,317,0,1,0,100.0,1,1
39,2,1,0,8516,2808,8,1,10,11.76470588,0,0
47,2,0,0,7299,371,0,0,5,9.090909091,0,0
102,2,7,0,6301,2100,1416073,0,3,55.55555556,0,0
33,1,0,0,2306,0,0,1,0,0.0,0,1
147,3,0,0,7766,270,32,0,5,0.0,0,1
252,7,7,0,1323,138,0,1,0,0.0,2,1
104,3,0,0,9286,212,2093,1,7,50.0,0,0
46,2,0,0,7130,905,12,0,7,100.0,0,0
37,2,0,0,7586,449,982,0,5,100.0,0,0
87,4,4,0,7449,586,385,0,8,0.0,0,0
29,3,0,0,4577,902,15595,0,5,85.71428571,0,0
58,2,5,0,5883,1421,181,0,6,88.88888889,0,0
34,2,0,0,7451,584,6629429,0,2,100.0,0,0
27,1,0,0,3925,458,0,0,0,25.0,0,1
47,2,3,0,5069,774,67757,0,5,90.0,0,0
21,1,0,0,5,359,0,1,0,100.0,0,1
72,4,0,0,2695,227,0,1,0,0.0,0,1
35,2,0,0,3360,293,9585,0,2,66.66666667,0,0
114,2,1,0,8347,2975,1,1,10,33.33333333,1,1
48,3,0,0,5970,604,136512,0,4,88.88888889,0,0
188,1,4,0,1492,334,0,1,1,63.63636364,0,1
27,2,0,0,-1,523,242534,0,3,33.33333333,0,0
61,3,0,0,6856,1544,663,0,6,81.81818182,0,0
46,5,0,0,88,277,9498326,1,0,66.66666667,0,1
28,2,0,0,7296,373,1483977,0,5,10.0,0,0
34,1,0,0,7488,182,63,0,10,50.0,0,0
55,5,0,0,5615,228,0,1,5,0.0,0,1
28,2,0,0,-1,0,0,1,0,0.0,0,1
50,3,0,0,3515,1964,10338,0,5,78.94736842,0,0
71,4,0,0,3386,99,0,1,1,0.0,0,1
147,7,5,1,-1,363,0,1,0,66.66666667,1,1
89,3,4,0,12125,660,1000,0,7,100.0,0,0
49,1,3,0,8852,280,3960,1,7,7.692307692000001,0,0
57,1,0,0,5375,104,0,1,0,0.0,0,1
46,3,0,0,-1,19,0,1,0,0.0,0,1
44,4,0,0,-1,0,0,1,0,100.0,0,1
36,2,0,0,4322,63,0,1,3,0.0,0,1
62,3,0,0,5116,1092,0,1,4,100.0,0,0
24,2,0,0,6679,2087,515929,0,4,0.0,0,0
77,2,0,0,1710,0,0,1,0,0.0,0,1
39,2,0,0,343,22,0,1,0,0.0,1,1
92,2,6,0,9075,1882,15117,0,5,100.0,0,0
32,2,1,0,7296,373,589799,0,5,16.66666667,0,0
83,3,0,0,-1,0,0,1,0,100.0,0,1
47,3,0,0,5984,590,17696,1,3,0.0,0,1
18,1,0,0,-1,0,0,0,2,50.0,0,0
69,2,4,0,1137,1784,994161,0,3,42.85714286,0,0
29,2,1,0,-1,232,0,0,3,25.0,0,0
31,2,0,0,-1,0,2274178,0,3,50.0,0,0
31,2,0,0,165,201,0,1,0,0.0,0,1
22,2,0,0,4044,339,2572445,0,3,94.44444444,0,0
22,2,0,0,-1,0,865154,0,5,50.0,0,0
53,2,3,0,6382,0,0,1,3,0.0,0,1
56,1,1,0,-1,230,0,1,0,0.0,0,1
138,3,1,0,906,190,0,0,0,100.0,0,1
24,2,0,0,4540,0,740545,0,4,100.0,0,0
69,3,2,0,7417,983,2697,0,6,93.75,0,0
68,2,2,0,5729,1576,3768,0,6,95.0,0,0
16,2,0,0,-1,0,33693,0,5,0.0,0,0
29,2,0,0,-2,1452,366228,0,3,88.88888889,0,0
26,2,0,0,1232,0,123825,1,2,64.70588235,1,1
37,1,1,0,3934,84,0,1,0,0.0,0,1
23,2,0,0,5737,0,315377,0,3,25.0,0,0
97,4,0,0,-1,0,0,1,2,41.66666667,3,1
33,1,0,0,394,336,0,1,0,100.0,0,1
59,1,2,0,8970,161,39063,0,5,100.0,0,0
53,3,2,0,5514,3251,22533,0,4,25.0,1,0
120,7,2,0,725,0,23941,1,1,100.0,1,1
425,24,0,1,-1,0,0,1,0,0.0,3,1
40,1,0,0,1221,240,0,1,0,100.0,0,1
56,2,3,0,4642,1932,2721,0,6,93.33333333,0,0
49,2,1,0,5707,241,1652125,1,1,100.0,0,1
52,3,0,0,8570,197,483695,0,5,0.0,0,0
85,2,0,0,1999,192,0,1,0,100.0,1,1
68,4,0,0,3992,25,0,1,0,100.0,0,1
28,2,0,0,7816,464,210,0,7,92.85714286,0,0
64,3,5,0,3329,323,3906120,0,4,30.0,0,0
74,4,3,0,7445,589,381,1,8,0.0,0,0
26,3,0,0,4767,0,79297,0,4,0.0,0,0
25,3,0,0,1729,0,876628,0,2,100.0,0,0
27,2,0,0,8436,329,3195,0,7,66.66666667,0,0
78,2,6,0,2432,124,14720,0,5,97.43589744,0,0
41,3,0,0,7938,96,53010,0,5,66.66666667,0,0
48,2,1,0,7408,2799,13619,0,5,20.0,0,0
54,2,0,0,725,0,24457,1,1,60.0,1,1
41,2,0,0,5670,173,7652,0,5,36.84210526,0,0
31,2,0,0,7447,588,7015517,0,8,68.08510638,0,0
62,2,0,0,7134,900,13,0,7,100.0,0,0
58,2,3,0,2708,185,1014308,0,5,45.45454545,0,0
98,1,4,0,-1,274,1007290,0,0,0.0,0,1
59,3,0,0,5767,76,0,1,2,100.0,0,1
22,1,1,0,5,359,0,1,0,100.0,0,1
47,3,0,0,-1,0,2404290,1,2,66.66666667,0,1
55,2,0,0,7615,133,2190,0,5,52.94117647,0,0
29,2,0,0,8759,371,127538,0,6,9.210526316,0,0
43,3,0,0,5310,3455,38610,0,5,28.57142857,0,0
72,2,0,0,125,239,0,1,0,100.0,0,1
30,2,0,0,3705,313,0,1,0,0.0,0,1
48,1,0,0,2210,347,0,1,0,0.0,0,1
54,2,2,0,5509,335,1294,0,7,100.0,0,0
80,4,2,0,5161,1047,114,1,8,0.0,0,0
26,2,0,0,796,299,4909718,0,0,16.66666667,0,1
69,4,0,1,574,156,0,1,2,0.0,0,1
56,5,1,0,5795,412,0,1,1,18.75,1,1
59,2,0,0,-1,416,4041592,0,5,0.0,0,0
77,2,1,0,548,182,0,1,1,0.0,1,1
26,2,0,0,2051,140,1872428,0,3,11.11111111,0,0
25,2,0,0,961,135,2490986,0,2,66.66666667,0,0
27,2,0,0,2853,1164,120685,0,4,50.0,0,0
68,1,5,0,3055,232,173558,0,4,59.375,0,0
49,3,0,0,7134,901,12,1,7,100.0,0,0
28,2,0,0,5861,713,15387,0,4,77.77777778,0,0
35,2,0,0,7449,586,0,0,8,64.0,0,0
73,1,0,0,-1,-1,0,1,0,0.0,0,1
26,2,0,0,2221,336,901805,0,2,0.0,0,0
32,2,2,0,-1,0,344645,0,4,88.88888889,0,0
31,2,0,0,-1,0,6191598,0,2,64.28571429,0,0
49,3,0,0,-2,308,0,1,2,83.33333333,0,0
121,7,1,0,-1,953,0,1,0,0.0,3,1
83,2,10,0,9399,1558,15,0,9,100.0,0,0
59,2,1,0,-1,74,0,1,0,0.0,4,1
21,2,0,0,1108,0,1540284,0,3,75.0,0,0
38,2,1,0,7860,540,7868,0,6,60.0,0,0
26,2,0,0,5487,722,242047,0,4,85.71428571,0,0
66,2,2,0,9515,1442,129,0,8,36.0,0,0
21,1,0,0,1843,0,0,0,1,100.0,0,0
39,2,2,0,-1,0,77586,0,1,0.0,2,1
25,2,0,0,-1,0,0,0,2,80.0,0,0
80,2,1,1,4663,85,0,1,0,40.0,0,1
126,3,0,0,-1,0,67041,1,5,100.0,1,1
89,2,6,0,-1,24,0,1,0,0.0,0,0
332,6,0,0,-1,0,0,1,0,100.0,0,1
47,2,0,0,6609,330,931,1,5,87.09677419,0,1
79,2,0,0,5056,787,77743,0,4,75.0,0,1
42,3,0,0,7427,1703,193,0,7,71.42857143,2,0
42,2,0,0,7131,904,12,0,7,100.0,0,0
69,3,0,0,-1,0,1213760,1,4,0.0,0,0
25,2,0,0,7588,98,50395,0,5,44.44444444,0,0
13,1,0,0,-1,0,1271273,0,2,27.27272727,0,0
60,1,0,0,60,305,7866174,1,0,100.0,0,1
31,1,1,0,7,723,0,1,0,0.0,0,1
23,2,0,0,3027,0,0,0,2,0.0,0,0
34,2,0,0,1546,645,4669,1,2,3.50877193,0,1
35,2,0,0,8520,2804,8,0,10,13.33333333,0,0
25,2,0,0,-1,0,313138,0,3,95.83333333,0,0
95,3,0,0,8609,156,74745,1,5,77.77777778,0,0
32,2,0,0,-1,290,4910786,0,0,0.0,0,1
43,2,0,0,-2,361,0,1,0,100.0,0,1
35,2,0,0,4910,203,10530414,0,4,100.0,0,0
27,2,0,0,1941,980,1181262,0,4,87.5,0,0
43,2,1,0,3374,279,33138,0,4,0.0,0,0
61,4,2,0,2532,2216,514430,1,0,100.0,2,1
50,3,1,0,7876,1201,5851,0,5,0.0,0,0
29,2,0,0,-1,17,2097546,0,1,0.0,0,0
24,2,0,0,2042,149,112902,0,3,100.0,0,0
59,2,0,0,5245,599,0,1,4,61.97183099,0,0
22,2,0,0,7253,53,943419,1,1,0.0,0,1
33,2,0,0,8967,1259,70,0,8,0.0,0,0
98,8,0,1,8347,2974,1,0,10,0.0,0,1
35,2,0,0,2341,215,818989,0,4,73.52941176,0,0
46,2,0,0,2576,345,0,1,2,0.0,0,1
25,2,0,0,181,549,0,0,2,100.0,0,0
57,3,4,0,-1,169,1003956,0,3,100.0,0,0
80,3,0,0,9437,424,203662,0,3,0.0,0,0
23,2,1,0,-1,158,0,0,2,93.10344828,0,0
67,3,1,0,7522,514,10631,0,5,30.76923077,0,0
40,3,1,0,-1,153,0,1,2,100.0,0,1
100,1,2,0,1707,120,4830221,1,2,100.0,2,1
38,2,0,0,245,120,0,0,1,100.0,0,1
28,2,0,0,4200,182,352448,0,4,42.85714286,0,0
74,2,0,0,-1,124,0,1,0,83.33333333,2,1
93,2,9,0,4283,100,0,1,1,100.0,0,1
54,2,0,0,3583,69,0,0,0,100.0,0,1
80,2,0,0,5897,676,2688,1,7,100.0,0,0
26,2,0,0,2946,341,1866788,0,4,66.66666667,0,0
38,1,0,0,61,303,0,1,0,0.0,0,1
56,2,1,0,-1,28,0,1,0,66.66666667,5,1
77,3,5,0,7831,1300,2527,0,6,13.33333333,0,0
46,4,0,0,6377,197,7962,1,5,90.47619048,0,0
44,2,1,0,10605,352,7074,1,6,82.35294118,0,0
139,2,2,0,8018,382,0,1,4,0.0,0,1
42,2,1,0,1546,644,4669,1,2,50.0,0,1
58,2,0,0,7134,901,13,0,7,100.0,0,0
18,1,0,0,5378,101,1838457,0,4,70.83333333,0,0
47,2,0,0,7130,905,12,0,7,100.0,0,0
30,2,0,0,4550,199,0,1,0,0.0,0,1
49,2,0,0,6338,602,289,0,5,100.0,0,0
102,6,0,0,5230,248,0,1,0,0.0,2,1
57,2,1,0,6316,2085,8182,0,6,75.0,0,0
33,2,2,0,1950,242,341948,0,1,0.0,1,1
70,2,3,0,7618,130,2192,0,5,47.36842105,0,0
25,2,0,0,5455,388,0,0,2,0.0,0,1
59,2,0,0,-1,293,0,1,2,0.0,0,1
40,2,0,0,256,109,0,1,2,0.0,0,0
41,2,1,0,8960,171,581,0,6,27.27272727,0,0
107,2,9,0,6075,2325,450,0,6,69.23076923,0,0
32,2,0,0,1971,221,0,0,0,57.14285714,0,0
165,4,6,1,-1,0,1768405,1,2,66.66666667,1,1
84,2,5,0,5222,986,135,0,8,58.82352941,0,0
26,2,0,0,2571,351,508220,0,1,0.0,0,0
33,2,1,0,6392,337,0,0,2,83.33333333,0,1
115,2,0,0,8346,2976,1,1,10,30.0,2,1
28,2,0,0,3935,1543,39744,0,5,40.0,0,0
76,4,1,0,4004,14,5828815,1,0,100.0,0,1
53,3,0,0,29,336,0,1,0,0.0,0,1
65,2,6,0,-1,130,6347,0,5,100.0,0,0
78,2,4,0,5115,363,0,0,4,93.67088608,0,0
48,3,0,0,7297,372,0,1,5,10.0,0,1
37,1,0,0,160,205,0,1,0,100.0,1,1
26,2,0,0,7406,263,5205013,1,2,0.0,0,1
65,3,0,0,7717,1049,156097,0,4,90.0,1,0
162,1,12,0,8,357,0,1,0,0.0,0,1
61,3,3,0,4255,1588,17883,0,5,8.823529412000001,0,0
44,2,0,0,8965,1992,181392,0,5,20.0,0,0
65,2,1,0,-1,0,0,1,0,33.33333333,2,1
35,2,1,0,5994,215,0,0,5,85.0,0,0
42,1,0,0,325,41,0,1,0,0.0,0,1
64,5,2,0,5627,217,0,1,5,0.0,0,1
51,3,0,0,1159,302,0,0,2,85.71428571,0,0
44,3,0,0,-1,326,219669,1,4,82.35294118,0,0
28,2,0,0,6588,1813,140438,0,6,100.0,0,0
25,2,0,0,4671,2268,5144638,0,3,66.66666667,0,0
76,2,2,0,8047,718,22244,1,2,100.0,0,1
34,3,0,0,2529,758,21589,1,4,100.0,0,0
27,2,0,0,4389,146,1168751,0,4,82.35294118,0,0
34,2,0,0,9395,1561,16,0,9,58.06451613,0,0
48,2,0,0,4340,2599,49,1,7,0.0,0,1
23,2,0,0,6530,2600,8464,0,5,25.0,0,0
18,2,0,0,7991,43,8998652,0,1,66.66666667,0,0
89,3,5,0,11566,1582,374,0,6,0.0,0,0
39,2,2,0,4627,122,1914647,0,4,77.77777778,0,0
38,2,0,0,1547,644,4639,1,2,15.78947368,0,1
60,3,3,0,7298,371,0,0,5,0.0,0,1
58,1,2,0,-2,168,0,1,0,100.0,2,1
94,2,0,0,2982,0,5510911,1,2,83.33333333,0,1
34,2,1,0,7296,373,10475848,0,5,11.11111111,0,0
18,1,0,0,6862,1539,30996,0,5,67.74193548,0,0
28,1,0,0,4154,0,0,0,0,83.33333333,0,0
64,2,1,0,3733,650,241689,0,4,60.0,0,1
61,2,0,0,6070,140,14420,1,5,26.92307692,0,0
43,2,0,0,5637,207,2,0,10,65.21739129999999,0,0
328,3,9,0,8019,381,0,1,4,16.66666667,0,1
64,3,0,0,1968,224,0,1,0,0.0,0,1
150,2,0,0,3734,284,4969132,1,2,0.0,3,1
36,4,0,0,2205,352,597131,1,1,90.0,0,1
49,1,1,0,462,269,2516334,0,2,60.0,0,1
122,2,0,0,-1,0,0,1,1,83.33333333,2,1
43,3,0,0,5088,26,0,1,0,0.0,0,1
157,3,0,0,2114,77,0,1,1,100.0,2,1
69,2,5,0,7413,257,2189,0,7,92.59259259,0,0
19,1,0,0,7900,0,648682,0,3,20.0,0,0
26,2,0,0,-1,0,1657719,0,2,66.66666667,0,0
43,1,0,0,3750,268,0,1,2,50.0,0,1
144,3,3,0,7087,947,18105,1,3,0.0,0,1
67,3,1,0,1728,464,0,1,3,100.0,3,1
37,2,0,0,3014,272,433561,0,4,100.0,1,1
38,3,0,0,-1,105,6711761,1,0,0.0,0,1
26,2,0,0,4827,0,0,1,0,0.0,0,1
239,3,0,0,8018,382,0,1,4,44.44444444,0,1
70,3,4,0,8760,127,419769,0,4,0.0,0,0
28,2,0,0,8922,1830,309153,1,3,0.0,0,1
50,2,0,0,4803,311,0,1,1,0.0,0,1
70,5,0,0,3386,98,0,1,1,0.0,0,1
30,2,1,0,5614,136,2713740,0,3,7.692307692000001,0,0
71,3,5,0,5466,13,616241,1,5,0.0,0,0
39,6,1,0,1629,197,2884517,1,1,100.0,0,1
79,3,0,0,-1,0,9038,0,6,100.0,0,0
26,1,0,0,6,359,0,1,0,0.0,0,1
334,3,9,0,8019,381,0,1,4,16.66666667,0,1
56,3,3,0,5230,248,2585773,0,7,33.33333333,0,0
44,2,0,0,6256,2509,688,0,6,61.53846154,0,0
35,1,0,0,2139,0,309382,1,7,94.87179487,0,1
40,3,0,0,8047,3480,2603,0,6,0.0,0,0
47,2,2,0,2578,0,193361,1,3,40.0,0,0
37,2,0,0,3100,188,249619,0,0,0.0,0,0
68,2,3,0,9318,3467,724,0,6,94.73684211,0,0
21,1,0,0,443,287,0,0,0,50.0,0,1
39,2,0,0,5075,38,17732,1,6,100.0,0,0
87,4,4,0,7449,586,385,1,8,0.0,0,0
143,3,2,0,7087,948,18105,1,3,0.0,0,1
70,5,2,0,5626,217,0,1,5,0.0,0,1
44,2,0,0,557,174,0,1,0,75.0,0,1
25,2,0,0,-1,308,0,0,2,100.0,0,0
103,2,2,0,1707,120,4830221,1,2,100.0,2,1
52,2,1,0,7120,3472,33254,1,4,7.692307692000001,0,0
32,2,1,0,119,246,0,1,0,0.0,0,1
26,2,0,0,9311,1281,622487,0,4,70.58823529,0,0
149,5,0,0,5613,231,8028573,1,5,33.33333333,0,1
100,3,0,0,5044,70,380,0,5,0.0,0,0
56,4,1,0,8293,830,150166,1,2,0.0,2,1
59,5,0,0,5616,228,0,1,5,0.0,0,1
28,2,0,0,7791,610,392328,0,4,82.35294118,0,0
29,2,1,0,-1,0,2619581,0,2,83.33333333,0,0
45,2,2,0,-1,377,0,1,0,100.0,0,1
70,3,0,0,125,248,0,1,3,66.66666667,1,1
36,1,1,0,757,338,0,1,1,100.0,0,1
119,1,4,0,277,89,0,1,0,90.0,1,1
38,2,0,0,1903,289,0,0,2,8.928571429,0,0
101,3,1,0,1419,42,0,1,0,80.0,3,1
59,2,0,0,8345,2977,1,1,10,0.0,0,0
66,2,0,0,6163,47,0,1,2,100.0,2,1
37,2,0,0,5160,1048,0,0,8,100.0,0,0
219,8,0,0,-1,670,8902890,1,4,95.65217391,0,1
260,13,0,1,2658,3185,0,1,4,0.0,1,1
83,2,0,0,8348,2973,1,1,10,0.0,2,1
56,3,0,0,7131,904,12,1,7,100.0,0,0
65,2,3,0,7653,1478,8657,1,6,66.66666667,0,0
24,2,1,0,4941,173,2595688,1,2,100.0,0,1
77,5,0,0,8976,1250,67484,1,6,87.5,1,0
67,3,0,0,-1,185,0,1,0,0.0,2,1
28,1,0,0,7289,15,0,0,1,8.0,0,1
43,2,2,0,-1,87,4026793,1,2,100.0,2,1
29,2,0,0,6811,128,537125,0,4,80.0,0,0
57,3,1,0,-1,0,0,1,0,60.0,0,1
23,2,0,0,9093,3325,1490270,0,4,100.0,0,0
48,4,0,0,5621,223,230904,0,4,75.0,1,0
63,2,0,0,4049,0,0,1,2,100.0,0,1
46,4,0,0,7446,252,6418275,1,0,0.0,0,1
31,2,0,0,7298,371,566137,0,5,0.0,0,0
25,2,0,0,7559,112,1777191,0,2,94.73684211,0,0
34,2,2,0,-1,262,0,1,0,88.88888889,1,1
124,3,1,0,2047,144,0,1,0,75.0,3,1
20,2,0,0,-1,90,782266,0,4,75.0,0,0
41,2,0,0,7160,146,2358,0,3,86.66666667,0,0
46,3,0,0,-1,316,0,1,0,0.0,0,1
132,3,2,0,1597,228,0,1,3,100.0,1,1
69,3,1,0,9007,854,7971,1,7,100.0,0,0
25,2,0,0,-1,3408,207734,0,4,85.71428571,0,0
128,3,1,0,8922,1830,309153,1,3,0.0,0,1
25,3,0,0,5839,5,540203,0,4,90.90909091,0,0
28,2,0,0,5159,1049,0,1,8,100.0,0,1
209,4,12,0,2362,194,173942,1,1,0.0,0,1
47,1,1,0,-1,0,0,1,0,100.0,0,1
24,1,0,0,-1,0,97254,0,2,92.85714286,0,0
53,3,1,0,5176,302,0,1,3,0.0,0,0
38,2,2,0,3978,39,0,0,2,85.71428571,0,0
37,2,0,0,1716,476,1699634,0,2,83.33333333,0,1
34,2,0,0,5158,1050,0,0,8,100.0,0,0
100,3,1,0,254,111,0,1,0,97.5,3,1
34,3,0,0,-1,108,0,0,2,78.57142857,0,0
59,3,1,0,7573,1192,7471,0,5,0.0,0,0
55,2,0,0,18,346,0,1,0,100.0,0,1
39,2,0,0,6257,2508,689,0,6,61.53846154,0,0
34,3,1,0,13,0,0,1,0,100.0,0,1
47,4,0,0,6700,240,36431,1,5,66.66666667,0,0
158,4,0,0,8346,2976,4095597,0,10,0.0,1,1
70,2,4,0,5651,193,11369,0,5,100.0,0,0
76,1,1,0,4609,139,0,1,3,50.0,4,1
58,2,0,0,6073,137,14284,0,5,32.14285714,0,0
143,2,3,0,8019,381,0,1,4,7.692307692000001,0,1
51,2,2,0,2739,1277,11657,0,6,91.30434783,0,1
46,3,2,0,6179,2586,3914,0,5,100.0,0,0
109,2,1,0,1432,29,0,1,0,100.0,3,1
75,9,0,0,8426,360,0,1,2,0.0,0,1
49,2,2,0,-1,1241,632,0,6,80.0,0,0
68,1,3,0,-1,673,0,1,1,95.65217391,1,1
73,5,2,1,5627,217,0,1,5,0.0,0,1
45,3,0,0,1338,122,22211,0,6,100.0,0,1
29,1,0,0,670,61,0,1,0,57.14285714,0,1
66,2,0,0,972,124,1415657,1,0,74.19354839,0,1
72,3,0,0,5298,546,2239787,1,2,0.0,0,1
125,4,1,0,4003,15,5816617,1,0,100.0,0,1
74,4,0,0,-1,0,54049,0,5,0.0,0,0
52,3,0,0,1839,1083,10420087,1,2,0.0,0,1
36,2,0,0,4077,305,2726967,0,3,66.66666667,0,0
40,2,1,0,8638,127,0,0,2,0.0,2,1
56,3,0,0,3864,-1,2280,0,4,89.47368421,0,0
28,2,0,0,4099,283,3331221,0,2,73.68421053,0,0
50,2,0,0,1105,356,0,1,0,100.0,0,1
25,1,0,0,3670,2173,56935,0,5,0.0,0,0
38,2,0,0,-1,0,8833240,1,2,80.0,0,0
48,2,3,0,8424,1437,34668,0,4,60.0,0,0
60,3,2,0,-1,0,1571,0,6,100.0,1,0
40,3,0,0,3232,55,0,1,0,100.0,1,1
33,3,0,0,3421,242,866666,1,2,0.0,0,1
44,3,0,0,7121,183,524554,1,5,57.14285714,0,0
69,5,1,1,5627,217,0,1,5,0.0,0,1
34,2,0,0,6783,156,4930837,0,3,75.0,0,0
74,3,0,0,6331,244,20734,0,4,66.66666667,0,0
20,2,0,0,7299,371,276245,0,5,93.33333333,0,0
126,2,3,0,9320,908,13,1,7,0.0,0,0
33,2,0,0,1401,60,0,1,1,20.0,0,1
48,3,0,0,8346,2976,1,0,10,50.0,1,0
82,2,6,0,4205,2369,4261015,0,4,90.90909091,0,0
31,2,0,0,5349,129,0,0,5,0.0,0,0
33,3,0,0,3700,1047,178807,1,4,100.0,1,1
59,4,2,0,5616,228,0,1,5,0.0,0,1
23,1,0,0,5043,0,1965575,0,3,50.0,0,0
27,2,0,0,6467,108,10318745,0,3,0.0,0,0
44,2,3,0,6065,509,422,0,8,3.225806452,0,0
92,6,2,1,1063,398,0,1,0,0.0,0,1
34,2,1,0,-1,0,3475936,0,4,50.0,0,0
174,2,15,0,216,149,0,1,0,100.0,0,1
37,2,0,0,5660,183,0,1,0,0.0,0,1
23,1,1,0,-1,-1,0,0,2,50.0,0,1
30,2,0,0,3124,163,300579,0,3,75.0,0,0
36,2,0,0,-1,1861,0,0,3,0.0,0,0
26,1,1,0,7,723,0,0,0,0.0,0,1
199,2,1,0,2613,309,0,1,2,50.0,0,1
26,2,0,0,6123,87,0,0,1,100.0,0,0
26,1,0,0,-1,0,114006,1,4,42.85714286,0,0
28,2,0,0,902,194,0,1,0,25.0,0,0
26,2,0,0,3798,219,0,0,2,62.5,0,0
70,2,4,0,6092,3039,128103,0,5,75.0,0,0
35,2,1,0,6900,1865,11420,0,5,72.22222222,0,0
52,2,1,0,7834,201,600,0,6,29.03225806,0,0
28,2,0,0,4252,4,6983499,0,3,57.14285714,0,0
61,3,0,0,8207,923,15425,1,5,76.19047619,0,0
25,2,0,0,1172,289,1512979,0,2,0.0,0,0
462,5,2,0,7086,948,18263,1,3,0.0,0,1
71,2,1,0,-1,0,10431514,1,0,100.0,3,1
14,1,0,0,6240,340,3657781,0,3,92.59259259,0,0
28,2,0,0,7006,298,0,0,1,0.0,0,1
27,2,0,0,3541,111,0,0,2,100.0,0,0
29,2,0,0,7298,371,334843,0,5,25.0,0,0
43,2,0,0,4914,2025,19217,0,5,100.0,0,0
29,1,0,0,5130,1444,16645,1,6,50.0,0,1
43,2,0,0,1093,2,0,1,0,0.0,0,1
26,1,1,0,2426,130,0,1,2,100.0,1,1
67,2,4,0,5778,1330,3571,0,6,100.0,0,0
82,2,1,0,8348,2973,1,1,10,0.0,1,1
43,3,0,0,7159,147,2336,0,3,86.66666667,0,0
49,2,0,0,9174,322,623,0,7,68.42105263,0,0
125,4,1,1,4609,139,0,1,3,50.0,4,1
34,2,0,0,7297,372,253113,0,5,0.0,0,0
47,2,0,0,8348,2974,1,0,10,0.0,2,1
35,2,0,0,2662,1721,0,0,4,72.72727273,0,0
64,3,0,0,81,284,0,1,0,100.0,0,1
40,2,0,0,1546,644,4669,1,2,60.0,0,1
50,2,2,0,2157,35,0,0,0,0.0,0,1
50,2,3,0,9285,59,121,0,7,77.77777778,0,0
85,3,2,0,213,153,0,1,0,70.0,0,1
136,2,1,0,7403,267,7218,0,5,62.5,1,0
130,2,2,0,8019,381,0,1,4,7.692307692000001,0,1
55,2,2,0,4175,1302,1372,0,8,88.88888889,0,0
144,5,1,0,1533,657,4623,1,2,83.33333333,0,1
121,8,3,0,724,0,23941,1,1,100.0,1,1
69,1,0,0,100,265,0,1,0,60.0,0,1
33,2,1,0,-1,0,77586,0,1,0.0,1,1
59,2,0,0,8209,191,126280,0,5,100.0,0,0
60,8,0,0,-1,0,0,1,0,0.0,0,1
42,2,0,0,-1,670,8902890,1,4,95.65217391,0,1
35,2,0,0,9070,1887,14969,0,5,0.0,0,0
24,2,0,0,5890,318,322657,0,2,100.0,0,0
31,2,0,0,2373,183,0,0,0,97.33333333,0,0
59,2,0,0,-1,68,0,1,0,90.0,0,1
17,1,0,0,1895,297,0,0,0,70.0,0,1
109,3,1,0,658,438,9558747,1,0,100.0,3,1
27,2,0,0,4527,220,548811,0,2,93.75,0,0
47,3,0,0,3442,211,0,1,0,52.63157895,2,1
19,2,0,0,10284,306,462317,0,5,75.0,0,0
57,5,1,0,5616,228,0,1,5,0.0,2,1
67,3,2,0,7870,166,1453,1,5,14.28571429,1,0
34,2,0,0,7282,752,384053,0,4,94.11764706,0,0
34,2,1,0,8256,144,171444,0,4,0.0,0,0
88,2,7,0,5979,230,39522,1,5,3.703703704,0,0
115,1,10,0,-1,1292,2696302,0,4,80.0,0,0
48,3,2,0,-1,375,0,1,3,100.0,1,1
36,3,0,0,-1,0,80476,1,1,0.0,0,1
72,1,3,0,-2,182,2254643,0,4,100.0,0,0
51,2,0,0,1546,644,4669,1,2,66.66666667,0,1
25,2,0,0,5616,227,0,0,1,0.0,0,0
97,5,1,0,966,130,0,1,0,0.0,1,1
43,3,0,0,8661,834,55133,1,4,100.0,0,0
88,3,0,0,8329,70,950474,0,4,100.0,1,0
63,1,6,0,2622,664,0,0,4,83.33333333,0,0
27,1,1,0,1787,39,0,1,1,0.0,0,1
49,2,2,0,6336,239,16298,0,4,88.88888889,0,0
56,4,1,0,11785,0,86259,0,5,0.0,1,0
123,3,0,0,9284,214,2102,1,7,50.0,0,0
93,2,5,0,5118,361,92095,0,5,86.66666667,0,0
75,5,2,1,5627,217,0,1,5,0.0,0,1
65,2,2,0,4315,797,2210,0,5,60.86956522,0,0
129,2,11,0,4059,324,99,0,5,20.0,0,0
61,3,2,0,5668,176,422407,1,5,100.0,0,0
61,5,0,0,5616,227,0,1,5,0.0,0,1
45,1,0,0,7858,178,8866,0,6,50.0,0,0
128,1,0,0,2114,77,0,1,1,100.0,2,1
28,1,0,0,1483,343,55739,1,2,86.66666667,0,0
49,2,1,0,2342,214,263173,1,3,67.85714286,0,0
58,3,0,0,-1,381,191262,0,5,100.0,0,0
79,4,0,1,39,325,0,1,0,50.0,0,1
65,1,2,0,-1,191,0,1,2,83.33333333,4,1
53,2,0,0,2332,225,0,1,0,11.76470588,0,1
20,2,0,0,5574,269,665462,0,3,100.0,0,0
57,5,0,0,3157,130,9211,0,5,83.33333333,0,0
37,2,0,0,7587,448,988,0,5,100.0,0,0
268,3,0,0,7083,952,17964,1,3,0.0,1,1
50,3,0,0,5625,219,9416529,1,2,0.0,0,1
44,2,0,0,7980,785,6647,0,6,15.625,1,0
43,2,0,0,5230,248,0,1,7,95.23809524,1,1
24,2,0,0,5300,2005,66965,0,3,71.42857143,0,0
25,3,0,0,-1,64,5335,0,5,100.0,0,0
169,3,1,0,6764,1271,417046,1,2,75.0,1,1
121,4,1,0,-1,0,0,1,1,100.0,3,1
39,3,0,0,7957,3365,237963,1,5,0.0,0,0
45,3,1,0,5985,3510,8769,1,4,75.0,1,1
28,1,0,0,1019,76,5973121,0,2,75.0,0,1
29,2,0,0,-1,185,388177,0,2,27.27272727,0,0
74,1,2,0,6056,192,41,0,8,20.0,1,0
27,2,0,0,-1,67,7985577,0,1,25.0,0,0
148,6,1,1,2015,176,5348830,1,1,100.0,2,1
65,2,3,0,9799,2252,72,0,8,93.5483871,0,0
41,2,1,0,3384,269,0,1,0,0.0,0,1
135,1,2,0,777,318,0,1,1,80.0,3,1
30,2,0,0,1228,233,0,0,1,0.0,0,0
36,2,1,0,7142,162,8441470,1,1,100.0,0,1
80,2,6,0,7917,482,2462,0,6,0.0,0,0
48,2,0,0,8350,2972,1,1,10,0.0,0,0
77,2,0,0,8829,507,2635,0,6,89.28571429,0,0
44,5,1,0,724,0,23941,1,1,100.0,0,1
80,2,1,0,1669,157,0,1,0,100.0,2,1
51,3,0,0,1974,217,0,1,1,0.0,1,1
40,2,1,0,6895,45,21804,0,4,88.88888889,0,0
32,2,0,0,7448,587,4087496,0,8,26.08695652,0,0
35,3,0,0,129,236,0,1,0,0.0,0,1
52,3,0,0,-1,238,345695,1,4,0.0,0,0
124,3,0,0,-1,0,0,1,0,100.0,0,1
28,2,0,0,7030,639,300424,0,2,78.94736842,0,0
69,4,0,0,8348,2974,1,0,10,66.66666667,0,0
24,2,0,0,-1,1366,441753,0,5,100.0,0,0
64,5,2,0,5626,217,0,1,5,0.0,1,1
38,1,0,0,960,135,329636,0,3,70.0,0,1
28,2,0,0,-1,137,0,0,0,0.0,0,1
66,2,5,0,3958,60,1171381,1,3,38.46153846,0,0
49,3,0,0,5279,200,0,0,0,0.0,0,1
27,2,0,0,1,364,0,1,0,100.0,1,1
37,2,0,0,6710,1325,148354,0,5,100.0,0,0
102,3,1,0,9621,606,7902,0,6,0.0,0,0
43,1,0,0,2275,282,0,1,2,0.0,0,1
41,2,1,0,3893,124,173,1,10,12.90322581,0,0
238,2,0,0,241,125,0,1,0,50.0,2,1
37,2,0,0,2606,315,0,1,0,22.22222222,0,1
53,2,0,0,-1,0,6284693,1,2,0.0,0,1
42,2,0,0,8347,2975,1,1,10,0.0,2,1
326,6,6,1,82,283,9795924,1,0,81.81818182,1,1
20,2,0,0,7546,342,519553,0,4,100.0,0,0
55,3,0,0,7431,1699,194,0,7,71.42857143,0,0
34,1,0,0,-1,271,8262038,0,2,0.0,1,1
63,2,2,0,1109,352,0,1,0,2.040816327,2,1
43,3,0,0,7133,902,12,0,7,100.0,0,0
32,2,0,0,2660,626,6841,0,5,56.52173913,0,0
46,3,0,0,-1,52,1755444,1,0,0.0,0,0
64,2,3,0,6653,286,53692,0,4,100.0,0,0
44,5,0,0,5613,230,0,1,5,33.33333333,0,1
47,3,0,0,8045,3482,2580,0,6,0.0,0,0
48,3,0,0,3014,272,433561,1,4,100.0,1,1
27,2,0,0,6207,41,183608,0,4,2.597402597,0,0
36,1,0,0,240,126,0,1,0,0.0,0,1
58,3,1,0,3849,168,21963,1,5,62.5,0,0
105,3,1,0,397,333,0,1,0,80.0,3,1
24,2,1,0,2486,70,0,0,1,90.90909091,0,0
37,2,0,0,7634,36,54115,1,6,72.0,0,1
54,3,0,0,9044,816,3332,1,6,25.0,0,0
26,2,0,0,7241,64,0,0,5,60.71428571,0,0
67,2,3,0,6686,253,611641,1,5,50.0,0,0
157,4,5,1,-1,540,0,1,0,66.66666667,1,1
78,3,2,0,3447,3128,29037,0,4,12.5,0,0
87,4,4,0,7445,589,381,1,8,0.0,0,0
24,2,0,0,933,163,3334734,0,0,0.0,0,0
213,3,0,0,5669,175,0,1,0,83.33333333,2,1
56,4,0,0,5616,228,0,1,5,0.0,0,1
58,3,0,0,-1,184,0,1,2,81.81818182,2,1
30,2,0,0,4317,2987,696542,0,3,100.0,0,0
100,3,1,0,6323,251,2131372,0,5,0.0,3,0
83,2,8,0,6261,1409,524,0,7,50.0,0,0
46,2,2,0,8225,175,195768,0,5,23.52941176,1,0
164,3,1,0,4508,240,10462889,1,2,50.0,4,1
41,2,0,0,1338,122,22211,1,6,100.0,0,1
45,3,0,0,-2,147,55590,0,3,100.0,0,0
43,2,0,0,7081,224,56465,0,5,66.66666667,0,0
60,1,4,0,2700,952,125151,0,3,66.66666667,1,0
907,6,10,0,1037,2614,13295,1,2,0.0,2,1
88,5,0,1,2369,552,0,1,0,100.0,0,1
24,2,0,0,3229,59,7969012,0,2,62.5,0,0
59,2,2,0,5225,982,137,0,8,58.82352941,0,0
30,1,1,0,-2,34,1373136,0,3,100.0,0,0
48,4,0,0,3718,1761,4166420,1,3,42.85714286,0,1
49,3,0,0,2290,267,132459,0,4,0.0,0,1
43,3,0,0,1338,122,22211,1,6,100.0,0,1
28,2,0,0,3781,602,548255,0,3,50.0,0,0
88,3,5,0,5857,352,199672,1,5,0.0,0,0
22,1,0,0,4798,321,10594830,0,2,100.0,0,0
29,2,0,0,7298,371,0,0,5,30.0,0,0
60,2,0,0,8348,2974,1,1,10,0.0,1,1
43,2,0,0,5028,85,0,1,0,0.0,1,1
77,2,5,0,2221,335,159227,0,4,100.0,0,0
30,1,1,0,-1,349,0,1,0,91.66666667,0,1
33,2,0,0,9874,351,49465,1,5,100.0,0,0
45,3,0,0,3103,915,1923759,1,4,0.0,0,0
52,2,0,0,8752,378,137928,0,5,92.0,0,0
116,4,0,0,3992,25,5697976,1,0,100.0,0,1
51,2,0,0,7192,113,0,1,2,0.0,0,1
43,2,0,0,9201,297,684,0,6,90.47619048,0,0
27,2,1,0,6910,405,121389,0,5,95.45454545,0,0
78,5,3,1,5627,217,0,1,5,0.0,1,1
122,5,0,0,3993,25,5707171,1,0,100.0,0,1
21,2,0,0,3902,116,544866,0,3,100.0,0,0
29,2,0,0,1338,122,22211,1,6,100.0,0,1
111,2,1,0,7053,251,2073867,1,1,81.81818182,1,1
79,3,3,0,6322,252,3954957,1,5,100.0,0,0
82,2,0,0,7840,1291,3993,0,5,0.0,0,0
27,2,0,0,-1,171,7831534,0,3,62.5,0,0
45,2,0,0,12560,0,13786,0,6,100.0,0,0
128,2,4,0,276,89,0,1,0,0.0,1,1
73,2,2,0,7446,589,0,0,8,30.0,0,0
51,5,1,0,7,358,0,1,0,0.0,1,1
42,2,0,0,-1,619,212428,1,5,93.33333333,0,0
29,2,0,0,1350,110,19840,1,6,0.0,0,1
62,4,0,1,-1,91,124276,0,0,100.0,0,1
75,2,3,0,7620,129,2205,0,5,55.55555556,0,0
41,2,0,0,6429,511,615,0,5,100.0,0,0
81,3,0,0,4778,700,60941,0,5,90.0,0,0
56,3,0,0,5311,168,0,1,2,68.75,0,1
77,1,0,0,3426,3149,6045690,1,1,0.0,0,1
84,2,1,0,8347,2975,1,1,10,0.0,1,1
50,2,0,0,6071,139,14479,0,5,32.14285714,0,0
31,2,0,0,2610,1041,3214269,0,4,62.5,0,0
55,3,3,0,5075,404,47957,0,4,80.0,0,0
35,2,0,0,76,288,0,1,0,0.0,0,1
41,1,1,0,4673,75,90,0,9,10.0,0,0
37,2,0,0,7587,448,994,0,5,100.0,0,0
38,1,1,0,4370,29,0,1,0,0.0,0,1
55,2,2,0,7965,69,394388,0,4,0.0,0,0
52,3,1,0,3862,1251,37627,0,3,100.0,0,0
43,3,1,0,7129,905,12,1,7,100.0,0,0
47,2,1,0,9095,2592,4199,0,6,94.44444444,0,0
31,2,0,0,5158,1050,0,0,8,100.0,0,0
20,2,0,0,7670,0,606148,0,4,11.11111111,0,0
40,3,1,0,8195,2032,8063233,1,4,100.0,0,1
22,2,0,0,5158,1050,0,0,8,0.0,0,0
38,2,0,0,9205,293,690,0,6,90.47619048,0,0
54,3,0,0,10616,0,76836,0,5,0.0,0,0
39,2,2,0,-1,0,77586,1,1,0.0,1,1
50,2,3,0,5887,1417,184,0,6,80.0,0,0
25,2,0,0,8707,422,144051,0,5,63.63636364,0,0
28,2,0,0,6170,770,567796,1,3,0.0,1,1
74,2,3,0,-1,1409,627147,0,5,91.66666667,0,0
39,1,0,0,-1,81,0,1,0,60.0,0,1
22,2,0,0,-1,47,141247,0,1,83.33333333,0,0
31,2,1,0,7053,251,4510133,0,2,100.0,0,0
58,2,2,0,6195,1110,84404,1,5,100.0,3,0
50,1,0,0,1791,35,58549,0,5,9.090909091,0,0
33,2,2,0,49,0,0,1,0,0.0,0,1
30,2,1,0,3251,37,421761,0,4,6.25,0,1
32,2,0,0,-1,0,0,1,1,100.0,0,1
33,2,0,0,2416,141,0,1,2,0.0,0,1
64,2,0,0,4916,2023,19476,0,5,100.0,0,0
41,2,0,0,1546,644,4669,1,2,25.0,0,1
87,7,0,0,7647,1485,6630238,0,2,90.90909091,0,1
76,4,5,0,5451,1274,74,1,4,100.0,1,1
54,3,0,0,7296,373,0,1,5,10.0,0,1
31,1,0,0,3572,1175,0,1,0,0.0,0,1
70,2,0,0,-1,0,7596860,0,0,30.0,1,1
113,5,1,1,4609,140,0,1,3,50.0,4,1
30,2,0,0,7621,780,69638,0,5,10.52631579,0,0
51,3,1,0,7498,2728,23235,0,5,0.0,0,0
42,2,0,0,2313,244,2158898,0,2,20.0,0,0
32,2,0,0,258,108,0,0,0,100.0,0,1
45,2,1,0,5401,1538,92750,0,5,85.71428571,0,0
30,2,0,0,5180,2124,17109,0,6,100.0,0,0
48,2,2,0,9639,224,149,1,7,12.5,0,0
74,3,0,0,-1,142,86381,1,5,100.0,0,1
74,2,7,0,7419,1346,285,0,7,0.0,0,0
25,2,0,0,1334,491,264328,1,2,69.23076923,0,0
47,2,0,0,713,17,0,1,1,0.0,0,0
32,2,0,0,3630,22,209150,0,4,100.0,0,0
48,2,3,0,7296,373,0,1,5,0.0,0,1
74,2,0,0,-1,1077,326702,1,2,0.0,0,1
51,3,2,0,3243,409,0,1,0,0.0,0,1
56,2,0,0,2388,168,1625,1,6,81.81818182,0,0
29,2,0,0,1336,124,20989,1,6,75.0,0,1
48,3,0,0,9958,270,18466,0,5,92.59259259,0,0
46,2,3,0,5883,1421,181,0,6,88.88888889,0,0
169,1,1,0,-1,0,0,1,1,100.0,2,1
38,2,1,0,7584,451,969,0,5,100.0,0,0
47,2,1,0,767,328,0,1,2,0.0,2,1
108,3,0,0,866,230,2164987,1,1,100.0,2,1
26,2,0,0,7448,222,3850251,0,2,0.0,0,0
84,3,0,0,-1,333,24,0,9,0.0,0,1
39,2,1,0,190,176,0,1,2,0.0,0,1
27,2,0,0,7396,1003,57498,0,4,75.67567568,0,0
16,1,0,0,-1,762,10507,0,4,60.0,0,0
44,3,0,0,7284,1481,854720,0,4,0.0,0,0
29,1,1,0,-1,279,0,1,1,50.0,0,0
27,2,1,0,-1,0,0,0,0,14.49275362,0,0
40,2,0,0,1527,299,0,1,0,0.0,0,1
28,2,0,0,3993,1485,198861,0,3,66.66666667,0,0
30,2,0,0,7295,374,0,0,5,0.0,0,1
21,1,0,0,3255,386,0,1,2,100.0,0,1
248,2,0,0,7816,584,0,1,2,100.0,2,1
40,1,0,0,295,70,0,1,0,60.0,0,1
64,2,3,0,3898,120,289375,0,5,100.0,0,0
77,2,3,0,7618,130,2188,0,5,52.94117647,0,0
43,2,0,0,1338,122,22211,1,6,100.0,0,1
62,2,0,0,3753,265,0,1,1,0.0,1,1
32,1,0,0,1101,359,4440,1,6,0.0,0,1
18,2,0,0,-1,0,14881,0,5,87.5,0,0
95,3,1,0,630,101,0,1,2,100.0,5,1
49,3,0,0,5160,319,18406,1,5,33.33333333,1,1
98,2,13,0,7423,1342,289,0,7,0.0,0,0
268,7,1,0,7105,14,6364958,1,3,83.33333333,0,1
101,4,1,1,177,189,0,1,0,66.66666667,1,1
21,1,0,0,-2,19,0,0,0,57.14285714,0,1
24,2,0,0,4796,318,621566,0,3,100.0,0,0
37,2,0,0,7131,904,12,0,7,100.0,0,0
246,2,0,0,241,125,0,1,0,50.0,2,1
77,2,0,0,1612,215,4645834,1,2,100.0,0,1
39,3,0,0,3792,594,281042,1,3,0.0,1,1
34,1,0,0,2215,341,0,1,0,0.0,0,1
242,14,0,0,8347,2975,1,0,10,0.0,1,1
38,2,0,0,7296,373,0,1,5,0.0,0,1
36,2,1,0,5161,1047,0,0,8,50.0,0,0
39,4,0,0,-1,0,0,0,1,0.0,0,1
81,3,1,0,-1,0,183866,1,4,0.0,0,0
20,2,0,0,-1,0,9161487,0,0,0.0,0,0
54,2,1,0,2132,59,17515,1,4,16.66666667,0,0
38,2,1,0,-1,0,77586,1,1,0.0,1,1
45,2,2,0,8407,723,128482,1,5,42.10526316,0,0
94,2,0,0,4152,231,4785364,1,3,0.0,2,1
52,2,1,0,1369,274,3006508,1,1,0.0,1,1
79,2,6,0,2394,161,4120,1,5,69.56521739,0,0
35,4,0,0,5626,217,5064421,1,5,0.0,0,1
40,2,0,0,7298,371,2293234,0,5,10.0,0,0
37,3,0,0,-1,0,0,1,3,100.0,0,1
33,2,0,0,-1,0,0,1,0,0.0,0,1
22,2,0,0,-1,0,678288,0,3,41.66666667,0,0
16,1,0,0,-1,207,1590047,1,6,0.0,0,1
57,2,0,0,3318,335,0,1,0,100.0,1,1
123,2,2,0,8019,381,0,1,4,7.692307692000001,0,1
114,2,11,0,3957,1522,3230,0,4,75.0,0,0
77,5,1,0,-1,0,0,1,0,100.0,0,1
27,2,0,0,2241,316,4289979,0,3,68.18181818,0,0
72,2,2,0,7619,130,2192,0,5,50.0,0,0
35,2,0,0,3103,184,0,0,4,92.0,1,1
83,3,0,0,6741,563,32679,1,2,100.0,0,1
40,2,0,0,8269,1225,2249603,0,4,75.0,0,0
29,2,1,0,2920,731,0,0,4,100.0,0,0
36,2,0,0,1973,583,0,1,1,70.0,0,1
42,3,0,0,7159,147,2320,0,3,86.66666667,0,0
32,2,0,0,1101,359,0,0,0,0.0,0,1
49,1,1,0,2,363,0,1,0,88.23529412,0,1
23,2,0,0,1536,290,3790904,0,1,28.57142857,0,0
74,2,5,0,4489,989,2889,0,5,92.85714286,0,0
21,1,0,0,1132,329,3806966,0,3,75.0,0,1
142,3,2,0,-1,0,7049181,1,0,0.0,0,1
165,4,5,1,-1,553,0,1,0,66.66666667,1,1
69,2,1,0,936,0,0,1,0,0.0,0,1
50,2,0,0,5,359,0,1,0,0.0,1,1
92,5,0,1,-1,255,0,1,2,100.0,0,1
85,2,4,0,11801,2520,2032,1,6,100.0,0,0
78,3,2,0,5876,333,1079265,0,3,60.0,0,0
35,2,0,0,-1,248,2584351,1,2,0.0,0,1
20,2,0,0,4931,333,409975,0,3,15.38461538,0,0
36,2,1,0,6608,332,0,1,3,25.0,1,1
58,2,2,0,9054,76,1644,1,7,100.0,0,0
119,4,2,0,798,297,0,1,0,0.0,0,1
99,2,0,0,8345,2977,1,1,10,37.5,1,1
51,2,0,0,6392,913,0,1,3,100.0,1,1
17,1,0,0,-1,168,3426171,0,5,100.0,0,0
35,2,0,0,7298,371,0,0,5,0.0,0,0
72,2,0,0,3478,174,26341,1,5,0.0,0,1
26,2,0,0,2683,239,0,0,2,0.0,0,0
36,2,0,0,6258,2507,689,0,6,61.53846154,0,0
113,3,0,0,8019,381,0,1,4,9.090909091,0,1
26,2,0,0,819,276,0,1,2,100.0,0,1
76,5,0,0,5842,0,695199,1,1,0.0,0,1
56,2,1,0,529,0,0,1,0,0.0,0,1
98,2,2,0,8348,2973,1,0,10,0.0,1,1
70,2,5,0,6991,1410,8824,0,5,15.78947368,0,0
82,2,0,0,322,44,129432,1,0,0.0,3,1
33,2,0,0,7297,372,0,0,5,30.76923077,0,0
24,2,0,0,3396,257,3049386,0,3,46.66666667,0,0
27,1,0,0,3006,280,2068080,1,2,100.0,0,1
44,3,1,0,8094,1767,3652,1,4,0.0,0,1
26,2,0,0,1938,983,2636665,0,4,55.55555556,0,0
25,1,0,0,2139,0,309382,1,7,33.33333333,0,1
46,3,0,0,42,323,0,1,0,100.0,0,1
34,3,0,0,3497,156,4177140,0,2,22.22222222,0,0
19,1,0,0,143,221,0,1,0,100.0,0,1
42,3,2,0,4103,280,0,1,1,100.0,0,1
54,3,0,0,-1,355,0,1,2,80.0,0,1
166,3,1,0,35,329,2182476,1,0,50.0,0,1
58,3,3,0,2686,0,0,1,3,95.65217391,1,1
342,4,8,0,7489,3103,376,0,7,0.0,0,1
50,2,3,0,2459,97,196497,0,5,70.0,0,0
21,2,0,0,3820,197,0,0,1,100.0,0,0
71,4,2,0,7446,589,383,0,8,0.0,0,0
36,2,0,0,6302,273,0,1,2,0.0,0,1
80,5,0,1,5627,217,0,1,5,0.0,0,1
96,3,2,0,2616,306,0,1,0,33.33333333,4,1
94,3,3,0,778,317,7054782,1,2,60.0,3,1
55,2,0,0,1794,33,0,1,0,0.0,0,1
26,2,0,0,4706,406,1542,0,4,71.42857143,0,0
83,2,1,0,8079,2464,22287,1,5,100.0,0,0
35,1,0,0,1046,50,0,1,0,100.0,1,1
43,2,0,0,2344,212,237648,1,2,57.14285714,0,0
110,4,3,1,3327,325,0,1,1,83.33333333,1,1
155,3,0,0,2414,1238,0,1,1,0.0,1,1
78,2,3,0,7062,242,491854,1,1,81.81818182,0,1
66,2,1,0,507,0,0,1,0,0.0,0,1
89,2,1,0,605,0,0,1,2,96.15384615,2,1
57,2,0,0,9,356,0,0,0,100.0,1,1
243,2,4,0,2314,243,0,1,1,0.0,3,1
23,2,0,0,9438,58,9638228,0,4,13.23529412,0,0
36,3,0,0,-1,0,0,0,2,66.66666667,0,0
115,3,8,0,6205,2196,39759,1,5,57.14285714,0,0
35,2,0,0,7134,901,12,0,7,100.0,0,0
1641,3,32,0,1328,1228,0,0,0,100.0,2,1
60,4,0,0,-1,0,0,1,0,100.0,1,1
37,3,0,0,-1,0,1132851,0,3,33.33333333,0,0
42,3,0,0,-1,0,0,1,2,66.66666667,0,1
72,2,5,0,7410,260,2203,0,7,92.59259259,0,0
40,2,0,0,4217,166,819732,1,5,57.14285714,0,0
56,1,3,0,4489,623,722263,0,5,28.57142857,0,0
39,2,0,0,385,19,0,1,0,100.0,0,1
68,4,0,1,-1,0,0,1,2,25.0,0,1
77,8,0,0,8413,374,0,1,2,0.0,1,1
45,1,1,0,1824,367,0,1,0,100.0,2,1
133,2,1,0,8019,381,0,1,4,7.692307692000001,0,1
31,2,0,0,2044,147,0,1,2,0.0,0,0
69,2,0,0,1963,228,5967691,0,3,90.90909091,0,1
37,2,2,0,6801,1233,37348,0,4,0.0,0,1
41,3,0,0,5511,332,200509,1,1,100.0,0,1
20,1,0,0,-1,67,0,0,1,33.33333333,0,0
259,15,0,1,154,211,0,1,0,100.0,0,1
33,1,0,0,791,305,0,1,0,100.0,0,1
43,2,0,0,1953,2430,4365,1,3,0.0,0,1
79,4,1,0,5161,1047,114,1,8,0.0,0,0
48,3,1,0,-1,225,340,0,7,75.0,0,0
271,14,1,0,531,199,0,1,0,75.0,3,1
76,4,1,0,5160,1048,114,1,8,0.0,0,0
31,3,0,0,5134,345,90756,0,3,28.57142857,0,1
89,2,5,0,7445,589,0,0,8,65.95744681,0,0
34,1,0,0,1212,248,0,1,0,0.0,1,1
31,1,0,0,7793,3530,84222,0,5,100.0,0,0
106,4,0,1,1856,336,0,1,0,0.0,0,1
127,4,1,0,4004,14,5828815,1,0,100.0,0,1
87,3,2,0,2887,34,0,1,1,100.0,3,1
32,2,1,0,7295,374,0,1,5,0.0,0,1
95,3,2,0,7431,2430,27573,1,5,0.0,0,0
140,1,6,0,1905,287,0,1,0,0.0,2,1
128,7,0,0,3386,98,0,1,1,0.0,0,1
46,2,1,0,4424,688,0,0,0,0.0,0,1
129,3,3,0,7791,244,129860,0,5,0.0,0,0
17,1,0,0,3354,299,87568,0,3,100.0,0,0
38,3,0,0,834,262,0,0,0,50.0,1,1
29,2,1,0,1,0,0,1,0,0.0,0,1
92,2,2,0,8019,381,0,1,4,7.692307692000001,0,1
49,5,0,0,1,364,0,1,0,100.0,0,1
41,1,0,0,2968,684,6835312,1,3,100.0,0,0
30,3,0,0,-1,0,800711,0,2,96.0,0,0
29,3,0,0,9337,0,31323,1,4,100.0,0,0
41,4,0,0,-1,0,80476,1,1,100.0,0,1
57,2,1,0,6249,894,1038,0,7,0.0,0,0
69,3,2,0,8836,296,5999,0,5,100.0,0,0
38,2,0,0,5332,1241,0,0,6,100.0,0,0
24,2,0,0,6032,542,0,0,2,100.0,0,0
44,3,0,0,-1,0,0,1,0,100.0,0,1
27,2,0,0,1490,701,1522367,0,1,95.83333333,0,0
38,2,1,0,-1,1699,272458,0,4,73.91304348,0,0
67,3,1,0,-1,0,127,1,6,98.01324503,0,0
32,2,0,0,3335,318,338594,0,4,88.23529412,0,0
45,4,1,0,278,88,0,1,0,85.71428571,0,1
66,2,0,0,4376,0,0,1,1,0.0,0,1
52,3,1,0,5682,892,2282426,0,4,33.33333333,0,0
109,2,7,0,9549,312,5890,0,6,73.33333333,0,0
146,4,1,1,940,156,0,1,0,60.0,0,1
117,2,0,0,496,234,3273064,1,0,0.0,1,1
40,2,0,0,230,136,0,1,0,0.0,0,1
66,2,1,0,4090,293,0,1,0,100.0,1,1
66,1,6,0,6716,224,0,0,7,71.21212121,0,0
48,2,1,0,7838,197,606,0,6,31.25,0,0
43,2,0,0,6069,141,14592,0,5,36.66666667,0,0
62,2,2,0,3993,2215,17004,0,5,37.5,0,0
50,3,0,0,9554,306,4350,0,7,100.0,0,0
23,1,0,0,-1,0,9213096,1,0,0.0,0,1
39,3,1,0,1015,81,1196152,1,2,0.0,0,1
39,3,0,0,681,50,0,1,0,33.33333333,1,1
39,2,0,0,4394,353,5585999,0,2,54.54545455,0,0
78,2,6,0,8620,509,1432,0,6,60.0,0,0
30,2,0,0,7047,258,0,0,2,66.66666667,0,0
57,2,0,0,177,189,0,1,0,94.23076923,0,1
45,2,0,0,-1,255,0,1,0,100.0,0,1
24,2,0,0,5224,984,5227935,0,2,77.77777778,0,0
66,4,2,0,-1,0,4248,0,5,72.41379309999998,0,0
85,2,7,0,4620,128,10598549,0,4,100.0,0,0
53,2,2,0,8836,3443,400693,0,5,93.33333333,0,0
68,2,0,0,3297,356,0,1,1,0.0,1,1
37,1,0,0,3297,355,0,1,1,0.0,0,1
23,2,0,0,4245,0,0,0,0,97.05882353,0,0
110,2,0,0,523,207,0,1,0,100.0,0,1
57,3,1,0,-1,496,0,1,0,17.39130435,3,1
25,2,0,0,7610,2252,153891,0,4,90.0,0,0
38,1,0,0,-2,202,0,1,0,0.0,1,1
46,1,0,0,1723,1929,9579282,1,2,100.0,0,1
61,3,0,0,2926,74,0,1,1,0.0,1,1
19,1,0,0,2354,203,860529,0,3,0.0,0,0
23,1,0,0,1754,73,0,0,0,0.0,0,1
85,2,6,0,4489,989,2889,0,5,92.85714286,0,0
58,3,0,0,3282,371,35086,1,5,100.0,1,0
21,2,0,0,6577,362,4902560,0,3,25.0,0,0
24,1,0,0,2969,0,1468179,0,3,94.28571429,0,0
25,2,0,0,6374,0,50463,0,4,100.0,0,0
26,3,0,0,-1,0,283161,0,5,33.33333333,0,0
41,3,0,0,-1,0,0,1,0,0.0,1,1
35,1,1,0,1744,81,0,1,0,100.0,1,1
58,3,0,0,5071,43,0,0,4,100.0,0,1
57,4,0,0,625,106,0,1,0,100.0,0,1
30,2,1,0,3893,125,1486318,0,1,71.42857143,0,0
26,2,0,0,3459,194,1702679,0,3,83.33333333,0,0
46,4,1,0,5626,218,0,1,5,0.0,2,1
26,2,0,0,2649,637,79203,0,4,68.18181818,0,0
31,1,0,0,7491,179,63,0,10,50.0,0,0
55,3,0,0,7375,294,1318241,0,5,76.92307692,0,0
24,2,0,0,4484,264,10170,0,3,44.44444444,0,0
98,4,1,0,6198,1107,0,1,1,0.0,0,1
70,4,1,0,-1,0,0,1,0,0.0,1,1
105,3,5,0,1467,358,0,1,0,0.0,0,1
31,1,1,0,3152,136,0,1,0,0.0,0,1
242,2,3,0,6608,331,0,1,2,94.44444444,3,1
93,2,4,0,-1,406,0,1,3,100.0,0,0
59,2,0,0,7,358,0,1,0,85.71428571,0,1
96,2,8,0,190,175,0,1,0,66.66666667,0,1
37,2,2,0,165,201,0,1,0,100.0,0,1
67,1,0,0,3833,335,0,1,0,0.0,1,1
54,3,0,0,6859,1541,656,0,6,81.81818182,0,0
31,2,0,0,7412,282,1561104,1,2,0.0,0,1
104,3,1,0,1278,182,0,1,0,100.0,1,1
27,2,0,0,2012,1640,364749,0,3,73.91304348,0,0
29,1,0,0,-1,0,0,1,0,21.05263158,0,1
32,2,0,0,4839,275,696662,0,1,55.55555556,0,0
35,2,0,0,5779,430,5832,0,5,92.59259259,0,0
78,3,0,0,4926,187,1208521,0,4,92.85714286,0,0
34,2,0,0,4863,1712,0,0,1,100.0,0,0
41,1,0,0,-1,0,0,1,0,0.0,1,1
26,2,0,0,5434,44,30291,0,4,94.11764706,0,0
380,4,2,1,819,276,0,1,2,100.0,1,1
29,2,0,0,5166,313,1123904,0,3,60.0,0,0
21,1,0,0,-1,0,0,1,0,80.0,0,1
190,2,0,0,383,348,0,1,0,100.0,2,1
27,2,0,0,8601,164,620833,0,4,84.21052632,0,0
254,2,2,0,818,277,0,1,2,100.0,0,1
32,2,1,0,6600,705,4547034,0,4,83.33333333,0,0
35,2,0,0,6996,308,1063779,1,1,81.81818182,0,1
31,2,0,0,-1,114,97934,0,3,100.0,0,0
55,3,0,0,-1,0,28934,0,3,0.0,0,0
25,2,0,0,5687,0,0,0,1,20.0,0,0
76,4,2,0,5495,349,8277873,1,1,0.0,2,1
46,1,3,0,3633,0,0,1,0,0.0,0,1
28,2,0,0,4720,2584,2575,0,6,0.0,0,0
78,2,3,0,-1,2261,19726,0,4,50.0,0,0
68,1,5,0,5887,322,10549,0,6,91.66666667,0,0
68,2,4,0,-1,633,241316,1,4,42.85714286,0,0
60,2,0,0,8348,2973,1,0,10,0.0,2,1
63,3,0,0,8922,1830,309153,1,3,100.0,1,1
41,3,0,0,7800,518,0,1,5,100.0,2,1
106,1,9,0,5484,360,1105,0,6,17.54385965,0,0
28,2,0,0,-1,0,0,1,1,0.0,0,1
31,2,0,0,3976,406,0,1,0,0.0,1,1
62,3,0,0,3952,65,3862928,0,4,100.0,1,0
34,1,1,0,-1,0,0,1,0,23.07692308,0,1
42,2,0,0,9200,297,685,0,6,90.47619048,0,0
118,5,0,1,-1,0,4198823,0,2,0.0,0,1
43,2,0,0,-1,72,101802,0,5,62.5,0,0
90,4,0,0,-1,0,0,1,2,0.0,3,1
29,2,1,0,3731,286,1404167,0,2,71.42857143,0,0
28,1,1,0,-1,0,0,0,3,0.0,0,0
28,2,0,0,3621,31,531663,0,3,91.66666667,0,0
31,1,0,0,7308,361,3987899,1,1,0.0,0,1
21,2,0,0,8520,3534,3247651,0,5,84.21052632,0,0
245,2,0,0,241,125,0,1,0,50.0,2,1
44,2,0,0,8516,2808,8,0,10,12.5,0,0
92,2,8,0,8618,511,1418,0,6,60.0,0,0
36,2,0,0,1950,242,341948,0,1,0.0,1,1
79,4,1,0,252,113,2602858,1,0,100.0,0,1
60,2,0,0,8830,506,2672,1,6,89.28571429,0,0
23,2,1,0,5220,1719,673432,0,3,100.0,0,0
22,3,0,0,-1,0,0,1,0,100.0,0,1
32,2,0,0,1609,218,291680,0,5,65.78947368,0,0
38,3,0,0,5185,293,9987254,1,0,50.0,0,1
81,3,6,0,6550,363,621523,1,4,0.0,0,0
67,3,3,0,7292,377,1010,0,6,75.0,1,0
72,2,1,0,7619,130,2192,0,5,52.94117647,0,0
77,1,4,0,6057,191,41,0,8,20.0,0,0
23,2,0,0,8315,450,11,0,5,100.0,0,0
38,3,0,0,7736,313,0,0,2,60.0,0,0
62,3,2,0,1850,342,0,0,5,84.61538462,0,0
75,3,0,0,-1,3083,31746,0,4,89.47368421,0,1
38,2,0,0,1899,292,507771,1,1,94.91525424,1,1
28,2,0,0,3481,172,3597817,0,3,66.66666667,0,0
36,2,0,0,2860,62,657678,0,2,50.0,0,0
40,1,0,0,5211,231,0,1,0,89.28571429,0,1
47,3,0,0,-1,1269,0,0,3,0.0,0,0
25,2,0,0,-1,350,176808,0,4,64.51612903,0,0
34,2,0,0,6553,387,562216,0,4,25.0,0,0
33,2,0,0,1546,645,4669,1,2,3.636363636000001,0,1
93,3,5,0,-1,0,127,0,6,0.0,1,0
46,2,0,0,6673,632,6923,0,5,64.70588235,0,0
85,2,2,0,3290,1093,8177805,1,2,100.0,0,1
49,3,0,0,7430,1700,195,0,7,75.0,2,0
58,1,1,0,2199,357,0,1,2,100.0,2,1
135,2,1,0,8018,382,0,1,4,0.0,0,1
123,1,4,0,-1,89,3128738,1,4,10.0,0,1
43,2,0,0,260,106,0,1,0,93.33333333,1,1
98,3,0,0,5047,66,379,0,5,0.0,0,0
65,2,0,0,3489,164,0,1,0,100.0,0,1
45,3,0,0,1629,197,0,0,2,0.0,0,1
52,2,0,0,8347,2975,1,0,10,50.0,2,1
45,3,2,0,7986,50,348,1,6,12.5,0,0
37,4,0,0,-1,170,0,1,0,100.0,0,1
15,1,0,0,3606,46,512753,0,3,77.77777778,0,0
36,2,0,0,5201,277,3610,0,6,68.42105263,0,0
154,5,2,0,5613,231,0,1,5,33.33333333,0,1
328,6,0,0,-1,0,0,1,0,100.0,0,1
21,2,0,0,2607,315,0,0,2,75.0,0,0
79,2,2,0,-1,0,0,1,0,0.0,0,1
41,2,0,0,6267,307,0,1,0,0.0,0,1
34,1,0,0,4460,287,0,1,2,0.0,0,1
47,3,0,0,-1,336,0,1,1,88.23529412,1,1
197,2,0,0,1478,347,0,1,1,0.0,2,1
59,2,5,0,4717,31,6143080,0,3,57.14285714,0,0
100,3,3,0,11555,132,609,1,7,66.66666667,0,0
74,3,3,0,5444,35,0,1,2,0.0,0,0
52,3,0,0,-1,366,4439212,1,2,83.33333333,0,1
45,2,0,0,1577,257,0,0,0,100.0,0,0
54,2,0,0,6070,140,14420,0,5,26.92307692,0,0
43,3,2,0,4705,44,28680,0,4,94.73684211,0,0
26,2,0,0,4980,134,3768993,0,1,66.66666667,0,0
84,2,0,0,1278,182,0,1,0,0.0,0,1
23,1,1,0,-1,364,0,1,0,100.0,0,1
53,2,0,0,7130,905,12,0,7,100.0,0,0
100,6,0,0,3018,269,2156460,1,3,0.0,1,1
56,2,0,0,4471,1373,265,1,4,96.0,0,1
55,2,1,0,2750,0,0,1,1,0.0,0,1
28,2,1,0,2010,181,0,1,0,0.0,0,0
71,2,3,0,5505,338,59760,0,5,12.5,0,0
144,3,2,0,7086,948,18263,1,3,0.0,0,1
26,3,0,0,-1,0,483429,0,4,100.0,0,0
57,2,3,0,3375,278,33346,0,4,0.0,0,0
27,2,0,0,8970,160,1192930,0,5,100.0,0,0
38,2,0,0,4484,1359,262,1,4,63.63636364,0,1
41,4,0,1,-1,0,0,1,0,0.0,1,1
21,1,0,0,1629,197,0,1,0,0.0,0,1
57,3,1,0,5232,246,0,0,7,30.76923077,0,0
31,2,0,0,1091,5,1860501,0,2,25.0,0,0
58,1,0,0,3154,134,0,1,3,0.0,0,1
31,1,0,0,2327,230,6131468,1,3,0.0,0,1
69,4,2,0,-1,0,0,1,0,95.65217391,0,1
25,2,0,0,4957,2712,321038,0,2,32.43243243,0,0
29,2,0,0,8058,1436,1203458,0,4,0.0,0,0
40,3,1,0,-1,339,0,1,0,0.0,0,1
115,4,1,0,1496,329,1096538,1,2,0.0,4,1
34,2,0,0,-1,0,0,0,2,0.0,0,0
47,1,0,0,-1,1244,0,1,0,0.0,0,1
51,4,0,0,-1,249,0,1,2,0.0,0,1
136,1,2,0,778,318,0,1,1,80.0,3,1
50,3,0,0,3534,484,0,1,1,7.142857143,2,1
62,2,3,0,5273,935,41333,0,4,0.0,0,0
47,3,0,0,11262,0,54168,0,5,0.0,0,0
99,2,2,0,9318,909,13,1,7,0.0,0,0
33,2,0,0,7298,371,0,0,5,0.0,0,0
44,3,0,0,-1,211,8768700,0,2,100.0,1,1
30,2,1,0,564,166,0,0,2,100.0,0,1
51,3,0,0,9229,1828,763,1,6,90.90909091,0,0
43,2,0,0,6087,853,1056,0,9,100.0,0,0
41,2,0,0,5891,2509,35,0,10,100.0,0,0
26,2,0,0,7389,3202,848,0,5,50.0,0,0
70,5,0,0,5658,186,886,1,6,0.0,0,1
25,2,0,0,-1,0,0,0,2,23.07692308,0,0
26,2,0,0,2409,1242,1324300,0,3,90.47619048,0,0
23,1,0,0,923,0,11493,1,6,91.66666667,0,1
37,2,0,0,5160,1048,0,1,8,100.0,0,0
57,2,1,0,3251,37,421761,0,4,6.25,1,1
51,3,0,0,1337,124,0,1,0,50.0,0,1
31,2,0,0,2070,121,6641931,0,1,100.0,0,0
55,3,1,0,-1,350,0,1,0,87.5,0,1
75,3,0,0,5121,722,0,1,2,0.0,2,1
40,2,0,0,7297,372,0,0,5,0.0,0,0
34,2,1,0,-1,0,0,0,2,60.0,0,0
41,4,0,0,-1,553,982473,1,0,91.66666667,1,1
48,2,2,0,2411,3433,0,0,4,8.695652174,0,0
35,2,0,0,834,261,10749999,1,1,0.0,0,1
36,2,0,0,7133,902,12,0,7,100.0,0,0
78,3,0,0,10320,273,3483,0,7,83.63636364,0,0
40,2,0,0,3180,108,1323616,0,2,0.0,0,0
19,1,0,0,-1,113,1239633,0,4,55.55555556,0,0
50,3,0,0,11555,131,609,0,7,100.0,0,0
52,2,1,0,1704,122,0,1,0,0.0,2,1
40,3,1,0,275,91,0,1,0,85.71428571,0,1
35,3,0,0,12165,0,5921,0,6,33.33333333,0,0
358,2,0,0,987,108,0,0,0,100.0,0,1
44,2,0,0,1787,40,0,1,0,100.0,1,1
36,3,0,0,-1,0,234071,1,2,80.0,0,1
37,2,0,0,1953,2429,4365,1,3,0.0,0,1
52,1,1,0,6967,1067,118171,0,5,100.0,0,0
50,2,0,1,2138,0,309082,1,7,0.0,0,1
67,1,5,0,2497,59,945088,0,4,87.5,0,0
45,3,0,0,4605,143,0,1,2,0.0,0,1
36,2,1,0,7011,294,705069,1,2,81.81818182,0,1
38,3,0,0,1778,-1,0,1,1,0.0,0,1
26,3,0,0,4514,0,0,0,2,100.0,0,0
78,3,0,0,5384,95,15400,0,5,83.63636364,0,0
76,2,2,0,7615,133,2188,0,5,52.94117647,0,0
26,3,0,0,-1,66,320977,0,3,100.0,0,0
52,1,0,0,2130,62,0,1,2,50.0,0,0
63,5,2,0,4565,184,7521365,1,4,11.11111111,0,1
119,2,10,0,9108,2214,1084,0,8,66.66666667,0,0
36,2,0,0,5808,766,10297537,0,3,5.555555556,0,0
31,1,0,0,1523,302,0,1,1,100.0,0,1
26,2,0,0,-1,0,260782,0,4,100.0,0,0
66,2,2,0,8348,2974,1,0,10,0.0,0,1
56,1,1,0,715,15,0,1,1,0.0,3,1
126,3,4,0,1659,167,2580873,1,0,9.090909091,0,1
69,2,3,0,6318,2082,8262,0,6,76.0,0,0
73,2,7,0,5397,81,5752,0,6,31.25,0,0
27,1,0,0,4633,128,1218702,0,2,79.31034483,0,0
33,1,0,0,1369,91,0,1,0,100.0,0,1
61,3,3,0,5458,750,335398,0,4,55.55555556,0,0
72,3,2,0,323,43,0,1,0,0.0,0,1
84,3,2,0,213,153,0,1,0,70.0,0,1
71,4,0,0,8349,2973,1,0,10,66.66666667,0,0
45,2,0,0,7157,149,2272,1,3,77.27272727,0,0
78,2,7,0,5910,1759,2140,0,6,75.0,0,0
25,2,1,0,4517,231,1499409,0,3,0.0,0,0
208,7,3,0,-1,311,0,1,0,0.0,2,1
42,4,0,0,4790,0,113061,1,4,33.33333333,1,1
98,1,2,0,1706,120,4830221,1,2,100.0,2,1
25,1,0,0,-1,0,70339,0,3,14.28571429,1,0
24,1,0,0,-1,0,0,0,2,50.0,0,0
58,3,1,0,4278,105,0,0,2,81.25,0,0
27,2,0,0,-1,324,897103,0,3,100.0,0,0
79,2,0,0,204,162,0,0,0,100.0,0,1
42,2,3,0,6497,78,245759,0,4,0.0,0,0
95,2,2,0,9281,63,125,1,7,87.80487805,0,0
95,2,1,0,7403,267,7218,0,5,62.5,1,0
35,2,1,0,3460,557,273715,1,4,0.0,0,1
32,2,0,0,9265,233,8473,1,7,66.66666667,0,0
43,2,0,0,9201,297,685,0,6,90.47619048,0,0
44,2,1,0,9283,60,124,0,7,77.77777778,0,0
36,2,0,0,6258,2507,682,0,6,61.53846154,0,0
24,2,0,0,8315,450,4,0,5,100.0,1,0
42,1,0,0,3077,211,0,1,1,0.0,0,1
51,1,2,0,4091,656,2080075,1,3,100.0,0,1
45,1,0,0,3318,335,0,1,0,100.0,1,1
63,2,1,0,1048,47,0,1,0,0.0,2,1
22,1,0,0,2772,149,0,1,1,0.0,0,1
36,2,0,0,2805,116,0,0,1,100.0,0,0
32,2,0,0,8164,601,1273697,0,5,88.88888889,0,0
27,2,0,0,1664,1258,4365827,0,1,80.0,0,0
30,3,0,0,-1,0,0,1,1,0.0,0,1
28,2,0,0,7191,479,0,0,2,26.31578947,0,0
30,2,0,0,1309,151,542841,0,2,90.90909091,0,0
49,2,0,0,444,287,0,1,2,0.0,0,1
94,1,1,0,872,588,0,1,0,0.0,1,1
26,2,0,0,2437,120,1328127,0,4,83.33333333,0,0
227,2,0,0,1610,581,3948303,1,0,0.0,0,1
75,4,1,0,5160,1048,115,1,8,0.0,0,0
75,3,0,0,6425,149,1883099,0,5,0.0,0,0
65,3,5,0,4069,314,0,0,2,92.85714286,0,0
48,3,2,0,523,222,0,1,3,50.0,0,1
96,1,7,0,3376,276,1654335,0,5,60.0,0,0
29,3,0,0,-1,0,15044,0,5,100.0,0,0
25,1,0,0,5080,34,2716802,0,4,100.0,0,0
59,3,3,0,6928,1838,94719,1,4,50.0,0,0
61,3,2,0,6984,163,525473,0,5,0.0,0,0
30,2,0,0,1262,198,0,0,3,20.0,0,0
37,2,0,0,8227,28,0,0,5,60.0,0,0
31,2,0,0,2539,2209,0,0,5,100.0,0,0
37,2,0,0,-1,0,0,1,2,41.66666667,0,1
36,2,0,0,3313,340,298753,0,3,0.0,0,0
70,3,0,0,5062,51,723831,1,1,0.0,0,0
88,2,9,0,1925,267,2709,0,5,87.5,0,0
151,6,1,0,-1,393,238118,1,5,10.0,1,1
33,1,0,0,396,335,0,1,0,0.0,0,1
28,2,0,0,2290,267,132459,1,4,0.0,0,1
27,2,1,0,-1,-1,1611338,0,4,25.0,0,0
22,2,1,0,3753,264,314249,0,2,89.47368421,0,0
22,2,0,0,806,290,45133,0,1,27.27272727,0,1
70,2,1,0,3538,115,0,1,2,100.0,4,1
53,2,2,0,7584,451,969,0,5,100.0,0,0
50,3,0,0,7108,1658,135545,0,5,50.0,0,0
23,2,1,0,3571,82,211484,0,3,100.0,0,0
51,2,1,0,7839,197,606,0,6,31.25,0,0
58,2,0,0,8349,2973,1,1,10,42.85714286,2,1
88,3,8,0,-1,0,19486,0,6,71.42857143,0,0
80,2,5,0,7883,152,475598,0,4,50.0,0,0
220,7,1,0,-1,0,0,1,0,100.0,1,1
39,2,2,0,2960,326,1148678,1,4,100.0,0,0
26,2,0,0,2051,140,890770,0,2,37.5,0,0
92,2,1,0,4170,942,0,1,3,0.0,3,1
84,3,3,0,4306,1538,16175,1,5,87.5,0,0
68,3,4,0,4821,293,151781,0,3,40.0,0,0
134,3,4,0,3381,272,0,1,0,0.0,0,1
87,2,0,0,7744,0,277,0,6,84.84848485,0,0
86,2,1,0,-1,0,0,1,0,0.0,1,1
24,2,0,0,1592,234,2506622,0,3,0.0,0,0
43,2,0,0,6255,2510,688,0,6,61.53846154,0,0
51,2,2,0,7835,201,600,0,6,31.25,0,0
36,2,0,0,4723,25,2209903,1,3,100.0,0,1
46,1,2,0,2851,71,877707,0,2,100.0,0,1
54,2,0,0,6071,139,14420,0,5,31.03448276,0,0
103,4,5,0,7447,587,385,1,8,0.0,0,0
59,2,1,0,8215,184,216,0,8,88.46153846,0,0
35,2,0,0,7299,370,0,0,5,14.28571429,0,0
36,2,0,0,356,10,0,1,0,16.66666667,0,1
56,2,2,0,1350,111,488922,1,2,100.0,0,0
76,2,5,0,2133,789,11262,1,4,60.0,0,0
73,4,0,0,8346,2975,1,0,10,66.66666667,0,0
77,2,1,0,6256,2509,688,0,6,64.28571429,0,0
43,3,2,0,3415,238,0,1,0,58.33333333,0,1
29,2,0,0,7649,1847,357469,0,4,50.0,0,0
50,2,1,0,7838,198,606,0,6,31.25,0,0
46,2,0,0,7134,901,13,0,7,100.0,0,0
25,2,0,0,2786,136,1090791,0,3,20.0,0,0
28,2,0,0,8934,199,18070,0,5,66.66666667,0,0
25,2,0,0,1205,255,355818,0,3,83.33333333,0,0
48,3,2,0,5526,1048,10856,1,5,0.0,0,0
51,2,2,0,5906,253,1495,0,6,28.0,0,0
85,1,6,0,6064,145,219535,1,4,94.44444444,0,0
70,3,4,0,0,364,0,1,0,100.0,0,1
33,2,0,0,3494,524,3399200,0,3,0.0,0,0
40,1,0,0,7967,68,7232787,1,2,100.0,0,1
29,2,0,0,1950,242,341948,1,1,0.0,1,1
80,2,1,0,3314,27,0,1,0,50.0,3,1
57,2,0,0,6338,602,289,0,5,100.0,0,0
99,2,2,0,8018,381,0,1,4,7.692307692000001,1,1
76,3,4,0,-1,71,2352325,0,5,75.0,0,0
126,3,4,0,1669,157,1961063,1,0,0.0,0,1
37,4,0,0,3433,220,0,1,0,100.0,0,1
43,3,0,0,7158,149,2294,0,3,86.66666667,0,0
125,3,5,0,8217,183,1509316,0,2,0.0,1,0
56,5,0,0,12102,0,17784,0,5,100.0,0,0
82,2,6,0,139,226,0,1,0,100.0,0,1
40,2,0,0,1953,2430,4365,1,3,0.0,0,1
55,2,2,0,-1,0,0,1,2,0.0,0,1
41,3,0,0,8048,3479,2615,0,6,0.0,0,0
129,2,4,0,276,89,0,1,0,0.0,1,1
32,2,0,0,6529,776,551720,0,4,100.0,0,0
51,1,2,0,3871,147,22440,0,5,64.28571429,0,0
29,2,0,0,-1,0,936822,0,3,66.66666667,0,0
30,2,1,0,-1,0,0,0,2,33.33333333,0,0
56,4,3,0,5466,1259,74,1,4,0.0,0,1
86,3,0,0,-1,0,8661090,1,1,100.0,1,1
25,2,0,0,93,272,0,1,0,100.0,0,1
30,1,0,0,4672,76,90,0,9,10.0,0,0
55,2,0,0,7130,905,12,0,7,100.0,0,0
29,3,0,0,-1,0,0,0,0,83.33333333,1,1
54,2,0,0,6215,359,3167,0,5,100.0,0,0
22,1,0,0,-1,0,173891,0,3,58.33333333,0,0
97,2,6,0,7982,1879,13287,0,5,66.66666667,0,0
28,1,2,0,-1,0,1080945,0,3,100.0,0,1
63,2,1,0,2783,0,7664335,1,2,0.0,0,1
72,5,1,1,6405,169,0,1,2,0.0,0,1
44,5,0,0,5627,217,0,1,5,0.0,1,1
48,2,1,0,4684,430,0,1,4,43.75,2,1
90,6,1,0,-1,0,502500,0,2,85.71428571,0,1
28,2,0,0,-1,81,1375774,0,3,70.37037037,0,0
25,2,0,0,5832,376,2383950,0,3,85.0,0,0
47,2,1,0,5751,92,3759,0,5,4.0,0,0
52,2,0,0,7134,901,12,0,7,100.0,0,0
80,3,4,0,5443,35,0,1,2,0.0,0,0
78,2,8,0,4847,632,6060,0,5,66.66666667,0,0
181,5,6,1,-1,0,1835934,1,2,66.66666667,1,1
42,3,0,0,6253,321,272316,1,1,81.81818182,1,1
41,2,0,0,6532,43,0,1,0,0.0,1,1
47,4,0,0,-1,348,8615137,1,1,0.0,0,1
34,2,0,0,7309,360,0,0,5,0.0,0,1
21,2,0,0,8649,115,1409953,0,4,0.0,0,0
84,2,0,0,2192,365,0,1,0,85.71428571,0,1
88,2,5,0,4062,321,99,0,5,18.18181818,1,0
18,2,0,0,3691,326,1889322,0,2,92.85714286,0,0
80,3,4,0,9131,365,15561,1,6,81.66666667,0,0
53,2,1,0,5259,220,579623,0,3,100.0,0,0
56,2,0,0,5636,208,2,0,10,56.0,0,0
38,2,0,0,-1,0,0,1,3,0.0,0,1
18,2,0,0,-1,0,735492,0,3,100.0,0,0
103,2,5,0,4059,324,99,0,5,18.18181818,0,0
36,2,0,0,90,274,0,1,2,0.0,0,1
26,2,0,0,3262,390,9832045,0,2,100.0,0,0
22,2,0,0,4104,1739,49465,0,3,50.0,0,0
31,3,0,0,3913,470,7604323,0,2,100.0,0,0
28,2,0,0,4489,258,0,0,3,90.90909091,1,1
89,4,5,0,7448,586,385,0,8,0.0,0,0
33,2,1,0,7297,372,0,0,5,0.0,0,0
30,1,1,0,-1,0,0,1,0,0.0,0,1
32,2,0,0,7299,370,0,0,5,11.76470588,0,0
60,4,1,0,-1,0,0,1,1,0.0,3,1
35,1,0,0,2674,0,8291831,0,3,16.66666667,0,0
55,3,2,0,1546,644,4669,1,2,0.0,1,1
33,2,0,0,5159,1049,8007434,0,8,33.33333333,0,0
299,15,2,0,3808,0,0,1,0,0.0,3,1
125,2,9,0,8219,2006,8755,0,5,100.0,0,0
66,2,0,0,2706,216,196027,1,4,77.77777778,1,0
41,3,1,0,5491,353,2902297,0,3,100.0,0,0
77,2,0,0,581,149,796025,0,3,40.0,0,1
57,4,0,0,-1,0,1539269,0,3,37.5,0,0
29,2,0,0,-1,167,509584,0,1,54.54545455,0,0
55,3,0,0,1800,757,0,1,1,70.58823529,0,1
63,2,0,0,-1,124,0,0,0,0.0,0,1
31,1,0,0,-1,0,8063240,0,2,1.5625,0,0
74,3,6,0,7688,347,383023,0,4,81.25,0,0
111,3,5,0,7792,609,557,0,8,0.209205021,2,0
23,2,0,0,3088,2026,2628104,0,2,88.88888889,0,0
204,2,2,0,7968,3354,892,0,7,40.0,0,1
214,5,0,0,7083,221,0,1,4,0.0,0,1
71,2,0,0,8000,1496,237688,0,4,85.71428571,0,0
78,4,0,0,-1,0,0,1,0,0.0,1,1
36,2,0,0,7412,282,1561104,1,2,0.0,1,1
67,2,4,0,6587,353,2673,0,6,83.33333333,0,0
26,2,0,0,6991,573,406163,0,4,80.95238095,0,0
30,2,0,0,2865,786,0,1,0,0.0,0,1
21,2,0,0,-1,0,0,0,3,100.0,0,0
27,2,0,0,1616,210,0,0,3,24.32432432,0,0
54,5,2,0,5616,228,0,1,5,0.0,0,1
52,2,0,0,5086,392,53314,0,5,100.0,0,0
30,2,1,0,6998,307,2435691,0,2,0.0,0,0
23,2,0,0,2166,26,898859,0,2,86.66666667,0,0
23,1,0,0,1493,333,0,0,2,42.85714286,0,0
29,2,0,0,1346,114,504286,0,2,100.0,0,0
47,3,0,0,8575,192,92470,0,5,0.0,0,0
153,2,1,0,4284,99,0,1,1,66.66666667,2,1
44,1,0,0,4937,176,64385,0,5,90.90909091,0,0
45,1,0,0,2172,1481,1130377,1,4,0.0,0,1
61,2,0,0,6256,2509,688,0,6,64.28571429,0,0
43,3,0,0,-1,0,784159,1,3,100.0,0,1
67,2,0,0,6149,425,11846,1,5,0.0,0,0
28,2,0,0,5160,1048,0,0,8,0.0,0,0
45,3,1,0,7130,905,12,1,7,100.0,0,0
62,2,1,0,201,165,0,1,3,0.0,3,1
29,2,1,0,6304,1091,428296,0,3,50.0,0,0
82,3,0,0,-1,288,276218,1,5,0.0,0,0
26,2,0,0,862,233,0,0,0,71.42857143,0,1
31,2,0,0,3312,340,833799,0,4,66.66666667,0,0
77,2,0,0,5783,60,50436,1,4,0.0,0,1
49,3,1,0,3857,161,1747496,1,4,0.0,0,0
18,2,0,0,-1,338,0,0,0,0.0,1,1
93,3,0,0,5232,246,0,0,7,0.0,0,0
64,5,0,1,5627,216,0,1,5,0.0,0,1
159,2,0,0,-1,0,0,1,0,0.0,1,1
91,2,6,0,5222,986,135,0,8,58.82352941,0,0
75,2,0,0,8202,198,114489,0,5,0.0,1,0
32,2,0,0,7449,220,1307416,0,5,66.66666667,0,0
20,1,0,0,4383,730,0,1,2,86.66666667,0,1
33,2,0,0,8964,1261,70,0,8,0.0,0,0
38,2,0,0,1456,0,0,0,1,12.5,0,0
63,2,0,0,2254,303,0,1,0,100.0,1,1
55,2,2,0,5032,82,8889671,0,2,69.23076923,0,0
50,3,0,0,8047,3479,2604,0,6,0.0,0,0
40,2,2,0,-1,0,77586,1,1,0.0,1,1
72,2,8,0,-1,1011,3541485,0,2,93.33333333,0,0
45,3,0,0,5812,1493,10664,0,5,33.33333333,0,0
31,2,0,0,2006,186,3760288,0,3,92.85714286,0,0
90,3,1,0,-1,63,0,1,0,100.0,5,1
84,2,0,0,8347,2975,1,1,10,0.0,1,1
35,2,0,0,2837,85,4073967,1,2,0.0,0,1
63,1,2,0,2809,113,0,1,0,60.0,2,1
35,2,0,0,212,519,0,1,0,50.0,0,1
24,1,0,0,5509,334,787013,1,2,76.92307692,0,1
24,2,0,0,3466,186,381443,0,4,66.66666667,0,0
26,1,0,0,1735,91,2262517,1,2,50.0,0,1
41,2,0,0,-1,152,0,1,2,0.0,0,0
49,2,0,0,7130,905,12,0,7,100.0,0,0
37,2,0,0,-1,37,3529045,1,2,0.0,0,0
46,3,0,0,-1,180,0,1,0,0.0,0,1
25,2,0,0,3040,246,112982,0,4,71.42857143,0,0
47,4,2,0,5612,231,5865346,1,5,0.0,0,1
90,2,7,0,5414,64,55888,0,4,66.66666667,0,0
24,2,0,0,7251,54,940265,1,1,2.272727273,0,1
29,2,0,0,5613,230,0,1,5,0.0,0,1
53,3,0,0,7692,2901,502614,0,5,100.0,0,0
85,1,10,0,5797,47,1518,0,7,72.30769231,0,0
70,6,0,0,2350,207,0,1,2,100.0,0,1
26,3,0,0,-1,0,988977,0,2,75.0,0,0
47,2,0,0,7132,902,12,0,7,100.0,0,0
61,3,0,0,7071,234,76196,0,5,100.0,0,0
65,4,0,0,8592,0,4293,0,5,0.0,0,0
33,2,0,0,582,149,238940,1,3,23.07692308,0,1
27,2,0,0,5342,0,2415737,0,3,100.0,1,0
51,1,0,0,4410,337,0,1,2,0.0,1,1
35,2,0,0,6977,328,120226,0,5,100.0,0,0
68,2,7,0,5034,79,204376,0,4,80.0,0,0
30,2,0,0,-1,270,4286481,0,2,0.0,0,0
29,2,0,0,6391,1645,413,0,5,52.94117647,0,0
70,5,2,0,505,226,0,1,0,0.0,1,1
105,3,7,0,3037,3537,3636,0,5,90.0,0,0
57,3,3,0,8373,26,1352921,0,4,77.77777778,0,0
31,2,0,0,3579,74,3148672,0,2,0.0,0,0
24,3,0,0,-1,2692,0,0,3,0.0,0,0
26,2,0,0,-1,7,0,0,1,0.0,0,0
51,1,0,0,155,210,9655552,1,0,0.0,1,1
303,3,1,0,-1,69,0,1,0,33.33333333,4,1
26,2,0,0,6564,376,51845,0,4,7.692307692000001,0,0
27,2,0,0,5617,591,0,0,2,0.0,0,0
59,2,0,0,8829,507,2635,0,6,89.28571429,0,0
42,2,0,0,7740,295,779,0,6,93.75,0,0
39,2,3,0,2718,203,0,0,2,0.0,0,0
33,2,1,0,-1,0,163131,0,4,100.0,0,0
41,2,0,0,7530,2696,23288,1,4,100.0,0,1
50,3,0,0,7376,294,6362655,0,5,0.0,0,0
25,2,0,0,9041,455,1936483,0,4,50.0,0,0
55,2,0,0,3839,179,21416,1,6,100.0,0,0
36,2,0,0,-1,309,0,1,0,100.0,0,1
45,3,0,0,1818,0,8021772,1,0,0.0,0,1
76,4,1,0,4003,15,5816617,1,0,100.0,0,1
30,2,0,0,-1,222,211600,0,4,82.35294118,0,0
22,3,0,0,-1,99,555264,0,2,61.11111111,0,0
41,3,1,0,-1,0,0,1,0,0.0,0,1
70,4,1,0,4286,360,262783,0,4,100.0,0,0
42,2,0,0,1953,2430,4365,0,3,0.0,0,1
56,2,1,0,-1,1192,590567,1,2,0.0,0,1
27,2,0,0,1382,79,67497,0,2,83.33333333,0,0
30,2,1,0,3777,3162,6328,0,7,0.0,1,0
38,3,0,0,7133,902,12,1,7,100.0,0,0
75,6,2,1,5626,217,0,1,5,0.0,0,1
77,3,3,0,9010,120,446919,1,5,87.5,0,0
67,3,0,0,7119,186,163874,0,5,0.0,0,0
78,3,1,0,630,101,0,1,2,100.0,4,1
19,2,1,0,54,311,0,1,0,0.0,0,1
55,2,0,0,8520,2804,8,0,10,14.28571429,0,0
89,2,6,0,4211,1266,165366,1,4,42.85714286,0,0
45,2,0,0,3772,246,35245,0,4,45.45454545,0,0
74,3,0,0,-1,0,171134,0,5,0.0,0,0
50,2,2,0,5271,208,4135720,1,0,20.0,0,1
19,1,0,0,-1,271,406442,0,3,50.0,0,0
330,4,8,0,7490,3103,376,0,7,0.0,0,1
42,2,1,0,27,337,0,1,0,100.0,0,1
43,4,0,0,2215,341,627168,1,1,30.0,0,1
21,2,0,0,-1,0,676660,0,5,100.0,0,0
62,3,0,0,12712,0,1117,1,6,0.0,0,0
27,2,1,0,3313,339,384896,0,3,66.66666667,0,0
26,1,0,0,-1,355,0,1,0,0.0,0,1
66,2,4,0,4641,107,6166,0,6,57.14285714,0,0
50,2,0,0,4545,411,254352,0,4,20.0,0,1
45,2,1,0,8539,593,29422,0,5,100.0,0,0
30,2,1,0,1,0,0,1,0,0.0,0,1
33,2,0,0,7717,319,891900,0,4,0.0,0,0
36,2,0,0,2881,2596,5754,1,4,100.0,0,1
64,3,0,0,1338,122,22211,1,6,100.0,0,1
92,3,0,0,259,106,0,1,1,0.0,0,1
33,2,0,0,-1,423,1593690,0,3,60.0,0,0
74,3,4,0,8181,584,178077,1,4,62.5,0,0
255,3,8,0,9338,158,21,0,5,0.0,1,1
219,1,2,0,778,318,0,1,1,80.0,3,1
54,2,1,0,2132,59,17569,1,4,16.66666667,0,0
31,2,0,0,-1,0,788916,0,4,50.0,0,0
28,2,0,0,734,362,3941699,0,2,42.85714286,0,1
23,1,0,0,-1,0,121046,0,3,0.0,0,0
23,2,0,0,4666,83,747137,0,3,66.66666667,0,0
29,2,0,0,1163,297,0,0,2,66.66666667,0,0
263,13,0,1,2660,3183,0,1,4,0.0,1,1
36,1,0,0,2247,310,50432,0,5,87.5,1,0
120,4,0,0,3992,25,5697976,1,0,100.0,0,1
34,3,0,0,7062,242,1760637,1,1,81.81818182,1,1
60,2,1,0,345,386,0,1,0,4.166666667,3,1
64,3,3,0,6724,580,13495,0,5,25.0,0,0
28,2,0,0,2858,428,291303,0,4,100.0,0,0
97,1,1,0,835,261,0,1,0,0.0,3,1
48,3,2,0,184,182,0,1,0,100.0,0,1
72,3,4,0,-1,0,8013,1,6,100.0,0,0
49,3,0,0,-2,470,131425,0,5,79.16666667,0,0
74,4,1,0,10673,286,23,1,8,100.0,0,0
43,2,0,0,8348,2973,1,0,10,50.0,2,1
88,2,6,0,6991,314,4524,0,5,46.66666667,0,0
56,2,2,0,6111,98,0,0,3,97.56097561,0,0
22,2,0,0,995,100,0,0,1,75.0,0,0
49,2,0,0,9091,1602,25870,0,4,0.0,1,0
73,2,9,0,7419,1346,285,0,7,0.0,0,0
52,2,0,0,2397,160,7613314,1,1,0.0,0,1
31,2,0,0,4190,192,21732,0,6,40.0,0,0
66,2,1,0,4,359,0,1,0,6.976744186,0,1
27,2,0,0,1128,333,0,0,0,40.0,0,0
88,4,5,0,8758,735,947,0,8,87.17948718,0,0
55,3,1,0,9800,2252,72,0,8,81.25,0,0
74,1,6,0,3565,0,39004,0,6,76.47058824,0,0
37,2,0,0,451,280,0,1,0,75.0,0,1
23,3,0,0,-1,0,439401,0,3,31.25,0,0
110,3,2,0,-1,0,0,1,2,0.0,0,1
132,2,2,0,8019,381,0,1,4,7.692307692000001,0,1
63,3,3,0,5208,635,27898,0,5,66.66666667,0,0
25,1,0,0,519,212,0,1,0,100.0,0,1
83,2,9,0,9221,1007,0,1,4,38.0952381,0,0
22,2,1,0,-1,564,0,1,2,0.0,0,1
54,3,2,0,6739,3123,10600,0,6,0.0,0,0
91,2,7,0,3930,452,1051803,0,3,80.0,0,0
40,1,0,0,5554,289,926922,0,4,100.0,0,0
48,6,0,0,-1,0,0,1,0,0.0,1,1
145,3,3,0,7086,948,18105,1,3,0.0,0,1
36,2,0,0,8519,2804,8,1,10,22.22222222,0,0
81,2,1,0,1184,276,0,1,1,100.0,2,1
60,1,4,0,3855,162,0,0,2,0.0,0,0
27,2,0,0,1230,0,123186,1,2,64.70588235,1,1
50,3,0,0,8145,620,12421,0,6,30.95238095,0,0
203,2,0,0,-1,0,0,1,0,100.0,2,1
54,4,0,0,-1,0,0,1,0,100.0,0,1
36,2,0,0,473,258,0,1,0,100.0,0,1
25,2,0,0,2887,1129,195017,0,3,73.33333333,0,0
32,3,0,0,-1,126,1363440,0,2,0.0,0,0
29,2,0,0,2052,139,6963675,1,0,100.0,0,1
81,3,0,0,8205,195,0,1,3,0.0,0,0
157,4,1,0,6019,1286,3365993,1,4,91.11111111,0,1
54,5,0,0,2350,207,0,1,2,100.0,0,1
76,3,0,0,2370,186,0,1,2,50.0,1,1
92,3,0,0,4313,799,219768,1,3,100.0,0,1
97,2,0,0,7841,1290,3990,0,5,0.0,0,0
74,2,2,0,9286,1673,153840,1,5,66.66666667,0,0
164,3,1,1,4284,99,0,1,1,66.66666667,2,1
37,2,1,0,-1,0,77586,1,1,0.0,1,1
25,1,0,0,2005,187,350582,0,4,85.71428571,0,0
26,2,0,0,1186,274,141129,0,1,71.42857143,0,0
53,3,0,0,-1,730,0,1,0,100.0,0,1
25,2,0,0,6986,319,407240,0,3,0.0,0,0
29,2,0,0,4258,141,422100,0,4,100.0,0,0
29,2,1,0,4087,296,940638,0,3,100.0,0,0
65,5,2,0,5626,218,0,1,5,0.0,1,1
67,2,0,0,4376,0,0,1,1,0.0,0,1
53,2,3,0,9078,53,43635,0,6,87.5,0,0
56,5,0,0,7473,197,0,1,4,88.88888889,0,1
56,2,1,0,767,328,0,1,2,0.0,3,1
63,2,7,0,-1,286,853259,0,3,66.66666667,0,0
44,2,0,0,7298,371,275769,0,5,42.85714286,0,0
57,3,2,0,9265,232,8548,1,7,100.0,0,0
91,3,1,0,518,213,4431878,1,0,100.0,2,1
179,6,0,0,-1,0,10534904,1,0,35.71428571,2,1
118,2,1,0,1279,182,0,1,0,100.0,0,1
36,2,0,0,61,303,0,1,0,100.0,1,1
44,3,0,0,7157,149,2294,0,3,86.66666667,0,0
33,2,0,0,8518,2805,8,0,10,13.33333333,0,0
65,2,1,0,6697,243,3822,0,7,58.33333333,0,0
46,2,1,0,6264,310,5725,0,5,76.38888889,0,0
33,2,0,0,2917,370,68190,0,6,88.88888889,0,0
150,4,0,0,-1,0,0,1,0,0.0,2,1
21,2,0,0,7969,1161,15330,0,5,50.0,0,0
56,3,1,0,8050,350,1593,1,5,91.30434783,0,0
41,2,0,0,-1,215,0,0,4,100.0,0,0
26,2,0,0,-1,0,0,0,2,100.0,0,0
85,1,8,0,6064,145,10507,0,5,32.55813953,0,0
90,2,6,0,7616,133,2190,0,5,52.94117647,0,0
27,2,0,0,1703,124,1095998,0,1,98.57142857,0,0
36,2,0,0,7296,373,1488112,0,5,46.15384615,0,0
70,3,0,0,6348,3148,188311,0,4,71.42857143,0,0
113,3,0,0,6677,261,0,1,0,100.0,0,1
22,2,0,0,1986,570,0,0,3,53.84615385,0,0
31,1,0,0,6,358,0,1,0,100.0,0,1
41,2,0,0,7447,587,0,0,8,63.46153846,0,0
89,2,8,0,1436,25,2323308,0,2,50.0,0,0
51,2,0,0,2314,1338,0,1,0,100.0,0,1
25,2,0,0,-1,125,0,0,0,100.0,1,1
27,2,0,0,-1,0,0,0,1,100.0,0,0
35,2,0,0,7296,373,0,1,5,0.0,0,1
38,3,0,0,8272,131,13549,0,5,80.0,0,0
48,4,0,0,11909,0,5646,1,5,0.0,0,0
76,3,3,0,6242,698,2409,0,6,33.33333333,0,0
38,2,0,0,7621,50,56198,1,6,72.0,0,1
45,2,0,0,1414,0,0,1,0,0.0,0,1
30,2,0,0,889,206,0,1,1,0.0,0,1
76,2,4,0,4502,245,896069,1,5,87.5,0,0
31,2,0,0,7297,372,0,1,5,0.0,0,1
77,2,1,0,5927,7,0,1,1,0.0,3,1
88,4,1,0,1533,657,4623,1,2,80.0,0,1
56,3,0,0,-1,0,0,1,0,0.0,0,1
51,3,0,0,6106,103,737,1,6,15.38461538,0,0
33,2,0,0,7140,165,0,0,5,100.0,0,0
93,4,0,0,-1,0,2818,0,6,0.0,0,0
98,2,4,0,5738,1201,8559,0,6,75.0,0,0
41,1,1,0,1345,115,0,1,4,15.0,0,1
38,2,0,0,-1,345,0,1,0,57.14285714,0,1
43,2,0,0,4918,2021,19671,0,5,100.0,0,0
78,2,1,0,7449,220,21320,1,5,35.13513514,3,1
23,2,0,0,-1,1051,1054810,0,3,71.42857143,0,0
201,3,0,0,1479,347,0,1,1,0.0,2,1
31,2,1,0,6467,1202,37793,0,4,63.63636364,0,0
68,3,0,0,6109,2656,1617,0,5,0.0,0,0
32,2,0,0,7808,228,8348,0,6,100.0,0,0
42,2,0,0,5844,364,6767,0,5,100.0,0,0
48,3,0,0,8047,3480,2604,0,6,0.0,0,0
198,6,4,0,678,52,10421362,1,3,81.81818182,4,1
50,3,0,0,5026,87,0,1,1,0.0,0,1
28,2,0,0,5981,351,0,0,2,25.0,0,0
27,2,0,0,5910,298,1860613,0,3,66.66666667,0,0
40,3,0,0,8147,617,12601,0,6,30.95238095,0,0
44,2,0,0,2345,211,237648,1,2,57.14285714,0,0
49,2,0,0,-1,372,6129966,0,3,0.0,0,0
26,2,0,0,-1,0,0,0,0,60.0,0,0
81,2,1,0,8945,188,32,1,7,100.0,0,0
36,3,0,0,92,273,0,1,0,100.0,0,1
61,2,0,0,-1,0,9417793,1,0,0.0,2,1
64,2,0,0,3688,330,0,1,2,0.0,0,1
38,2,0,0,5636,208,2,0,10,56.0,0,0
53,2,1,0,1953,2430,4365,1,3,0.0,0,1
30,2,0,0,-1,894,0,0,4,66.66666667,0,0
52,3,0,0,-1,0,331651,0,4,0.0,0,0
40,1,0,0,4706,408,47113,0,4,85.71428571,0,0
41,3,2,0,4861,983,0,0,3,100.0,0,0
60,2,3,0,5509,335,1290,0,7,100.0,0,0
17,2,0,0,4516,231,144211,0,4,50.0,0,0
78,4,2,0,5627,217,0,1,5,0.0,0,1
34,2,0,0,-1,2020,314851,0,2,99.04761905,0,0
44,3,3,0,165,201,0,1,0,94.11764706,0,1
48,1,1,0,4629,119,0,1,2,0.0,3,1
143,5,0,0,5613,231,0,1,5,33.33333333,0,1
56,3,0,0,1971,0,0,0,0,100.0,3,1
65,3,4,0,11049,275,549,0,6,90.0,0,0
73,3,0,0,761,335,0,1,0,0.0,1,1
29,2,0,0,6466,109,0,0,3,0.0,0,0
71,3,5,0,1731,96,7026810,0,0,71.42857143,0,0
25,2,0,0,4473,640,0,0,3,100.0,0,0
110,4,1,1,4609,139,0,1,3,50.0,4,1
80,3,1,0,5826,18,0,1,0,0.0,0,1
54,2,1,0,786,310,0,1,0,0.0,2,1
71,2,4,0,7445,589,5393701,0,8,26.08695652,0,0
106,7,0,0,-1,953,0,1,0,0.0,3,1
32,2,0,0,-1,0,0,1,0,15.95744681,1,1
50,1,2,0,2213,344,305155,1,3,55.55555556,0,0
44,5,0,0,3332,320,0,1,3,90.47619048,0,1
39,3,0,0,-1,180,733495,0,2,100.0,0,0
100,4,6,0,7449,586,385,0,8,0.0,0,0
31,2,0,0,7962,1534,71370,0,5,34.61538462,0,0
49,2,0,0,1502,324,2698315,1,0,0.0,0,1
66,3,4,0,11048,276,546,0,6,90.0,0,0
259,3,3,0,7062,242,491854,1,1,81.81818182,3,1
70,5,3,0,5616,228,0,1,5,0.0,2,1
180,3,1,0,2188,3,15873,1,5,100.0,2,1
61,3,2,0,8746,0,23386,1,4,40.90909091,0,0
19,1,0,0,5890,319,2438924,0,2,80.0,0,0
44,3,0,0,3605,49,1137979,1,3,0.0,1,1
46,3,0,0,3710,308,818029,1,4,71.42857143,1,0
75,3,0,0,8206,923,15425,1,5,76.92307692,0,0
102,3,1,0,4842,271,9602,0,5,0.0,0,1
466,4,8,0,7708,27,1416447,1,5,10.0,1,1
83,3,1,0,383,347,10628193,1,0,100.0,1,1
59,3,1,0,-1,0,5695,1,5,100.0,0,0
68,3,1,0,1728,464,0,1,3,100.0,3,1
38,1,0,0,439,292,0,1,0,0.0,0,1
36,2,0,0,7297,372,0,0,5,4.761904762,0,0
127,2,3,0,8348,2974,1,1,10,0.0,0,1
37,2,0,0,4057,325,98,1,5,16.66666667,0,0
38,2,0,0,9174,322,625,0,7,68.42105263,0,0
60,2,0,0,8546,0,58239,0,5,0.0,0,0
35,2,1,0,-1,398,228333,0,6,50.0,0,0
63,7,1,0,177,189,0,1,0,0.0,0,1
51,3,3,0,6137,72,28754,0,5,44.0,0,0
50,2,0,0,-1,-1,0,1,0,0.0,1,1
60,2,1,0,514,217,0,1,0,0.0,0,1
62,1,1,0,4540,208,0,1,1,100.0,3,1
38,2,4,0,8149,251,133,0,6,43.47826087,0,0
33,3,0,0,4161,221,0,1,0,0.0,0,1
162,4,2,0,5616,228,0,1,5,0.0,0,1
20,1,0,0,-1,0,2472276,1,6,100.0,0,1
50,1,0,0,4312,110,0,1,2,0.0,0,1
42,4,1,0,5627,217,0,1,5,0.0,0,1
31,3,0,0,-1,14,0,1,0,100.0,0,1
24,2,0,0,5852,356,76924,1,1,0.0,0,1
66,2,1,0,9056,75,1664,1,7,100.0,0,0
71,2,1,0,9283,60,124,0,7,87.80487805,0,0
33,2,0,0,8966,1260,70,0,8,0.0,0,0
73,3,0,0,793,303,514912,0,1,0.0,0,1
466,4,8,0,7709,26,1422202,1,5,10.0,1,1
61,2,0,0,7133,901,12,1,7,100.0,0,0
84,1,6,0,9034,191,696,0,5,11.11111111,0,0
57,2,1,0,7119,3473,32633,1,4,7.692307692000001,0,0
42,2,2,0,5456,23,124062,1,3,60.0,0,0
60,3,4,0,3097,191,2437404,0,3,41.66666667,0,0
59,3,1,0,4193,189,0,1,2,0.0,3,1
44,2,0,0,7780,179,6206,0,5,75.0,0,0
50,2,1,0,4255,128,0,0,3,11.47540984,0,0
36,2,2,0,-1,0,77586,1,1,100.0,1,1
21,1,0,0,4320,63,0,1,2,66.66666667,0,1
30,2,0,0,2613,673,670465,0,3,93.18181818,0,0
39,2,0,0,-1,149,0,1,0,50.0,0,1
71,3,0,0,-1,782,0,1,0,0.0,0,1
43,2,1,0,1971,0,0,0,3,68.42105263,0,0
36,2,0,0,8518,2806,8,0,10,12.5,0,0
40,1,1,0,1744,83,0,0,2,0.0,3,1
29,2,0,0,7549,121,733780,0,4,100.0,0,0
129,3,1,0,-1,333,24,0,9,0.0,0,1
38,1,0,0,909,187,0,1,2,0.0,0,1
16,1,0,0,6001,0,9363234,0,3,66.66666667,0,0
70,3,4,0,8097,3442,52592,0,5,66.66666667,0,0
48,2,1,0,7743,164,20027,0,5,18.18181818,0,1
42,3,1,0,7982,54,348,1,6,12.5,0,0
33,2,0,0,7297,372,0,0,5,0.0,0,0
35,2,0,0,888,207,0,0,0,0.0,1,1
150,2,2,0,8019,381,0,1,4,7.692307692000001,1,1
64,2,4,0,6215,359,1173260,0,4,100.0,0,0
61,2,0,0,3157,0,0,1,1,0.0,0,1
38,1,0,0,4778,336,0,1,2,0.0,0,1
22,2,0,0,1654,173,4127669,0,3,50.0,0,0
35,3,0,0,-1,0,2639634,1,5,0.0,0,0
61,2,3,0,4487,990,2870,0,5,92.85714286,0,0
47,3,0,0,8051,1079,0,0,2,0.0,0,0
85,4,0,0,-1,208,0,1,0,7.142857143,0,1
33,2,0,0,8930,203,18546,0,5,9.090909091,0,0
37,2,1,0,5303,176,931080,0,4,75.0,0,0
77,4,1,0,5159,1049,115,1,8,0.0,0,0
159,6,6,1,5670,173,5836,1,6,12.5,0,1
80,1,5,0,2041,150,493547,1,3,64.28571429,0,0
23,2,0,0,-1,-1,71035,0,4,62.5,0,0
174,4,6,1,-1,540,0,1,0,66.66666667,1,1
108,3,1,0,3323,329,209025,0,2,0.0,1,0
67,3,5,0,3827,190,1709412,0,3,50.0,0,0
30,1,0,0,1899,292,507771,0,1,88.88888889,2,1
87,2,5,0,7728,1037,0,1,1,100.0,3,1
53,3,1,0,7481,3111,307,1,5,50.0,0,0
59,1,0,0,2107,85,234160,0,5,0.0,0,0
73,2,3,0,4075,1769,14263,0,4,57.14285714,0,0
27,2,0,0,-1,0,201422,0,2,85.71428571,0,0
34,3,0,0,5974,234,136505,0,3,66.66666667,0,0
56,3,2,0,3858,1255,36712,0,3,100.0,0,0
48,3,0,0,8045,3482,2580,0,6,0.0,0,0
122,2,3,0,8019,381,0,1,4,7.692307692000001,0,1
32,2,0,0,7296,373,0,0,5,0.0,0,0
76,2,2,0,5284,2751,15208,0,5,88.23529412,1,0
74,4,2,0,135,230,0,1,0,100.0,0,1
53,2,1,0,9174,322,623,0,7,68.42105263,0,0
74,2,4,0,5118,360,92095,0,5,82.35294118,1,0
38,2,0,0,2785,136,921056,0,1,66.66666667,0,0
29,2,0,0,5109,369,0,0,4,62.5,0,0
62,3,1,0,253,112,0,1,0,0.0,2,1
48,2,0,0,6212,362,3128,0,5,100.0,0,0
60,5,0,0,7017,287,0,1,1,66.66666667,4,1
25,2,0,0,147,219,0,1,0,0.0,0,1
56,2,0,0,6833,236,0,1,0,100.0,0,1
50,3,1,0,7343,1057,611,0,5,50.0,0,0
40,1,0,0,5194,0,1139798,0,2,73.91304348,0,0
55,2,2,0,4104,279,1337106,0,4,100.0,0,0
59,2,0,0,6382,193,3283160,0,2,0.0,0,0
37,2,0,0,-1,173,399905,0,4,90.90909091,0,0
35,1,0,0,300,66,0,1,0,100.0,0,1
54,2,0,0,1546,645,4669,1,2,66.66666667,0,1
33,1,2,0,3512,141,0,0,2,100.0,0,1
44,3,0,0,5659,185,1280742,1,3,96.77419355,0,0
65,3,4,0,3106,182,4486984,1,1,0.0,0,1
26,2,0,0,3546,107,3318392,0,3,100.0,0,0
283,3,8,0,9338,158,21,0,5,0.0,1,1
36,2,1,0,7494,176,1141553,1,4,100.0,0,0
70,1,1,0,2095,462,0,1,0,100.0,2,1
23,2,0,0,1813,1839,0,0,1,57.14285714,0,0
28,2,0,0,3091,197,0,0,2,90.0,0,0
38,2,0,0,3194,824,128555,1,5,100.0,0,1
32,1,0,0,-1,0,0,0,0,93.18181818,0,0
98,2,8,0,8959,171,574,0,6,22.22222222,0,0
41,2,2,0,3570,2273,16109,0,6,0.0,0,0
30,1,0,0,4907,0,1786477,0,1,42.85714286,0,0
20,1,1,0,-1,0,4055774,1,6,100.0,0,1
122,2,0,0,9339,157,21,0,5,0.0,0,1
23,2,0,0,2495,427,8018283,0,4,88.57142857,0,0
44,2,2,0,5887,1417,184,0,6,72.72727273,0,0
90,3,0,0,-1,0,301622,1,2,100.0,0,1
67,2,1,0,-1,188,306001,0,2,0.0,0,1
57,2,0,0,6901,1865,11507,1,5,61.11111111,0,0
47,2,2,0,2725,197,0,0,3,50.0,0,0
65,2,0,0,1834,358,0,1,0,100.0,0,1
25,2,0,0,1761,431,0,0,2,50.0,0,0
42,1,0,0,4238,2336,18680,0,5,100.0,0,0
56,2,0,0,6162,1508,6596,0,4,8.333333332999999,0,0
28,2,0,0,7297,372,5850976,0,5,11.11111111,0,0
70,2,1,0,3047,239,0,1,1,100.0,4,1
69,1,1,0,2542,380,2034769,1,3,75.0,3,1
30,2,0,0,-1,0,1727087,0,3,25.0,0,0
85,3,1,0,1015,80,1196152,1,2,0.0,0,1
43,3,0,0,7157,149,2294,1,3,86.66666667,0,0
127,4,1,0,3993,0,5707171,1,0,100.0,0,1
42,4,0,0,-1,0,0,1,0,75.0,0,1
64,2,1,0,131,234,0,1,0,0.0,3,1
41,2,1,0,3996,387,16360,0,4,40.0,0,0
91,2,7,0,8163,3158,708731,1,4,75.0,0,0
49,2,0,0,6060,149,754593,1,5,66.66666667,0,0
37,1,0,0,146,220,4024186,0,0,100.0,0,1
82,2,9,0,5062,3338,578,0,6,81.81818182,0,0
34,2,0,0,5160,1048,0,0,8,40.0,0,0
35,1,0,0,388,343,0,1,0,0.0,0,1
38,2,0,0,-1,362,0,1,0,71.42857143,0,1
32,1,0,0,7505,3087,1754,0,5,55.55555556,0,0
27,2,0,0,4333,414,0,0,2,10.0,0,0
44,2,3,0,7296,373,0,1,5,0.0,0,1
27,2,0,0,90,274,0,1,0,0.0,0,1
21,2,0,0,978,117,0,0,3,100.0,0,0
27,2,1,0,-1,0,0,0,1,50.0,0,0
34,2,1,0,8928,2761,46468,0,6,100.0,0,0
64,2,2,0,-1,359,0,1,0,100.0,1,1
38,2,0,0,1546,645,4669,1,2,66.66666667,0,1
77,3,0,0,7748,91,40610,1,5,0.0,1,0
48,2,0,0,7881,520,436856,0,5,83.33333333,0,0
39,3,0,0,3448,204,0,1,1,100.0,0,1
19,1,0,0,4,360,0,1,0,100.0,0,1
22,2,0,0,5525,318,649230,0,4,75.0,0,0
22,2,0,0,9074,787,1953598,0,4,100.0,0,0
64,3,6,0,6135,74,28418,0,5,44.0,0,0
29,2,1,0,60,305,0,0,0,100.0,0,0
59,3,4,0,11049,275,549,0,6,90.0,0,0
37,3,0,0,7378,192,192745,1,4,100.0,0,1
94,3,4,0,5993,216,0,1,0,100.0,4,1
39,3,0,0,7378,558,746847,1,2,100.0,0,1
29,1,0,0,60,304,0,1,0,100.0,1,1
25,2,0,0,8494,1003,6469,0,3,44.0,0,0
86,3,1,0,6990,315,2001589,1,1,81.81818182,1,1
86,2,1,0,518,213,4431878,1,0,100.0,2,1
118,2,1,0,8018,382,0,1,4,0.0,0,1
53,2,1,0,7834,201,600,0,6,29.03225806,0,0
36,2,0,0,6349,955,0,0,3,0.0,1,1
31,2,1,0,4392,356,0,0,2,80.0,0,0
38,2,1,0,2411,146,0,0,2,0.0,0,0
61,3,0,0,7189,1210,80480,0,5,0.0,0,0
23,2,0,0,6241,699,0,0,3,28.0,0,0
24,2,0,0,3509,50,8127484,0,3,85.71428571,0,0
66,3,1,0,-1,0,60011,0,4,0.0,0,0
23,2,0,0,8332,159,0,0,3,100.0,0,0
38,2,1,0,6073,137,14411,0,5,25.0,0,0
39,1,1,0,6329,611,642,1,10,35.29411765,1,0
26,2,0,0,2995,292,395612,1,1,100.0,0,1
41,3,0,0,3962,55,50893,0,4,85.71428571,0,0
124,3,3,0,2108,83,0,1,0,0.0,3,1
56,2,0,0,7296,373,0,1,5,50.0,0,1
36,2,0,0,-1,113,0,1,0,85.71428571,0,1
37,3,0,0,5515,329,423457,0,5,60.0,0,0
51,2,0,0,4138,244,0,1,0,100.0,0,1
30,2,0,0,1358,103,1471895,0,1,100.0,0,0
76,2,3,0,7616,132,2190,0,5,52.94117647,0,0
33,2,0,0,7447,588,0,0,8,68.88888889,0,0
58,5,0,0,359,7,0,1,1,0.0,1,1
185,2,1,0,1944,247,0,1,0,87.5,1,1
24,2,0,0,4011,7,3283858,0,2,66.66666667,0,0
27,2,0,0,6209,1,0,0,3,88.46153846,0,0
257,6,0,0,755,340,0,1,0,100.0,1,1
57,3,0,0,1971,0,0,0,0,100.0,3,1
36,2,2,0,3620,33,423466,0,2,96.15384615,0,0
40,2,0,0,6260,2505,683,0,6,61.53846154,0,0
76,2,5,0,-1,576,0,0,5,100.0,0,0
94,4,0,1,6448,75,2838593,1,2,100.0,0,1
21,2,0,0,4148,0,0,0,2,60.0,0,0
75,4,1,0,12714,0,5025,0,5,0.0,0,0
41,3,0,0,128,237,0,1,0,0.0,0,1
84,3,0,0,7476,1655,629,0,7,0.0,0,0
77,1,7,0,6304,270,8338,0,6,29.16666667,0,0
43,2,0,0,7130,905,12,0,7,100.0,0,0
28,2,0,0,436,295,0,0,0,0.0,0,0
62,3,2,0,7668,733,301,0,6,100.0,0,0
26,2,0,0,7115,18,1329043,1,3,98.18181818,0,0
95,3,0,0,3454,198,389882,1,4,100.0,0,0
102,2,14,0,5063,3337,582,0,6,88.88888889,0,0
43,2,0,0,9200,298,685,0,6,90.47619048,0,0
36,2,0,0,7296,373,0,1,5,0.0,0,1
32,1,0,0,3077,211,0,1,1,0.0,0,1
35,2,0,0,7441,1690,612034,0,5,93.75,0,0
37,2,0,0,2021,170,4511081,1,0,100.0,0,1
42,2,0,0,4507,241,571736,1,1,0.0,0,1
124,3,8,0,9501,360,2052,1,6,94.11764706,0,0
24,2,0,0,3927,90,1623912,0,2,57.14285714,0,0
63,2,0,0,-1,32,0,1,0,0.0,0,1
36,2,0,0,9203,295,687,0,6,90.47619048,0,0
52,2,0,0,6897,407,293139,0,5,0.0,0,0
74,3,0,0,8148,617,12761,0,6,30.95238095,0,0
135,2,1,0,4284,99,0,1,1,66.66666667,2,1
43,2,0,0,7133,901,12,1,7,100.0,0,0
47,4,2,0,5626,218,0,1,5,0.0,0,1
114,1,4,0,-1,0,2988,1,6,100.0,0,1
172,2,2,0,8018,382,0,1,4,0.0,0,1
74,3,2,0,9219,3565,114616,0,5,0.0,0,0
106,2,0,0,5622,222,0,1,1,0.0,0,1
69,2,0,0,4377,0,0,1,1,0.0,0,1
28,2,0,0,6671,1365,397947,0,3,28.57142857,0,0
57,3,0,0,9239,259,4803955,0,4,0.0,0,0
54,2,0,0,59,305,0,1,0,0.0,0,1
37,3,1,0,7189,116,481145,1,1,81.81818182,0,1
51,2,0,0,7134,901,12,0,7,100.0,0,0
25,2,0,0,6416,523,237480,0,4,100.0,0,0
27,2,0,0,7556,0,614699,0,5,100.0,0,0
62,4,0,0,-1,0,0,1,0,0.0,0,1
84,4,1,0,6559,15,0,1,2,12.5,3,1
50,1,0,0,226,139,5807838,1,0,100.0,0,1
26,3,0,0,-1,0,0,1,0,100.0,0,1
324,3,5,0,8018,382,0,1,4,44.44444444,0,1
28,1,0,0,334,0,0,1,2,100.0,0,1
38,4,0,0,-1,639,0,1,0,100.0,0,1
28,2,0,0,-1,0,0,1,0,33.33333333,0,1
31,2,0,0,3727,656,10481070,0,2,40.0,0,0
111,3,10,0,9297,201,8115,1,6,79.31034483,0,0
147,9,1,0,1620,207,2363,1,4,23.07692308,0,1
48,5,0,0,1628,198,3025118,1,1,100.0,0,1
24,2,0,0,-1,-1,1108129,0,4,0.0,0,0
43,2,1,0,2492,65,0,1,0,50.0,3,1
20,2,0,0,-1,0,0,0,4,33.33333333,0,0
39,2,0,0,90,275,0,1,0,75.0,0,1
49,4,1,0,5615,228,0,1,5,0.0,2,1
35,1,0,0,2970,317,8325539,1,3,100.0,0,1
69,3,2,0,8587,180,2544,0,6,76.92307692,0,0
24,3,0,0,-1,0,224845,0,3,62.5,0,0
42,3,0,0,532,198,0,1,0,0.0,0,1
55,1,4,0,2183,374,3190599,0,2,100.0,0,0
30,1,0,0,7491,179,63,0,10,50.0,0,0
46,2,0,0,6903,1863,11602,1,5,61.11111111,0,0
43,1,2,0,-1,371,2357981,1,1,0.0,2,1
22,2,0,0,-1,0,2988364,0,4,100.0,0,0
46,1,0,0,7657,379,433,0,7,94.11764706,0,0
39,1,2,0,7430,240,5517,1,6,50.0,0,0
39,2,0,0,6221,353,6192,0,5,100.0,0,0
41,2,0,0,6009,201,0,1,2,100.0,0,1
49,2,1,0,1059,37,0,1,0,0.0,0,1
25,2,0,0,-1,66,1993331,0,4,63.63636364,0,0
110,2,9,0,-1,211,904517,0,4,84.61538462,0,0
34,3,0,0,-1,1599,863712,0,2,0.0,0,0
88,2,1,0,1086,9,0,1,0,100.0,1,1
23,1,0,0,1697,130,7294945,0,4,100.0,0,0
46,2,0,0,4917,2022,19627,0,5,100.0,0,0
39,2,0,0,7724,2137,246,0,4,81.81818182,0,0
124,4,1,0,4003,14,5828815,1,0,100.0,0,1
41,3,0,0,9058,438,4321397,0,5,0.0,0,0
71,3,0,0,12874,0,2232,0,6,0.0,0,0
27,2,0,0,-1,205,6996253,0,1,40.0,0,0
71,2,1,0,507,0,0,1,0,0.0,0,1
56,4,0,0,5682,162,0,1,0,0.0,1,1
74,2,0,0,3764,253,0,1,2,75.0,1,1
45,4,0,0,1015,446,40937,1,4,0.0,0,1
75,2,8,0,7423,1342,293,1,7,0.0,0,0
76,3,1,0,3436,582,299847,1,4,22.22222222,3,1
42,4,0,0,-1,0,1999746,0,4,37.5,0,0
23,2,0,0,9076,1516,144824,0,4,62.5,0,0
188,2,0,0,3734,284,4969132,1,2,0.0,3,1
29,2,0,0,1815,11,109622,0,5,20.0,0,0
88,3,4,0,1532,294,0,1,0,79.59183673,0,1
57,2,0,0,6342,598,294,0,5,100.0,0,0
33,2,0,0,3526,127,0,0,0,0.0,0,1
62,2,1,0,2818,104,0,1,0,100.0,3,1
27,2,0,0,9394,101,6896,0,6,100.0,0,0
56,5,1,0,5615,228,0,1,5,0.0,2,1
40,3,0,0,1338,122,22211,0,6,100.0,0,1
73,3,1,0,7590,3002,635,1,5,78.57142857,0,0
28,2,1,0,6465,110,10307170,0,3,0.0,0,0
39,2,0,0,-1,309,0,1,0,100.0,1,1
26,2,0,0,1380,81,459976,0,3,100.0,0,0
44,4,0,0,9336,0,199475,0,4,80.0,0,0
99,1,0,0,217,149,0,1,0,100.0,0,1
47,2,0,0,4180,0,0,1,0,87.5,0,1
50,3,0,0,5309,3456,37739,0,5,25.0,0,0
45,1,0,0,-1,262,3864418,1,4,100.0,1,1
30,2,0,0,4799,315,1616591,0,2,81.81818182,0,0
81,2,7,0,4866,247,1432099,1,5,85.71428571,0,0
24,2,0,0,4593,155,1248266,0,3,100.0,0,0
84,6,0,0,8973,1252,67603,1,6,87.5,1,0
30,2,1,0,-1,362,0,0,0,4.761904762,0,0
82,3,6,0,11048,276,546,0,6,90.0,0,0
67,3,3,0,8584,183,0,1,2,50.0,1,1
32,2,0,0,8969,161,211482,0,5,71.42857143,0,0
35,2,0,0,5380,1560,7696,1,6,0.0,0,0
69,1,1,0,3259,29,0,1,2,100.0,0,1
57,4,0,0,3023,264,0,1,1,20.0,3,1
105,2,0,0,5963,246,0,1,0,100.0,0,1
127,2,3,0,8019,381,0,1,4,7.692307692000001,1,1
22,1,0,0,2799,128,1263403,0,3,91.30434783,0,0
27,2,0,0,5160,1048,0,0,8,100.0,0,0
82,5,1,1,-1,0,0,1,0,0.0,1,1
27,2,0,0,1632,194,0,0,2,0.0,0,0
67,2,4,0,3993,755,0,1,3,100.0,0,0
25,2,0,0,8236,165,263590,0,2,93.75,0,0
22,2,0,0,-1,0,0,0,3,100.0,0,0
49,2,2,0,6807,132,0,0,4,14.28571429,0,0
64,6,0,0,4025,360,91922,1,3,0.0,0,0
30,2,0,0,7298,371,0,0,5,23.52941176,0,0
43,3,2,0,1675,151,70853,0,4,86.11111111,0,1
68,5,0,1,5627,217,9424969,1,5,0.0,0,1
32,2,0,0,-1,564,0,1,2,100.0,0,1
21,2,0,0,-1,0,165559,0,3,100.0,0,0
68,2,5,0,2527,394,3090921,0,2,87.5,0,0
24,2,0,0,-1,0,80476,0,1,0.0,0,1
50,3,0,0,3139,149,0,1,3,95.91836735,0,1
67,3,0,0,284,82,0,1,0,0.0,0,1
24,2,1,0,2181,10,1260885,0,2,88.88888889,0,0
63,2,0,0,4212,170,0,1,0,0.0,0,1
24,2,0,0,-1,0,192053,0,5,0.0,0,0
45,2,0,0,6673,632,6923,0,5,64.70588235,0,0
43,2,0,0,-1,372,0,1,0,0.0,0,1
39,4,0,0,5626,218,0,1,5,0.0,1,1
50,3,0,0,10316,277,3494,0,7,83.01886792,0,0
92,5,0,0,1534,292,0,1,0,0.0,1,1
24,1,1,0,1,364,0,1,0,100.0,0,1
48,2,1,0,1762,429,0,0,0,75.0,0,1
70,3,0,0,82,283,9795924,1,0,81.81818182,1,1
168,2,1,0,1838,11,0,1,1,0.0,2,1
34,2,0,0,515,216,1923676,1,2,0.0,0,1
60,3,2,0,-1,0,0,1,0,50.0,0,1
28,1,0,0,1152,1038,66834,1,4,66.66666667,0,0
43,3,0,0,6863,221,2044997,0,3,100.0,1,0
51,4,0,0,7473,197,0,1,4,88.88888889,0,1
131,1,0,0,2114,77,0,1,1,100.0,1,1
48,2,0,0,1953,2429,4365,1,3,0.0,0,1
51,2,0,0,7127,177,4279,0,8,100.0,0,0
32,3,0,0,-1,330,7138757,1,2,0.0,0,1
67,1,4,0,6304,270,8338,0,6,28.0,0,0
30,2,0,0,5810,34,0,0,2,88.23529412,0,0
74,3,1,0,3046,240,0,1,1,100.0,4,1
73,2,3,0,8899,232,145007,0,5,94.73684211,0,0
63,2,1,0,8217,182,213,0,8,88.46153846,0,0
179,3,1,0,2189,2,15873,1,5,100.0,2,1
53,3,0,0,6385,920,37834,0,5,2.702702703,0,0
91,3,0,0,5553,291,10767986,1,2,0.0,0,0
40,2,0,0,6444,3053,448374,0,4,28.57142857,0,0
43,2,0,0,7132,902,12,0,7,100.0,0,0
48,3,1,0,16,349,8051915,1,0,16.66666667,0,1
19,1,0,0,-1,86,749072,0,2,90.0,0,0
61,3,2,0,7402,498,2085,0,6,100.0,0,0
131,7,0,0,243,122,10496635,1,0,60.0,0,1
201,2,0,0,2613,308,0,1,2,33.33333333,0,1
23,2,0,0,3931,816,169549,0,4,100.0,0,0
35,1,1,0,-1,276,10090,0,6,66.66666667,0,0
39,3,0,0,6982,2,0,0,0,100.0,0,1
47,4,2,0,5616,228,0,1,5,0.0,0,1
93,3,1,1,-1,0,0,1,0,100.0,2,1
30,2,0,0,4897,946,1626642,0,3,45.45454545,0,0
69,2,4,0,5222,986,136,0,8,58.82352941,0,0
49,4,2,0,5614,230,0,1,5,0.0,0,1
26,2,0,0,4483,265,125300,0,3,20.0,0,0
49,2,1,0,6509,1892,808813,0,5,93.10344828,0,0
36,3,1,0,7056,248,2078843,1,1,100.0,0,1
58,4,2,0,5626,218,0,1,5,0.0,1,1
49,3,0,0,7297,372,0,1,5,10.0,0,1
103,2,8,0,8454,311,64256,1,5,89.47368421,0,0
26,2,0,0,-1,0,3880927,0,3,71.42857143,0,0
186,2,7,0,3556,96,0,1,1,4.081632653,0,1
131,7,0,0,4478,269,188429,1,2,83.33333333,2,1
26,1,0,0,127,238,0,1,0,0.0,0,1
74,2,0,0,3918,99,0,1,0,100.0,0,1
62,4,0,0,5170,339,2080048,1,2,10.0,1,1
60,2,1,0,9227,1831,767,1,6,90.69767442,0,0
41,2,0,0,6212,362,3111,0,5,100.0,0,0
29,2,0,0,4578,171,0,0,2,100.0,0,0
35,2,0,0,6969,2161,2519986,0,4,64.28571429,0,0
32,3,0,0,7440,230,0,0,3,66.66666667,0,0
37,2,1,0,6263,676,6627,0,6,84.61538462,0,0
66,2,2,0,7412,2795,13241,0,5,70.58823529,0,0
20,2,0,0,7188,117,2888357,1,1,0.0,0,1
112,3,1,1,4493,620,0,1,0,100.0,6,1
34,2,0,0,7447,588,0,0,8,23.80952381,0,0
38,2,0,0,6260,2505,683,0,6,61.53846154,0,0
34,2,0,0,8375,1851,1430338,0,3,37.5,0,0
58,2,2,0,3893,124,171,0,10,13.33333333,0,0
27,2,0,0,5586,257,50384,0,6,41.66666667,0,0
34,3,0,0,1830,0,0,1,1,0.0,0,1
27,2,0,0,3222,65,0,0,2,0.0,0,0
60,5,0,0,4407,341,0,1,0,0.0,0,1
43,2,2,0,8698,1993,25707,0,5,92.30769231,0,0
21,2,0,0,7767,269,7218488,0,4,0.0,0,0
67,3,0,0,2612,309,261070,1,4,100.0,0,1
89,3,0,0,8326,74,993169,0,4,100.0,1,0
49,3,1,0,5073,406,287661,1,5,0.0,0,0
61,3,0,0,7298,371,0,1,5,0.0,0,1
19,1,0,0,1638,188,0,1,0,0.0,0,1
46,2,0,0,8347,2975,1,1,10,50.0,2,1
65,2,2,0,-1,332,18370,0,6,57.14285714,0,0
41,2,0,0,7129,905,12,0,7,100.0,0,0
57,2,0,0,6717,222,252556,0,5,92.30769231,1,0
55,1,0,0,536,194,0,1,0,60.0,0,1
82,4,0,1,148,217,0,1,0,71.42857143,0,1
31,2,0,0,8813,1778,97606,0,5,95.45454545,0,0
97,3,1,0,5729,114,3192494,0,3,38.88888889,2,0
53,2,4,0,4536,213,0,0,2,66.66666667,0,0
34,3,1,0,5837,737,2112335,0,4,77.77777778,0,0
33,2,0,0,3369,648,2865212,0,4,40.0,0,0
22,1,0,0,-1,0,3514,1,9,100.0,0,1
65,2,3,0,3684,699,246183,1,4,0.0,2,1
38,1,0,0,1757,70,0,1,0,71.42857143,0,0
40,1,0,0,4070,312,5422,0,6,50.0,0,0
21,2,0,0,-1,0,1165,0,5,96.96969697,0,0
54,2,0,0,6995,1770,50763,0,5,11.76470588,0,0
31,2,0,0,-1,0,45954,0,5,18.18181818,0,0
55,2,1,0,6041,169,0,1,1,100.0,1,1
84,2,0,0,8019,381,0,1,4,9.090909091,0,1
132,4,1,0,3992,25,5697976,1,0,100.0,0,1
30,3,0,0,1,363,0,1,0,0.0,0,1
17,1,0,0,-1,0,955197,0,1,60.0,0,0
68,3,0,0,1528,298,0,1,0,100.0,1,1
31,2,1,0,-1,0,1196261,0,3,75.0,0,0
39,2,1,0,189,177,0,1,2,0.0,0,1
26,2,0,0,5158,1050,0,0,8,100.0,0,0
62,1,1,0,-1,26,0,1,0,100.0,2,1
44,2,0,0,7299,370,5258306,0,5,41.66666667,0,0
42,3,0,0,6773,0,182609,0,4,100.0,0,0
55,3,0,0,-1,0,298112,1,4,0.0,0,0
40,2,0,0,8348,2974,1,0,10,50.0,2,1
53,3,0,0,3962,55,6530861,0,3,25.0,0,0
228,2,1,0,36,329,0,1,0,0.0,5,1
37,2,0,0,1546,644,4669,1,2,0.0,0,1
259,6,0,0,31,334,0,1,0,100.0,2,1
37,4,0,0,2202,355,533532,1,1,0.0,0,1
39,2,1,0,-1,0,77586,1,1,100.0,1,1
72,2,5,0,2033,158,0,0,4,71.42857143,1,0
46,2,0,0,346,19,0,1,0,0.0,0,1
57,3,2,0,3203,84,0,1,1,3.703703704,0,0
34,2,0,0,7140,1209,0,0,3,100.0,0,0
279,3,8,0,7764,272,32,0,5,0.0,0,1
22,2,0,0,5778,65,577529,0,4,77.77777778,0,0
26,2,0,0,4441,672,81842,0,5,50.0,0,0
38,3,2,0,6509,428,2381,1,5,100.0,0,0
49,4,1,0,-1,0,0,1,1,50.0,0,1
21,2,0,0,6452,122,1067701,0,3,88.88888889,0,0
61,3,1,0,-1,0,0,0,1,100.0,2,1
30,2,0,0,1982,210,0,1,0,50.0,0,1
251,4,10,0,9338,158,21,0,5,0.0,2,1
28,3,0,0,3319,0,481781,0,3,92.30769231,0,0
29,2,0,0,4930,183,7447880,0,3,50.0,0,0
33,2,0,0,7724,2137,246,0,4,81.81818182,0,0
43,2,1,0,2130,61,17465,1,4,16.66666667,0,0
35,2,0,0,8145,985,0,0,3,92.30769231,0,0
33,2,0,0,7449,585,0,0,8,27.27272727,0,0
74,2,6,0,6699,1336,4589207,0,4,86.66666667,0,0
29,2,0,0,7530,505,4970261,0,4,84.61538462,0,0
59,2,2,0,5048,65,282,0,7,20.0,0,0
48,2,3,0,101,264,0,1,0,0.0,1,1
32,2,1,0,1193,268,160850,0,1,90.0,0,0
21,1,1,0,5499,144,0,1,0,0.0,0,1
58,2,0,0,11564,1583,375,1,6,28.57142857,0,0
100,2,4,0,5806,38,0,1,2,0.0,3,1
45,2,0,0,7298,371,0,0,5,0.0,0,0
47,4,2,0,5614,230,0,1,5,50.0,0,1
138,2,7,0,-1,-1,0,1,0,0.0,0,1
48,3,0,0,7552,849,185439,0,5,73.33333333,0,0
66,3,0,0,11555,132,609,0,7,100.0,0,0
47,2,0,0,7721,1045,1492,0,5,21.42857143,0,0
47,2,0,0,5230,248,0,1,7,95.23809524,1,1
202,2,0,0,2612,309,0,1,2,33.33333333,0,1
35,2,1,0,8431,334,567,0,7,100.0,0,0
45,3,0,0,1750,76,0,1,1,0.0,0,1
49,3,0,0,7528,873,0,1,0,100.0,4,1
34,2,0,0,-1,667,1930148,0,4,85.0,0,0
44,3,0,0,2960,327,0,1,2,0.0,0,1
19,2,0,0,8036,374,0,1,2,100.0,0,1
65,5,1,0,5615,228,0,1,5,0.0,2,1
102,2,12,0,-1,135,295578,0,4,80.76923077,0,0
30,2,0,0,530,0,0,0,3,92.0,0,0
35,2,0,0,3768,234,0,1,3,0.0,0,1
43,3,0,0,2101,91,124276,0,0,100.0,0,1
119,3,0,0,-1,3,2509075,1,0,0.0,3,1
29,2,0,0,7296,373,0,0,5,0.0,0,0
48,2,2,0,9123,373,48,1,7,45.0,0,0
20,2,0,0,7732,707,22144,0,4,100.0,0,0
60,4,3,0,5627,217,0,1,5,0.0,2,1
85,5,6,0,5466,1259,75,1,4,11.11111111,0,1
79,2,7,0,4654,95,780517,0,4,36.36363636,0,0
62,3,3,0,5102,376,44165,0,4,88.88888889,0,0
37,2,0,0,5916,292,0,1,2,100.0,0,1
28,2,1,0,7298,371,0,0,5,46.15384615,0,0
99,2,5,0,7929,1567,11068,0,5,0.0,0,0
33,1,0,0,7488,182,63,0,10,50.0,0,0
36,2,0,0,4280,102,0,0,1,92.30769231,0,0
106,2,9,0,-1,113,277466,1,5,0.0,1,0
50,2,0,0,7330,705,154708,0,4,0.0,0,1
64,2,4,0,4489,988,2889,0,5,92.85714286,0,0
299,16,0,0,-2,13,0,1,0,100.0,1,1
84,3,0,0,2974,313,1118394,1,2,66.66666667,1,1
99,2,1,0,211,155,0,1,0,100.0,3,1
42,2,0,0,6670,635,6886,0,5,64.70588235,0,0
51,2,1,0,5400,444,32887,1,5,81.39534884,0,0
68,5,1,0,2644,277,0,1,1,0.0,0,1
32,3,0,0,-1,0,414774,0,2,23.52941176,0,0
56,3,1,0,-2,75,6684,0,4,50.0,0,0
45,2,0,0,-1,0,0,1,0,56.25,2,1
45,1,0,0,4924,555,247167,0,4,75.0,0,0
59,2,0,0,2169,1484,1125607,1,4,0.0,0,1
21,2,0,0,6515,102,0,0,4,0.0,0,0
76,3,1,0,761,335,0,1,0,0.0,3,1
20,2,0,0,2091,101,0,0,3,100.0,0,0
64,2,1,0,-1,2850,12043,0,4,100.0,0,0
112,3,1,0,12376,0,3063,1,6,100.0,0,0
60,2,0,0,5086,393,53314,0,5,85.71428571,0,0
57,2,0,0,7130,904,12,0,7,100.0,0,0
47,1,3,0,5994,215,475913,0,4,100.0,0,0
31,1,2,0,-1,0,19748,1,6,92.30769231,0,1
84,3,6,0,6246,328,195180,0,4,62.5,0,0
24,2,0,0,5445,34,6496,0,5,40.0,0,0
95,2,10,0,4848,631,6082,1,5,66.66666667,0,0
123,2,3,0,9317,911,13,1,7,0.0,0,0
206,6,0,0,6360,214,186,0,6,0.0,0,1
32,2,0,0,5321,888,0,1,2,0.0,0,1
23,2,0,0,5391,87,10053,0,5,68.75,0,0
72,3,1,0,2690,0,6207267,1,2,0.0,0,1
63,3,0,0,-1,1450,266000,0,4,83.33333333,0,0
72,2,4,0,6158,1512,6546,0,4,8.333333332999999,0,0
70,3,0,0,7805,595,6377,0,5,94.73684211,0,0
43,2,1,0,8095,305,2583581,0,4,94.11764706,0,0
37,1,1,0,5294,184,0,1,2,0.0,0,1
53,2,1,0,7838,198,606,0,6,31.25,0,0
26,2,0,0,7407,992,0,1,2,100.0,0,1
20,3,0,0,-1,0,0,0,0,0.0,0,1
72,2,4,0,8519,-1,641,0,6,77.27272727,0,0
21,2,0,0,7243,426,0,0,2,0.0,0,0
62,3,3,0,5208,635,27339,0,5,66.66666667,0,0
41,3,1,0,-1,0,0,0,2,100.0,0,0
24,2,0,0,1380,80,5572480,0,2,90.0,0,0
42,2,0,0,8264,7102,0,1,6,0.0,2,1
19,2,0,0,9368,127,31833,0,6,93.33333333,0,0
47,1,0,0,41,323,0,1,3,0.0,0,0
16,1,0,0,1820,372,939835,0,4,100.0,0,0
76,1,1,0,760,336,0,1,0,0.0,3,1
46,3,1,0,933,163,249971,0,3,0.0,0,1
63,3,0,0,-1,67,6925913,0,2,0.0,0,0
43,2,0,0,8346,2976,1,1,10,0.0,2,1
21,2,0,0,7347,0,777104,0,3,0.0,0,0
87,2,5,0,8186,214,2640,0,5,42.85714286,0,0
38,2,0,0,2520,402,0,1,0,100.0,1,1
38,2,0,0,5619,224,25607,0,2,0.0,1,1
225,2,1,0,319,46,0,1,0,100.0,6,1
29,2,0,0,-1,0,48618,0,4,100.0,0,0
50,3,1,0,5995,215,4707988,0,4,50.0,0,0
22,2,0,0,7618,52,1990852,0,2,47.82608696,0,0
89,2,0,0,461,270,0,1,0,0.0,1,1
46,3,0,0,5310,3455,38610,0,5,28.57142857,0,0
46,2,0,0,2344,213,233673,1,2,57.14285714,0,0
58,1,4,0,3247,40,436389,0,4,80.0,0,0
177,3,1,0,-1,238,7576349,1,0,0.0,0,1
31,2,0,0,1808,2942,3467541,0,3,54.54545455,0,0
34,2,1,0,2837,84,0,0,2,0.0,0,1
32,3,0,0,-1,0,1801352,0,4,72.72727273,0,0
70,3,6,0,1423,0,0,1,0,44.44444444,1,1
60,4,3,0,5615,228,0,1,5,0.0,3,1
76,3,1,0,7409,260,4044493,0,2,0.0,0,1
45,2,0,0,3905,842,2659436,0,3,100.0,0,0
36,2,2,0,2837,84,0,1,2,0.0,0,1
29,1,1,0,3448,205,0,1,1,0.0,0,1
19,2,0,0,-1,0,202287,0,1,100.0,0,0
154,6,4,1,5660,184,6032,1,6,0.0,0,1
35,2,0,0,7449,585,0,0,8,64.0,0,0
44,2,0,0,596,135,411219,0,1,88.88888889,0,1
40,2,1,0,74,290,0,1,0,0.0,0,1
36,2,0,0,1899,292,507771,1,1,94.91525424,2,1
39,2,0,0,8079,321,101628,0,5,92.30769231,1,0
100,4,1,1,5758,86,0,1,1,100.0,4,1
21,2,0,0,6980,1061,3698321,0,1,0.0,0,0
43,2,0,0,6258,2508,689,0,6,61.53846154,0,0
57,2,0,0,3850,533,1225017,1,3,93.33333333,0,0
121,2,14,0,4061,321,99,0,5,16.66666667,0,0
23,2,0,0,1564,262,1352976,0,2,100.0,0,0
45,2,0,0,-1,0,5076,0,6,100.0,0,0
41,4,2,0,49,0,0,1,0,0.0,0,1
46,2,1,0,3090,217,0,0,3,100.0,0,0
67,3,1,0,1113,348,0,1,0,100.0,2,1
33,3,0,0,-1,0,1279737,0,3,6.666666667,0,0
51,3,2,0,3233,420,0,1,0,0.0,0,1
47,2,5,0,4146,237,2131645,0,3,42.85714286,0,0
25,1,0,0,2122,69,124192,1,6,4.761904762,0,1
19,2,0,0,4644,0,35576,0,4,100.0,0,0
55,3,1,0,-1,0,9075,0,6,100.0,0,0
58,2,0,1,-1,222,0,1,1,100.0,0,1
65,3,4,0,6493,1176,7329,1,5,50.0,0,0
23,2,0,0,1937,255,114231,0,4,11.76470588,0,0
41,2,0,0,4822,292,209887,1,4,100.0,0,0
48,3,0,0,6556,2940,0,1,2,0.0,0,1
38,2,1,0,7900,500,141805,0,5,86.66666667,0,0
20,1,0,0,-1,0,207173,0,2,50.0,0,0
57,1,0,0,3153,134,0,1,3,0.0,0,1
35,2,0,0,6208,366,0,0,1,66.66666667,0,0
25,2,0,0,8892,240,174422,0,4,84.21052632,0,0
84,2,10,0,5133,346,1315,0,7,18.75,1,0
39,1,0,0,-1,777,752492,0,4,80.0,0,0
47,2,3,0,298,0,0,1,3,10.0,0,0
27,1,0,0,4454,294,0,1,1,0.0,0,1
73,1,1,0,2965,321,0,1,0,100.0,0,1
16,1,0,0,-1,0,957184,0,2,0.0,0,0
50,3,0,0,-1,0,0,1,0,100.0,0,1
51,2,1,0,3403,249,0,1,1,100.0,2,1
29,1,0,0,-1,266,0,1,0,0.0,0,1
41,2,0,0,6349,956,0,0,3,100.0,0,1
64,2,4,0,4194,554,536277,0,3,62.5,0,0
34,2,0,0,4168,1309,581435,0,4,71.42857143,0,0
51,1,0,0,4312,110,0,1,2,0.0,0,1
25,2,0,0,3981,766,719927,0,4,40.0,0,0
28,2,0,0,2071,121,7928061,0,1,100.0,0,0
66,2,0,0,3489,164,0,1,0,100.0,0,1
113,2,3,0,8347,2974,1,1,10,37.5,1,1
19,2,0,0,2632,1020,9778902,0,3,100.0,0,0
35,2,0,0,3206,82,379479,0,1,13.33333333,0,0
23,2,0,0,6220,1084,0,0,4,1.369863014,0,0
29,1,0,0,7489,181,63,0,10,50.0,0,0
55,2,0,0,1734,92,0,1,3,90.0,1,1
26,2,1,0,560,170,1647264,1,2,0.0,0,1
30,2,0,0,7296,373,0,1,5,0.0,0,1
47,2,1,0,9204,294,688,0,6,90.47619048,0,0
39,2,0,0,5635,208,2,0,10,56.0,0,0
28,1,0,0,1985,206,2350712,0,2,55.55555556,0,0
50,2,4,0,5626,217,0,1,5,50.0,0,1
54,3,0,0,768,328,1037324,1,2,46.15384615,2,1
70,3,0,0,5736,2298,30597,0,5,0.0,0,0
44,3,0,0,7158,148,2294,1,3,86.66666667,0,0
51,2,2,0,7872,164,1453,0,5,14.28571429,0,0
97,3,8,0,8905,2417,76638,0,4,100.0,0,0
132,5,5,0,5670,174,5824,1,6,0.0,0,1
67,2,6,0,4848,631,6082,0,5,66.66666667,0,0
25,1,0,0,-1,0,0,0,1,62.5,0,0
73,5,3,0,5616,228,0,1,5,0.0,1,1
18,2,0,0,-1,486,0,0,0,90.90909091,0,1
59,2,0,0,7132,903,12,0,7,100.0,0,0
55,3,0,0,3668,349,6075200,1,2,0.0,1,1
35,2,1,0,1601,224,0,0,0,97.61904762,0,1
81,2,0,0,534,196,7375648,1,1,0.0,0,1
33,2,1,0,-1,0,0,1,2,95.0,0,0
79,2,3,0,5675,168,1482456,0,4,25.0,0,0
19,2,0,0,-1,535,0,0,2,100.0,0,0
131,2,4,0,7440,594,458473,1,3,100.0,0,1
122,2,14,0,8759,2884,2416,0,7,78.26086957,0,0
76,4,6,0,-1,568,0,1,2,100.0,0,0
61,3,1,0,7644,26,3871327,1,5,0.0,1,0
476,24,0,1,-1,0,0,1,0,0.0,3,1
76,2,0,0,6212,362,3128,0,5,100.0,0,0
55,2,0,0,2877,44,0,1,2,0.0,1,1
17,1,0,0,8453,1408,57889,0,5,0.0,0,0
84,2,0,0,8348,2974,1,1,10,0.0,1,1
129,2,1,0,8019,381,0,1,4,7.692307692000001,0,1
35,2,0,0,3751,1728,0,0,2,100.0,0,1
69,2,10,0,7419,1346,285,0,7,0.0,0,0
54,4,2,0,683,0,0,1,0,0.0,0,1
28,2,0,0,-1,225,0,1,0,0.0,0,1
98,8,1,0,8412,375,0,1,2,0.0,0,1
28,1,0,0,6752,3110,2307,1,8,100.0,0,1
76,1,0,0,-1,-1,0,1,0,0.0,0,1
73,3,3,0,3388,265,0,1,2,0.0,2,1
108,8,2,0,7397,272,2503496,1,3,100.0,1,1
75,3,5,0,6346,959,0,1,3,0.0,0,1
36,2,0,0,5667,176,813659,1,4,88.46153846,0,0
35,2,0,0,2356,566,0,0,2,0.0,0,0
49,2,1,0,4826,288,203194,1,4,100.0,0,0
25,1,0,0,920,0,11781,1,6,91.66666667,0,1
58,2,3,0,2792,129,604753,0,4,91.66666667,0,0
29,2,0,0,7812,224,0,1,0,0.0,0,1
40,3,0,0,-1,0,332453,0,4,100.0,0,0
52,3,3,0,5219,260,720815,0,4,50.0,0,0
67,2,3,0,4009,1834,320261,1,4,75.0,0,0
29,2,0,0,8996,500,2132314,0,2,65.0,0,0
57,3,0,0,7988,3032,24244,0,4,40.0,0,0
19,2,0,0,-2,306,0,0,0,100.0,0,1
30,2,0,0,-2,465,40209,0,5,25.0,1,0
21,2,0,0,4012,2197,83296,0,3,0.0,0,0
42,3,0,0,6775,0,182793,0,4,100.0,0,0
77,3,3,0,7354,316,303835,1,4,100.0,0,0
51,3,0,0,6245,329,0,1,0,0.0,1,1
74,4,1,0,5159,1049,115,1,8,0.0,0,0
72,2,3,0,5151,328,0,1,2,0.0,4,1
28,1,0,0,895,0,0,1,0,0.0,0,1
43,2,0,0,5704,139,4445,0,5,33.33333333,0,0
45,2,0,0,1953,2430,4365,1,3,0.0,0,1
33,2,0,0,5160,1048,0,1,8,100.0,0,0
36,1,2,0,1220,251,0,1,2,0.0,2,1
22,2,0,0,8495,272,2675001,0,5,100.0,0,0
76,5,4,0,5304,175,4171,0,5,88.23529412,0,0
74,3,0,0,4481,266,2174782,0,4,71.42857143,0,0
57,3,2,0,1547,644,4639,1,2,66.66666667,1,1
89,2,7,0,3248,404,72672,0,2,33.33333333,0,0
65,4,0,0,11557,129,610,0,7,100.0,0,0
29,2,0,0,-1,626,8065044,0,3,85.71428571,0,0
36,2,0,0,7297,372,183260,0,5,46.15384615,0,0
97,2,6,0,9071,1885,15082,0,5,100.0,0,0
46,2,0,0,372,1455,10480281,1,0,0.0,0,1
57,2,0,0,7133,902,12,0,7,100.0,0,0
81,2,1,0,8034,2,0,1,4,11.18421053,2,1
71,2,4,0,5226,982,138,0,8,58.82352941,0,0
31,2,0,0,9007,854,7971,0,7,100.0,0,0
25,2,0,0,7412,282,1561104,1,2,0.0,0,1
26,2,0,0,6156,53,332823,0,1,100.0,0,1
25,2,0,0,1435,25,4016663,0,2,14.28571429,0,0
26,2,0,0,3930,817,1029072,0,3,66.66666667,0,0
56,3,1,0,7230,75,54048,0,5,85.71428571,0,0
21,2,0,0,5621,588,1650338,0,4,92.30769231,0,0
63,2,0,0,5783,61,50436,1,4,0.0,0,1
155,3,2,0,5882,1423,64114,1,5,31.57894737,1,0
96,2,4,0,8348,2974,1,1,10,66.66666667,0,1
44,2,0,0,466,264,0,0,0,100.0,0,1
26,2,0,0,9047,88,309856,0,5,92.30769231,0,0
64,2,1,0,4562,187,0,1,0,0.0,1,1
154,2,2,0,8019,381,0,1,4,7.692307692000001,0,1
29,2,0,0,3071,2043,0,0,0,100.0,0,0
48,3,1,0,4520,228,0,1,1,0.0,3,1
45,3,0,0,9715,0,13782,0,5,0.0,1,0
33,2,0,0,-1,372,0,1,0,0.0,0,1
34,3,0,0,7494,542,355773,0,5,100.0,0,0
29,2,0,0,3593,73,8552690,1,0,0.0,0,1
86,3,2,0,1601,224,0,1,0,100.0,2,1
23,2,0,0,7440,230,1120475,0,4,100.0,0,0
62,2,1,0,8348,2974,1,0,10,0.0,2,1
24,2,0,0,4250,132,56188,0,4,100.0,0,0
115,3,4,0,2211,20,0,1,0,0.0,0,1
259,6,0,0,31,333,0,1,0,100.0,0,1
29,2,0,0,3798,220,2373127,0,3,80.0,0,0
131,3,1,0,1617,210,11992,1,4,23.07692308,0,1
36,2,1,0,592,139,764621,1,2,0.0,0,1
56,5,0,0,-1,302,0,1,0,70.0,1,1
84,2,6,0,4443,1766,22498,0,5,40.0,0,0
51,3,0,0,1083,13,0,1,0,100.0,0,1
23,2,0,0,4162,220,951195,0,2,95.0,0,0
79,3,1,0,759,336,0,1,0,100.0,3,1
29,2,0,0,7530,1236,5258969,0,2,100.0,0,0
28,2,2,0,1737,89,291674,0,1,74.19354839,0,0
52,3,0,0,5404,75,3318531,0,3,0.0,0,0
43,2,0,0,3724,1755,0,0,2,0.0,0,0
25,2,0,0,2485,71,2648440,0,1,11.42857143,0,0
39,1,2,0,33,331,0,1,0,0.0,0,1
49,3,0,0,6712,2784,24846,0,5,100.0,0,0
44,3,1,0,6841,98,626901,0,5,25.0,0,0
67,1,1,0,2996,290,0,1,0,15.78947368,3,1
28,2,0,0,-1,0,81970,0,1,0.0,0,1
45,3,0,0,5279,2755,0,1,2,0.0,1,1
19,1,0,0,95,269,0,0,0,100.0,0,1
20,1,0,0,819,0,0,0,4,40.0,0,0
64,2,0,0,5591,253,6966,0,5,0.0,0,0
48,3,0,0,3126,162,7603384,1,3,100.0,1,1
44,3,1,0,-1,0,0,0,0,0.0,1,1
25,3,0,0,7827,209,386,1,6,21.73913043,0,1
29,1,0,0,3183,105,0,1,0,75.0,0,1
50,2,0,0,7133,901,12,0,7,100.0,0,0
56,2,2,0,1387,0,0,1,0,0.0,0,1
145,3,1,0,-1,84,0,1,0,100.0,1,1
48,3,0,0,2827,94,0,1,0,72.72727273,0,1
37,1,0,0,-1,69,0,1,0,100.0,0,1
48,2,1,0,3473,180,179737,0,4,63.63636364,0,0
40,2,0,0,8647,118,107,0,5,80.48780488,0,0
46,2,3,0,5002,111,0,0,5,83.33333333,0,0
29,3,0,0,8658,838,2185334,0,4,95.0,0,0
117,3,0,0,2061,131,0,1,2,83.33333333,3,1
34,2,1,0,5636,207,10011393,0,5,100.0,1,0
26,2,0,0,2587,334,107898,0,4,100.0,0,0
45,2,0,0,12710,0,1115,0,6,0.0,0,0
57,3,1,0,7268,402,81918,1,4,57.14285714,0,0
49,3,0,0,3555,97,0,1,2,0.0,0,1
36,2,0,0,5125,1084,18864,0,5,78.94736842,0,0
45,1,0,0,1245,581,0,1,1,100.0,0,1
63,3,4,0,149,217,0,1,0,100.0,0,1
21,1,0,0,7744,0,180047,0,5,100.0,0,0
23,2,0,0,5230,248,12328,0,5,100.0,0,0
31,1,0,0,3638,15,758502,0,1,100.0,0,0
278,3,0,0,7905,819,155,1,7,0.0,0,1
39,2,0,0,962,863,35955,1,2,100.0,0,1
45,2,2,0,9530,331,39989,1,5,100.0,0,0
73,1,0,0,7148,204,0,1,1,86.20689655,4,1
63,2,2,0,-1,260,1588154,1,2,26.66666667,0,0
54,2,0,0,-1,-1,47895,1,2,0.0,0,1
63,2,2,0,9117,378,150940,0,5,25.0,0,0
61,4,0,0,5643,0,0,1,1,100.0,0,1
19,2,0,0,2165,392,868835,0,3,0.0,0,0
83,4,4,0,5161,1047,114,1,8,0.0,0,0
142,3,1,0,627,469,2110939,0,0,100.0,0,1
59,2,2,0,3482,171,1212036,0,4,100.0,0,0
32,2,0,0,7297,372,0,0,5,25.0,0,0
46,3,0,0,-1,0,8828,0,5,89.47368421,1,0
89,2,3,0,2500,57,0,1,2,100.0,3,1
65,3,1,1,-1,0,0,1,0,50.0,0,1
33,2,0,0,-1,0,0,0,2,89.65517241,0,0
24,2,0,0,2,363,0,1,0,100.0,0,1
16,1,0,0,-1,0,774801,0,2,100.0,0,0
37,2,0,0,7298,372,3507098,0,5,8.333333332999999,0,0
40,1,0,0,2387,170,557472,0,2,100.0,0,0
26,2,0,0,-1,0,1770667,0,2,19.23076923,0,0
22,1,1,0,1737,0,141484,0,3,75.0,1,0
32,2,0,0,5894,2506,35,0,10,100.0,0,0
46,2,0,0,6259,2506,683,0,6,61.53846154,0,0
49,1,2,0,8233,167,7093,0,5,50.0,0,0
44,3,0,0,5959,250,37967,0,5,100.0,1,0
119,18,0,0,1834,358,0,1,0,100.0,0,1
77,2,1,0,-1,0,0,1,0,0.0,4,1
33,3,1,0,5,359,0,1,0,100.0,0,1
36,2,0,0,6433,506,625,0,5,100.0,0,0
27,2,0,0,854,972,6847947,1,0,75.0,0,1
26,2,0,0,3828,189,550873,0,2,75.0,0,0
42,3,0,0,2532,2216,514430,1,0,100.0,1,1
40,1,1,0,-1,2304,411426,0,2,60.0,0,0
79,2,5,0,3857,891,221138,0,5,72.72727273,0,0
99,2,1,0,8347,2974,1,1,10,33.33333333,2,1
58,2,0,0,7296,373,0,1,5,0.0,0,1
55,4,0,0,7110,194,5533318,1,3,0.0,0,1
67,2,2,0,10607,349,6992,1,6,82.35294118,0,0
56,2,0,0,1748,79,0,1,3,90.0,1,1
40,1,0,0,1975,217,0,1,0,0.0,0,1
115,3,0,0,5556,288,0,1,0,80.76923077,4,1
39,2,0,0,8917,581,1358,0,7,88.46153846,0,0
49,2,0,0,4916,2023,19476,0,5,100.0,0,0
73,4,0,0,1837,354,0,1,0,100.0,0,1
43,2,1,0,-1,569,10504747,0,0,0.0,1,1
27,2,0,0,-1,2154,59571,0,5,64.28571429,0,0
54,2,1,0,9427,69,166,0,7,35.0,0,0
33,1,0,0,96,269,0,1,0,60.0,0,1
39,2,0,0,7132,903,12,0,7,100.0,0,0
69,2,1,0,783,313,0,1,1,100.0,5,1
57,3,0,0,-1,343,109880,0,4,100.0,0,0
52,4,3,0,5627,217,0,1,5,0.0,0,1
35,3,2,0,-1,0,956800,0,3,13.33333333,0,0
29,2,0,0,-1,0,138308,0,3,88.57142857,0,0
64,5,3,0,5615,228,0,1,5,0.0,3,1
26,2,0,0,5091,387,350385,0,4,75.0,0,0
42,3,0,0,6006,188,0,1,0,86.36363636,2,1
98,4,0,0,-1,0,11808,1,6,0.0,0,0
33,2,0,0,7298,371,0,0,5,46.15384615,0,0
141,2,1,0,8019,381,0,1,4,0.0,0,1
120,2,6,0,5738,1201,8550,0,6,75.0,0,0
48,2,2,0,2429,128,9900817,1,1,0.0,1,1
40,2,0,0,5555,289,0,1,1,0.0,2,1
34,3,0,0,4788,325,102168,0,5,0.0,0,0
44,2,3,0,8701,1159,309,0,6,40.0,0,0
18,2,0,0,5592,252,0,0,2,100.0,0,0
26,2,0,0,5232,246,784264,0,7,93.33333333,0,0
62,2,1,0,-2,331,0,1,0,0.0,3,1
44,3,1,0,-1,0,0,1,1,50.0,0,1
33,2,1,0,5778,3352,60032,0,4,85.71428571,0,0
38,2,0,0,6381,0,0,1,3,0.0,0,1
120,3,6,0,12124,661,1004,1,7,100.0,0,0
77,2,2,0,213,153,0,1,0,77.77777778,0,1
39,2,0,0,168,198,0,1,0,0.0,0,1
56,1,0,0,100,265,0,1,0,60.0,0,1
41,2,1,0,9094,37,30761,0,5,13.23529412,0,0
96,2,3,0,3566,86,0,0,1,0.0,0,1
81,1,7,0,3366,286,219637,0,5,50.0,0,0
41,2,0,0,3916,102,0,1,0,0.0,0,1
28,2,0,0,1186,0,0,1,0,0.0,0,1
79,5,0,1,5627,217,0,1,5,0.0,0,1
436,2,2,0,1163,298,0,1,0,0.0,0,1
46,3,1,0,1015,80,1196152,1,2,0.0,0,1
50,2,1,0,7586,449,988,0,5,100.0,0,0
83,2,1,0,-1,277,0,1,0,100.0,0,1
46,1,1,0,2130,61,4159076,1,0,20.0,3,1
44,3,0,0,1546,645,4669,1,2,15.78947368,1,1
155,2,0,0,3744,274,0,1,2,40.0,0,1
42,2,0,0,21,344,0,1,0,100.0,0,1
22,2,0,0,1077,19,0,1,0,94.11764706,0,1
43,2,0,0,-1,0,0,1,1,0.0,0,1
93,4,5,0,7448,587,385,1,8,0.0,0,0
24,3,0,0,-1,59,0,1,0,0.0,0,1
52,2,0,0,2346,210,242217,1,2,57.14285714,0,0
63,3,1,0,610,121,0,1,0,0.0,0,0
47,1,0,0,2098,93,0,1,2,0.0,0,1
36,3,0,0,7688,347,0,1,1,0.0,0,1
55,4,0,0,5616,227,0,1,5,0.0,0,1
25,2,0,0,5250,228,2040,0,6,50.0,0,0
54,3,0,0,-1,0,0,1,0,0.0,0,1
40,2,0,0,9185,311,316,0,5,90.47619048,0,0
45,2,0,0,9635,227,148,0,7,0.0,0,0
47,3,3,0,5584,259,0,0,5,41.66666667,0,0
71,5,2,1,5627,217,0,1,5,0.0,0,1
38,2,0,0,6083,1222,0,1,1,0.0,0,1
21,2,0,0,8989,1426,3198,0,6,1.960784314,0,0
146,2,19,0,1,363,0,1,0,100.0,0,1
37,2,0,0,6258,317,0,1,0,0.0,0,1
69,4,0,0,8142,282,704437,0,3,0.0,0,0
57,4,0,0,5616,227,0,1,5,0.0,0,1
29,2,0,0,-1,871,2886298,0,2,77.27272727,0,0
52,3,1,0,2528,393,7945,1,2,100.0,0,1
34,2,1,0,8332,68,64636,0,5,45.0,0,0
17,1,0,0,1175,286,0,0,0,46.15384615,0,0
132,2,1,0,8019,381,0,1,4,7.692307692000001,1,1
28,2,0,0,1509,316,689668,0,3,100.0,0,0
48,2,0,0,9647,216,10385,0,5,100.0,0,0
55,3,2,0,8181,584,178077,1,4,62.5,0,0
45,2,0,0,-1,271,8262038,0,2,0.0,1,1
26,1,0,0,-1,0,3523,0,9,100.0,0,1
32,2,0,0,5160,1048,0,0,8,66.66666667,0,0
56,3,1,0,5667,177,421805,1,5,100.0,0,0
48,2,0,0,6670,635,6844,1,5,64.70588235,0,0
56,2,2,0,6890,779,47859,1,4,100.0,0,0
37,2,1,0,-1,0,0,1,0,0.0,0,1
50,2,1,0,2132,60,17515,0,4,16.66666667,0,0
17,1,0,0,7557,0,3203037,0,3,57.14285714,0,0
127,1,2,0,1589,238,0,1,0,1.960784314,6,1
34,3,0,0,8018,17,0,0,2,0.0,0,0
67,3,0,0,7042,2820,17045,0,6,0.0,0,0
265,3,0,0,7083,952,17964,1,3,0.0,0,1
39,3,0,0,3588,64,2605178,0,3,100.0,0,0
33,3,0,0,-1,287,33164,1,4,92.5,0,0
162,1,2,0,5521,322,0,1,0,100.0,2,1
78,2,6,0,4012,370,659864,0,5,40.0,0,0
66,3,2,0,847,248,0,1,2,66.66666667,0,0
108,3,0,0,5035,70,0,1,2,100.0,0,1
25,2,0,0,7090,215,354959,0,3,54.16666667,0,0
28,2,1,0,561,169,0,1,2,0.0,0,1
47,1,0,0,5302,541,0,1,0,0.0,0,1
33,1,1,0,4618,130,0,0,0,83.33333333,0,1
46,2,0,0,3153,134,0,1,0,0.0,0,1
106,2,2,0,1484,341,0,1,0,71.42857143,1,1
62,2,0,0,2344,212,237648,1,2,57.14285714,0,0
32,2,0,0,8649,1576,307419,0,4,100.0,0,0
55,2,2,0,4429,1414,117153,0,5,66.66666667,0,0
39,2,2,0,819,276,0,1,2,100.0,0,1
56,2,0,0,5850,359,0,1,0,0.0,0,1
52,1,0,0,3153,134,0,1,3,0.0,0,1
44,2,0,0,7132,902,12,0,7,100.0,0,0
130,3,5,0,12123,661,1004,0,7,100.0,0,0
22,2,0,0,-1,2373,2123468,0,3,94.28571429,0,0
23,2,0,0,3354,298,5153824,0,2,100.0,0,0
49,2,0,0,-1,254,1260839,1,3,0.0,0,0
58,2,0,0,194,172,0,1,0,75.0,0,1
81,7,0,0,-1,0,43886,0,3,0.0,1,0
22,2,0,0,6190,385,499717,0,3,70.0,0,0
42,3,0,0,4566,548,523503,1,3,0.0,1,1
75,2,5,0,1825,1,900824,0,0,36.0,0,0
71,2,7,0,3482,171,3856,0,5,100.0,0,0
26,2,0,0,4141,0,477388,0,4,7.692307692000001,0,0
276,3,1,0,8018,382,0,1,4,16.66666667,0,1
57,3,0,0,5957,251,25323,0,5,0.0,0,0
36,3,0,0,-1,0,0,1,0,100.0,0,1
95,3,5,0,8444,331,7622,0,6,100.0,0,0
22,1,0,0,-1,0,3523,0,9,66.66666667,0,1
21,1,0,0,363,3,0,0,0,85.71428571,0,1
25,2,0,0,4185,1658,3911,0,5,100.0,0,0
42,3,0,0,-1,285,4587375,1,0,0.0,0,1
34,2,0,0,6720,1680,34321,0,5,77.77777778,0,0
35,2,0,0,6321,984,64759,0,5,80.95238095,0,0
35,2,0,0,4633,481,8237707,1,0,0.0,0,1
24,3,0,0,-1,160,1603,0,5,83.33333333,0,0
25,2,0,0,-1,150,1923382,0,4,0.0,0,0
36,2,0,0,4933,545,0,1,0,0.0,0,1
46,2,0,0,3297,355,0,1,1,0.0,0,1
24,2,0,0,-1,-1,48168,0,5,85.71428571,0,0
46,3,0,0,7458,2038,73208,0,5,73.68421053,0,0
78,6,3,0,12029,0,19621,1,4,0.0,0,0
100,3,9,0,4299,448,17843,0,5,71.42857143,0,0
29,3,0,0,-1,-1,481871,0,2,60.0,0,0
64,2,3,0,-1,3082,13622,0,5,83.33333333,0,0
34,2,1,0,8619,146,903,1,7,61.9047619,0,0
30,3,0,0,812,283,0,1,0,0.0,0,1
48,2,2,0,9285,578,1132,0,6,75.0,0,0
56,2,0,0,3310,343,0,1,0,0.0,0,1
74,2,6,0,3380,272,0,0,2,100.0,0,0
72,1,0,0,7681,355,166058,0,4,0.0,0,1
30,1,0,0,2959,328,0,0,2,57.14285714,0,0
26,2,0,0,4622,126,1199841,0,4,100.0,0,0
83,2,9,0,-1,136,718,0,7,88.88888889,0,0
130,3,9,0,-1,54,1170353,0,3,60.0,0,0
32,1,1,0,6753,3109,2305,1,8,100.0,0,1
25,3,0,0,-1,645,0,0,2,0.0,0,0
32,2,0,0,8638,52,17601,0,5,100.0,0,0
51,1,1,0,1709,118,1940758,1,3,80.0,2,1
30,2,1,0,72,292,0,1,0,0.0,0,1
58,3,0,0,7523,513,10631,0,5,30.76923077,0,0
46,2,0,0,0,364,0,1,0,100.0,0,1
22,2,1,0,6737,202,85914,1,4,0.0,0,1
48,2,1,0,4826,288,203194,1,4,100.0,0,0
52,3,1,2,-1,0,0,1,2,12.5,0,1
51,2,0,0,4487,261,0,1,3,11.76470588,0,1
45,2,2,0,3473,180,0,1,0,0.0,1,1
46,3,0,0,6678,627,78526,0,5,73.91304348,0,1
38,2,0,0,4460,287,0,1,2,0.0,0,1
61,2,2,0,8032,368,79696,1,6,58.82352941,0,0
59,2,1,0,-1,0,0,1,1,0.0,3,1
32,2,0,0,5363,1210,6972622,0,4,100.0,0,0
53,2,0,0,-1,1133,319428,1,2,0.0,0,1
45,2,0,0,8515,2809,8,0,10,21.05263158,0,0
34,2,0,0,-1,178,0,1,0,73.33333333,0,1
34,3,0,0,256,109,0,0,0,0.0,1,1
36,5,0,0,4203,1275,0,1,2,75.0,0,1
41,2,0,0,6606,333,908,1,5,87.09677419,0,1
41,2,0,0,1630,197,0,0,2,0.0,0,1
80,3,3,0,5228,616,873645,0,3,94.54545455,0,0
38,2,1,0,-1,2648,0,1,0,100.0,2,1
403,4,2,0,798,297,0,1,0,0.0,0,1
29,2,0,0,7297,372,0,1,5,0.0,0,1
59,2,0,0,3420,232,2686266,1,0,0.0,0,1
102,1,10,0,3647,192,2175,0,5,20.0,0,0
44,5,0,0,295,71,0,1,0,0.0,0,1
43,2,0,0,4159,588,7081864,1,0,66.66666667,0,1
24,2,0,0,2424,863,58739,0,4,83.33333333,0,0
26,2,0,0,-1,0,1229192,0,5,82.35294118,0,0
30,2,0,0,3691,1788,8098260,0,3,100.0,0,0
72,2,4,0,7047,257,838996,0,5,42.85714286,0,0
31,2,0,0,1124,337,0,0,0,100.0,0,0
64,2,1,0,-1,0,0,1,0,0.0,1,1
18,2,0,0,-1,440,0,0,3,80.0,0,0
36,3,1,0,8741,388,373319,0,4,50.0,0,0
536,2,0,0,986,109,0,0,0,100.0,1,1
59,3,0,0,8983,772,7655750,1,3,0.0,0,0
57,2,0,0,6070,140,14420,0,5,32.14285714,0,0
51,3,0,0,6858,1542,660,0,6,81.81818182,0,0
49,3,0,0,5656,1283,0,1,0,33.33333333,2,1
45,4,0,0,885,210,0,1,0,0.0,0,1
46,3,1,0,8053,464,1456,0,6,87.5,0,0
25,2,0,0,5352,126,256890,0,4,100.0,0,0
58,2,3,0,4486,992,2873,1,5,92.85714286,0,0
36,2,0,0,8964,1262,70,0,8,0.0,0,0
119,2,8,0,9286,1673,153840,0,5,66.66666667,0,0
81,7,0,0,12426,0,1823,0,5,0.0,1,0
62,2,2,0,3228,60,0,1,2,0.0,4,1
44,2,0,0,7490,181,266007,0,5,0.0,0,0
132,5,5,0,5670,173,5824,1,6,0.0,0,1
101,3,0,0,1972,220,0,1,0,0.0,0,1
35,2,0,0,3890,127,173,1,10,13.79310345,0,0
42,3,0,0,-1,0,9526947,1,1,0.0,1,1
25,2,0,0,8370,1490,520663,0,4,62.5,0,0
38,2,1,0,6991,313,4524,0,5,53.84615385,0,0
61,3,1,0,6735,3491,512410,0,2,50.0,0,1
42,2,0,0,-1,0,2488533,1,2,85.0,0,1
27,2,0,0,7087,241,2443586,0,4,90.27777778,0,0
45,2,1,0,-1,224,340,1,7,82.14285714,0,0
27,1,0,0,-1,302,21319,1,5,88.76404494,0,1
53,2,1,0,4019,1093,2272175,1,3,66.66666667,0,0
61,1,0,0,219,146,0,1,0,0.0,0,1
48,1,0,0,-1,0,0,1,1,0.0,1,1
36,2,0,0,5891,2508,35,0,10,100.0,0,0
57,2,0,0,8348,2974,1,0,10,0.0,2,1
41,3,1,0,25,339,0,1,0,0.0,0,1
44,2,0,0,7667,368,14275,0,5,50.0,0,0
55,5,0,0,2350,207,0,1,2,100.0,0,1
23,2,0,0,7497,1634,648147,0,3,0.0,0,1
38,2,0,0,5160,1049,0,0,8,50.0,0,0
63,7,0,0,8415,371,0,0,2,0.0,0,1
72,4,1,0,5159,1049,115,1,8,0.0,0,0
135,4,1,0,4003,15,5816617,1,0,100.0,0,1
32,4,0,0,-1,367,0,1,0,89.47368421,0,1
50,3,1,0,-1,0,0,1,0,100.0,4,1
83,3,1,0,3381,272,0,1,0,0.0,0,1
99,2,0,0,8348,2973,1,1,10,33.33333333,1,1
28,2,0,0,4633,115,3147040,0,2,50.0,0,0
56,2,2,0,10604,353,7137,1,6,77.77777778,0,0
36,1,0,0,-1,373,0,1,0,50.0,1,1
55,3,2,0,6584,720,17178,0,5,100.0,0,0
45,2,1,0,9205,293,692,0,6,90.47619048,0,0
83,2,5,0,5966,242,7295654,0,5,0.0,0,0
107,2,6,0,5967,241,155736,0,4,27.27272727,0,0
139,2,1,0,8018,382,0,1,4,0.0,1,1
67,2,4,0,5441,38,1241,0,4,70.83333333,0,0
24,3,0,0,5167,312,1374951,0,3,88.57142857,0,0
30,1,0,0,116,249,692389,1,0,0.0,0,1
29,1,0,0,-1,3164,22145,1,5,87.5,0,0
34,2,0,0,-1,0,9412550,1,2,0.0,0,1
42,2,0,0,6430,510,618,0,5,100.0,0,0
30,2,1,0,1756,69,0,1,1,33.33333333,1,1
56,2,1,0,2128,63,17377,1,4,16.66666667,0,0
30,2,0,0,7448,587,3033274,0,8,28.57142857,0,0
53,3,2,0,5011,102,33165,1,4,100.0,0,0
32,2,0,0,2037,520,539947,0,4,0.0,0,0
41,3,0,0,8148,617,12761,0,6,30.95238095,0,0
54,5,0,0,6384,189,51565,0,5,0.0,0,0
60,3,6,0,3543,109,19349,0,4,40.0,0,0
258,6,0,0,31,333,0,1,0,100.0,0,1
59,4,0,0,11046,0,13977,0,5,84.61538462,0,0
53,2,1,0,7834,202,600,0,6,29.03225806,0,0
69,2,0,0,2345,212,237648,1,2,57.14285714,0,0
32,2,0,0,7881,3442,1897,0,8,66.66666667,0,0
69,2,0,0,152,214,5008870,1,0,85.71428571,0,1
81,4,4,0,7446,588,383,0,8,0.0,0,0
27,3,0,0,-1,0,1505026,0,2,0.0,0,0
197,2,1,0,539,191,0,0,0,0.0,2,1
39,1,0,0,4665,84,36112,0,5,100.0,0,0
87,2,5,0,8113,652,24505,1,5,44.44444444,0,0
68,4,0,0,6335,239,7138741,1,2,90.0,0,1
25,2,0,0,-1,0,163647,0,4,87.09677419,0,0
22,2,1,0,61,303,0,1,0,50.0,0,1
47,1,1,0,203,163,2351744,0,1,37.5,0,1
31,1,0,0,7026,2470,150495,0,5,100.0,0,0
51,2,0,0,5902,306,0,1,1,28.57142857,2,1
49,2,0,0,-1,314,0,1,0,0.0,0,1
73,3,4,0,7463,1669,62845,0,4,57.89473684,0,0
46,3,0,0,98,266,0,1,2,0.0,0,1
47,4,0,0,1534,292,0,1,0,0.0,1,1
47,2,0,0,6074,136,14203,1,5,36.66666667,0,0
48,2,0,0,2391,165,1652,0,6,72.72727273,0,0
69,4,0,1,567,164,0,1,0,100.0,0,1
71,2,0,0,7840,1291,3993,0,5,0.0,0,0
117,7,1,0,-1,953,0,1,0,0.0,3,1
23,3,0,0,7544,127,100921,0,4,90.0,0,0
156,3,0,0,5964,245,0,1,0,100.0,1,1
27,2,0,0,6965,340,122258,0,5,50.0,0,0
23,2,0,0,6107,833,223639,0,1,57.14285714,0,0
114,2,2,0,3065,221,0,1,2,87.5,4,1
52,2,0,0,3639,13,0,1,0,100.0,0,1
36,3,0,0,6779,891,0,0,3,0.0,0,0
85,2,5,0,3973,45,6348092,1,3,0.0,0,0
53,2,1,0,1252,209,0,1,0,0.0,2,1
45,3,1,0,2418,139,0,1,0,0.0,2,1
41,3,0,0,5696,40,321,1,6,62.5,0,0
32,3,0,0,-1,314,1162166,0,1,92.30769231,0,1
43,1,0,0,330,400,0,1,0,33.33333333,0,1
51,2,0,0,8829,507,2635,0,6,89.28571429,0,0
44,3,1,0,-1,0,0,1,0,100.0,1,1
79,3,2,0,2385,171,0,1,4,85.71428571,3,1
124,2,1,0,8346,2976,1,1,10,33.33333333,1,1
27,2,1,0,7662,373,666857,0,3,50.0,0,0
31,1,0,0,1899,292,507771,1,1,94.91525424,1,1
20,1,0,0,3359,659,113222,1,6,85.71428571,0,1
67,4,0,0,8350,2972,1,0,10,66.66666667,0,0
96,3,6,0,5222,622,5322,0,6,50.0,0,0
64,2,2,0,4471,1373,265,1,4,96.0,0,1
35,2,0,0,4525,223,3115507,0,3,33.33333333,0,0
246,6,0,0,-1,170,0,1,0,0.0,0,1
33,2,0,0,3544,109,0,1,1,100.0,0,1
22,2,0,0,-1,0,0,0,2,90.90909091,0,0
62,2,0,0,3104,183,0,1,4,100.0,2,0
25,2,0,0,5776,67,197005,0,5,69.23076923,0,0
26,2,0,0,2312,245,3457080,0,4,50.0,0,0
71,2,2,0,8443,322,116298,1,5,88.88888889,0,0
45,2,0,0,4915,2024,19217,0,5,100.0,0,0
31,2,0,0,5232,246,0,1,7,95.45454545,0,0
43,2,0,0,8246,519,297223,0,4,60.0,0,0
21,2,0,0,-1,0,1014,0,7,85.71428571,0,0
27,1,0,0,-1,332,24,0,9,100.0,0,0
82,1,9,0,5797,47,1518,0,7,72.30769231,0,0
229,14,0,1,4329,1515,0,1,2,100.0,0,1
30,1,1,0,1190,271,0,0,1,77.77777778,0,1
43,2,0,0,5212,230,0,1,0,89.28571429,0,1
22,2,0,0,8287,2303,4617715,0,3,66.66666667,0,0
64,3,1,0,7264,1135,5313337,1,3,100.0,3,1
45,4,0,0,12048,0,83194,0,5,0.0,0,0
31,2,1,0,-1,0,0,0,3,100.0,0,0
113,5,1,1,4609,139,0,1,3,50.0,4,1
36,2,0,0,9203,295,688,0,6,90.47619048,0,0
34,4,0,0,2202,355,670876,1,1,0.0,0,1
24,2,0,0,3537,169,0,0,2,73.68421053,0,0
49,2,0,0,7740,296,779,0,6,93.75,0,0
23,2,0,0,3028,2539,1104748,0,3,88.23529412,0,0
73,2,7,0,5538,2131,10773,1,6,85.71428571,0,0
76,5,1,0,5670,173,881,1,6,22.22222222,0,1
24,3,0,0,-1,0,3974511,0,3,42.10526316,0,0
25,2,0,0,-1,0,55513,0,5,52.0,0,0
26,1,0,0,2916,6,0,1,2,100.0,0,1
38,2,0,0,2116,76,0,1,2,0.0,1,1
30,3,0,0,7253,53,943419,1,1,0.0,0,1
30,2,0,0,3540,113,2739659,0,2,65.38461538,0,0
43,2,0,0,-1,0,2404290,1,2,66.66666667,0,1
46,2,1,0,-1,121,0,1,0,0.0,3,1
26,2,0,0,1658,168,3124494,0,3,8.333333332999999,0,0
44,2,0,0,591,140,0,1,2,100.0,0,1
44,2,2,0,6207,1444,36636,0,5,0.0,0,0
44,3,0,0,9464,3218,137173,0,4,0.0,0,0
79,3,0,0,-1,353,1266011,1,4,0.0,1,0
160,4,1,0,-1,0,0,1,0,75.0,1,1
39,1,0,0,4473,275,0,1,0,0.0,0,1
36,2,1,0,110,254,0,0,0,0.0,0,1
37,1,0,0,4778,336,0,1,2,0.0,0,1
29,2,0,0,-1,0,83775,0,5,79.16666667,0,0
50,3,0,0,7371,298,1303460,1,5,76.92307692,0,0
36,2,1,0,-1,0,47552,1,2,40.0,0,1
42,2,0,0,6433,506,625,0,5,100.0,0,0
102,6,1,1,8756,202,0,1,2,81.81818182,3,1
43,3,0,0,9125,371,14418,0,6,91.66666667,0,0
38,2,0,0,6318,2447,33179,0,4,50.0,0,0
30,2,0,0,2661,261,0,0,2,77.77777778,0,0
70,5,2,0,5616,228,5518403,1,5,0.0,1,1
34,2,0,0,5563,1376,0,0,3,95.0,0,0
30,2,1,0,-1,0,498528,0,2,88.88888889,0,0
50,3,1,0,-1,121,0,1,0,0.0,3,1
56,2,1,0,7619,129,2205,0,5,47.36842105,0,0
52,1,1,0,2768,153,309734,0,4,37.5,0,0
62,3,1,0,372,359,0,1,0,0.0,1,1
85,2,5,0,-1,327,252047,0,4,92.59259259,0,0
22,2,0,0,1482,343,7412149,0,2,81.81818182,0,0
39,3,0,0,-1,0,541220,0,3,85.71428571,0,0
40,2,4,0,5808,766,0,0,3,50.0,0,0
120,3,1,0,1149,312,0,1,2,87.5,1,1
43,3,0,0,5224,255,1988404,0,4,81.81818182,0,0
60,2,1,0,2345,211,0,1,0,10.0,3,1
24,2,1,0,2235,321,5965203,0,0,100.0,0,0
30,2,0,0,7297,372,124241,0,5,33.33333333,0,0
62,3,1,0,2640,1012,0,1,0,0.0,3,1
31,2,0,0,5115,729,2590,0,5,75.0,0,0
129,3,2,0,-1,333,24,0,9,100.0,0,1
38,2,0,0,-1,138,492629,0,2,83.33333333,0,0
21,1,1,0,8,357,0,1,0,91.66666667,0,1
58,2,2,0,6929,376,437567,0,2,0.0,0,0
53,3,1,0,107,258,0,1,0,0.0,1,1
50,2,1,0,327,0,0,1,0,0.0,0,1
54,4,0,0,5614,230,0,1,5,0.0,0,1
72,2,6,0,5886,1418,184,0,6,88.88888889,0,0
68,4,0,0,11555,132,609,1,7,100.0,0,0
75,2,0,0,4375,0,0,1,1,0.0,0,1
137,3,6,1,-1,0,0,1,0,66.66666667,1,1
44,2,1,0,2346,210,242498,1,2,0.0,0,0
52,2,0,0,12210,210,50,1,8,100.0,0,0
41,2,3,0,2148,408,0,1,0,100.0,1,1
22,2,0,0,7892,143,258020,0,3,33.33333333,0,0
63,3,0,0,7693,342,55106,1,5,100.0,0,0
46,3,0,0,5670,173,881,1,6,0.0,0,1
40,4,0,0,12321,0,8940,0,5,0.0,0,0
47,2,0,0,8346,2976,1,1,10,0.0,2,1
31,2,1,0,7634,36,54115,0,6,74.07407407,0,1
32,4,0,0,-1,0,0,0,0,80.0,0,1
30,2,1,0,7297,372,0,0,5,9.090909091,0,0
57,2,3,0,9547,1774,7050,0,6,90.0,0,0
74,2,2,0,3011,275,364640,0,4,72.72727273,0,0
42,3,1,0,5527,1047,10984,1,5,0.0,0,0
45,2,1,0,6639,665,150593,0,5,41.17647059,0,0
25,2,0,0,8732,33,612537,0,4,60.0,0,0
52,2,3,0,4322,61,14613,1,5,31.57894737,0,0
62,2,5,0,5132,346,1310,0,7,18.75,0,0
45,2,0,0,6673,632,6957,0,5,64.70588235,0,0
27,2,1,0,-1,-1,0,0,1,96.875,0,0
78,3,4,0,6380,194,2827897,1,3,0.0,0,0
92,3,7,0,7287,382,262092,1,1,81.81818182,3,1
72,4,2,0,5616,228,0,1,5,0.0,1,1
120,2,1,0,2047,145,0,1,0,100.0,4,1
52,2,1,0,687,44,0,0,2,0.0,2,1
33,2,0,0,5232,246,234431,0,7,91.66666667,0,0
80,3,3,0,4646,1928,2792,0,6,25.0,0,0
95,1,1,0,835,261,0,1,0,0.0,3,1
48,3,0,0,8048,3479,2615,0,6,0.0,0,0
183,4,12,1,457,0,0,1,1,100.0,5,1
25,1,0,0,5554,289,926922,0,4,100.0,0,0
38,2,1,0,190,176,0,1,2,100.0,0,1
47,3,2,0,6022,188,0,1,4,27.27272727,0,0
34,2,1,0,7295,374,0,1,5,0.0,0,1
122,22,0,0,1834,358,0,1,0,100.0,0,1
32,2,0,0,5755,88,0,1,2,0.0,0,1
27,2,0,0,6689,981,186837,1,5,66.66666667,0,0
51,2,0,0,9363,497,2926,0,6,91.66666667,0,0
31,2,0,0,7621,50,56198,1,6,72.0,0,1
92,3,1,0,8919,1833,314941,1,3,0.0,0,1
53,3,2,0,6984,320,41235,0,5,87.5,0,0
98,2,0,0,8346,2976,1,0,10,0.0,1,1
33,2,0,0,7058,0,128954,0,5,100.0,0,0
53,3,0,0,7783,131,446449,0,3,0.0,0,1
49,2,0,0,-1,0,20272,0,6,97.82608696,0,0
112,2,3,0,253,113,0,1,0,100.0,2,1
50,1,0,0,4411,336,0,1,2,0.0,1,1
62,3,0,0,645,0,0,0,2,44.44444444,0,1
45,2,0,0,255,110,0,1,2,0.0,0,0
61,3,3,0,1358,102,2590708,0,3,50.0,0,0
95,4,1,1,179,187,0,0,0,66.66666667,0,1
52,2,0,0,1528,298,3830391,1,1,82.60869565,1,1
267,3,0,0,7083,952,17964,1,3,0.0,0,1
83,4,0,0,-1,137,626419,1,2,0.0,0,1
40,2,1,0,539,0,2368593,1,0,88.88888889,2,1
36,2,0,0,9200,298,685,0,6,90.47619048,0,0
46,2,0,0,195,170,0,1,1,0.0,0,1
29,2,0,0,5169,251,61692,0,5,57.57575758,0,0
30,2,1,0,-1,0,0,0,2,77.77777778,0,0
29,2,0,0,3846,172,1136540,0,2,80.0,0,0
20,2,0,0,-1,-1,0,0,3,100.0,0,0
45,2,0,0,7422,2439,206151,0,5,57.14285714,0,0
56,2,1,0,457,639,0,1,0,12.5,3,1
26,2,0,0,-1,0,0,0,2,0.0,0,0
32,2,1,0,4490,257,0,0,3,50.0,2,1
29,2,0,0,6278,661,1173100,1,3,33.33333333,0,0
30,3,0,0,-1,0,400665,0,3,92.0,0,0
50,2,0,0,7134,0,0,0,7,100.0,0,0
79,7,0,0,-1,0,0,1,0,0.0,0,1
139,2,0,0,9338,157,21,0,5,0.0,0,1
42,2,0,0,1546,644,4669,1,2,3.921568627,0,1
26,2,1,0,137,228,0,1,0,0.0,0,1
72,2,3,0,8489,1008,46313,0,4,41.17647059,0,0
137,5,3,0,-1,0,0,1,0,100.0,6,1
27,2,0,0,2732,190,124442,0,4,0.0,0,0
43,4,0,0,5075,39,0,1,2,0.0,0,1
66,3,4,0,5963,611,3698,0,6,100.0,0,0
63,3,1,0,7210,172,1378488,0,5,40.0,0,0
85,7,1,0,-1,273,0,1,0,0.0,0,1
71,1,4,0,5020,93,431805,0,4,12.5,0,0
60,2,0,0,7131,904,12,1,7,100.0,0,0
15,1,0,0,7030,0,2480108,0,2,100.0,0,0
70,3,0,0,12560,0,13756,0,6,0.0,0,0
41,2,0,0,7134,901,12,0,7,100.0,0,0
30,2,0,0,4884,230,14684,0,4,0.0,0,0
36,2,0,0,6258,2508,689,0,6,61.53846154,0,0
39,2,0,0,2215,1072,6256656,1,2,0.0,0,1
149,1,0,0,-1,0,0,1,3,100.0,0,1
34,1,1,0,2,362,0,1,0,100.0,0,1
109,2,11,0,8616,514,1422,0,6,60.0,0,0
90,4,0,0,2113,78,0,1,1,93.33333333,1,1
26,2,0,0,2712,209,353006,0,4,88.88888889,0,0
36,2,1,0,9242,256,0,0,5,16.66666667,0,1
59,2,3,0,5782,62,6254,1,5,60.0,0,0
44,2,0,0,8518,2806,8,0,10,26.66666667,0,0
87,2,1,0,2841,445,59698,1,2,100.0,0,1
65,3,1,0,-1,56,0,1,0,91.17647059,4,1
83,2,4,0,12542,1704,803,1,7,100.0,0,0
54,2,2,0,7266,404,1100,0,7,0.0,0,0
69,3,1,0,3138,150,33758,0,4,71.42857143,0,0
41,3,0,0,5596,977,0,1,0,0.0,0,1
46,3,0,0,3466,187,3050940,1,4,0.0,1,0
116,2,12,0,7449,585,0,0,8,16.66666667,0,0
117,2,1,0,2058,134,0,1,2,50.0,4,1
25,1,0,0,2778,144,788648,0,2,80.0,0,0
85,4,0,0,5186,293,10408014,1,1,100.0,0,1
62,2,0,0,8829,506,2635,1,6,89.28571429,0,0
45,2,0,0,5396,448,3980,0,6,80.0,0,0
84,5,0,1,6728,211,0,1,0,100.0,0,1
105,2,6,0,8515,2809,8,1,10,6.25,0,0
38,2,0,0,2836,85,2455493,0,4,16.66666667,0,0
477,24,0,1,-1,0,0,1,0,0.0,3,1
